#ifndef PANTON_BLACK_CAPS_HPP_INCLUDED
#define PANTON_BLACK_CAPS_HPP_INCLUDED

#include <cstddef>

inline constexpr unsigned char panton_black_caps[] = {
    0x00, 0x01, 0x00, 0x00, 0x00, 0x12, 0x01, 0x00, 0x00, 0x04, 0x00, 0x20, 0x46, 0x46, 0x54, 0x4d,
    0x71, 0x1b, 0xe3, 0x75, 0x00, 0x00, 0xa8, 0xb8, 0x00, 0x00, 0x00, 0x1c, 0x47, 0x44, 0x45, 0x46,
    0x04, 0x34, 0x03, 0x1a, 0x00, 0x00, 0x82, 0xa0, 0x00, 0x00, 0x00, 0x6e, 0x47, 0x50, 0x4f, 0x53,
    0x4b, 0x29, 0x7d, 0x27, 0x00, 0x00, 0x83, 0xa0, 0x00, 0x00, 0x25, 0x18, 0x47, 0x53, 0x55, 0x42,
    0xfc, 0x3d, 0xef, 0xce, 0x00, 0x00, 0x83, 0x10, 0x00, 0x00, 0x00, 0x8e, 0x4f, 0x53, 0x2f, 0x32,
    0x63, 0xb2, 0x7c, 0xea, 0x00, 0x00, 0x01, 0xa8, 0x00, 0x00, 0x00, 0x60, 0x63, 0x6d, 0x61, 0x70,
    0xea, 0x86, 0xc1, 0x84, 0x00, 0x00, 0x04, 0xa4, 0x00, 0x00, 0x01, 0x62, 0x63, 0x76, 0x74, 0x20,
    0x0e, 0xda, 0x36, 0xa7, 0x00, 0x00, 0x12, 0xa0, 0x00, 0x00, 0x00, 0xa2, 0x66, 0x70, 0x67, 0x6d,
    0x3f, 0xae, 0x1e, 0xa5, 0x00, 0x00, 0x06, 0x08, 0x00, 0x00, 0x0b, 0xe2, 0x67, 0x61, 0x73, 0x70,
    0x00, 0x00, 0x00, 0x10, 0x00, 0x00, 0x82, 0x98, 0x00, 0x00, 0x00, 0x08, 0x67, 0x6c, 0x79, 0x66,
    0xde, 0x70, 0x44, 0x04, 0x00, 0x00, 0x14, 0x94, 0x00, 0x00, 0x64, 0xf8, 0x68, 0x65, 0x61, 0x64,
    0x14, 0x43, 0x4c, 0x94, 0x00, 0x00, 0x01, 0x2c, 0x00, 0x00, 0x00, 0x36, 0x68, 0x68, 0x65, 0x61,
    0x07, 0x81, 0x03, 0x77, 0x00, 0x00, 0x01, 0x64, 0x00, 0x00, 0x00, 0x24, 0x68, 0x6d, 0x74, 0x78,
    0x9b, 0x4a, 0x14, 0xa8, 0x00, 0x00, 0x02, 0x08, 0x00, 0x00, 0x02, 0x9c, 0x6c, 0x6f, 0x63, 0x61,
    0xe3, 0x87, 0xfc, 0xdc, 0x00, 0x00, 0x13, 0x44, 0x00, 0x00, 0x01, 0x50, 0x6d, 0x61, 0x78, 0x70,
    0x01, 0xcc, 0x01, 0x53, 0x00, 0x00, 0x01, 0x88, 0x00, 0x00, 0x00, 0x20, 0x6e, 0x61, 0x6d, 0x65,
    0x77, 0x34, 0x1d, 0x83, 0x00, 0x00, 0x79, 0x8c, 0x00, 0x00, 0x05, 0x88, 0x70, 0x6f, 0x73, 0x74,
    0xee, 0xa0, 0x8c, 0x27, 0x00, 0x00, 0x7f, 0x14, 0x00, 0x00, 0x03, 0x83, 0x70, 0x72, 0x65, 0x70,
    0xdf, 0x01, 0x3a, 0x0e, 0x00, 0x00, 0x11, 0xec, 0x00, 0x00, 0x00, 0xb1, 0x00, 0x01, 0x00, 0x00,
    0x00, 0x01, 0x00, 0x00, 0xb5, 0x5f, 0x22, 0x8e, 0x5f, 0x0f, 0x3c, 0xf5, 0x00, 0x1f, 0x03, 0xe8,
    0x00, 0x00, 0x00, 0x00, 0xd8, 0x9e, 0x84, 0x5d, 0x00, 0x00, 0x00, 0x00, 0xd8, 0x9e, 0x84, 0x5d,
    0xff, 0xfb, 0xff, 0x57, 0x03, 0xd7, 0x03, 0x9e, 0x00, 0x01, 0x00, 0x08, 0x00, 0x02, 0x00, 0x00,
    0x00, 0x00, 0x00, 0x00, 0x00, 0x01, 0x00, 0x00, 0x03, 0xac, 0xfe, 0xfc, 0x00, 0x00, 0x03, 0xe8,
    0xff, 0xfb, 0xff, 0xeb, 0x03, 0xd7, 0x00, 0x01, 0x00, 0x00, 0x00, 0x00, 0x00, 0x00, 0x00, 0x00,
    0x00, 0x00, 0x00, 0x00, 0x00, 0x00, 0x00, 0xa7, 0x00, 0x01, 0x00, 0x00, 0x00, 0xa7, 0x00, 0x4c,
    0x00, 0x05, 0x00, 0x00, 0x00, 0x00, 0x00, 0x02, 0x00, 0x24, 0x00, 0x34, 0x00, 0x77, 0x00, 0x00,
    0x00, 0x84, 0x00, 0xd1, 0x00, 0x00, 0x00, 0x00, 0x00, 0x03, 0x02, 0x7c, 0x01, 0x90, 0x00, 0x05,
    0x00, 0x08, 0x02, 0x8a, 0x02, 0x58, 0x00, 0x00, 0x00, 0x4b, 0x02, 0x8a, 0x02, 0x58, 0x00, 0x00,
    0x01, 0x5e, 0x00, 0x32, 0x01, 0x38, 0x00, 0x00, 0x00, 0x00, 0x05, 0x00, 0x00, 0x00, 0x00, 0x00,
    0x00, 0x00, 0x00, 0x00, 0x00, 0x07, 0x00, 0x00, 0x00, 0x01, 0x00, 0x00, 0x00, 0x00, 0x00, 0x00,
    0x00, 0x00, 0x46, 0x42, 0x52, 0x43, 0x00, 0x20, 0x00, 0x0d, 0x04, 0x51, 0x02, 0xe4, 0xfe, 0xfc,
    0x00, 0xc8, 0x03, 0xac, 0x01, 0x04, 0x20, 0x00, 0x00, 0x97, 0x00, 0x00, 0x00, 0x00, 0x02, 0xc6,
    0x02, 0xc6, 0x00, 0x00, 0x00, 0x20, 0x00, 0x02, 0x02, 0xae, 0x00, 0x35, 0x00, 0x00, 0x00, 0x00,
    0x01, 0x4d, 0x00, 0x00, 0x01, 0x42, 0x00, 0x00, 0x00, 0xb4, 0x00, 0x00, 0x01, 0x1c, 0x00, 0x26,
    0x01, 0x9a, 0x00, 0x29, 0x02, 0xff, 0x00, 0x18, 0x02, 0x6d, 0x00, 0x1e, 0x03, 0x87, 0x00, 0x19,
    0x02, 0xba, 0x00, 0x15, 0x00, 0xe4, 0x00, 0x29, 0x01, 0x3e, 0x00, 0x29, 0x01, 0x3e, 0x00, 0x14,
    0x01, 0x5d, 0x00, 0x1f, 0x02, 0x28, 0x00, 0x1a, 0x01, 0x05, 0x00, 0x11, 0x01, 0x92, 0x00, 0x2b,
    0x01, 0x07, 0x00, 0x22, 0x01, 0xed, 0x00, 0x15, 0x02, 0x88, 0x00, 0x27, 0x01, 0xc1, 0x00, 0x05,
    0x02, 0x65, 0x00, 0x20, 0x02, 0x72, 0x00, 0x1e, 0x02, 0x91, 0x00, 0x0f, 0x02, 0x65, 0x00, 0x17,
    0x02, 0x8b, 0x00, 0x27, 0x02, 0x38, 0x00, 0x11, 0x02, 0x88, 0x00, 0x1e, 0x02, 0x8b, 0x00, 0x20,
    0x01, 0x1c, 0x00, 0x2c, 0x01, 0x1d, 0x00, 0x17, 0x01, 0xed, 0x00, 0x17, 0x02, 0x54, 0x00, 0x30,
    0x01, 0xed, 0x00, 0x2e, 0x02, 0x51, 0x00, 0x19, 0x03, 0x89, 0x00, 0x1f, 0x02, 0xb0, 0x00, 0x05,
    0x02, 0x92, 0x00, 0x32, 0x02, 0x8b, 0x00, 0x21, 0x02, 0xa5, 0x00, 0x32, 0x02, 0x4c, 0x00, 0x32,
    0x02, 0x3f, 0x00, 0x32, 0x02, 0xa5, 0x00, 0x21, 0x02, 0xb2, 0x00, 0x32, 0x01, 0x2b, 0x00, 0x32,
    0x02, 0x4b, 0x00, 0x06, 0x02, 0x8f, 0x00, 0x32, 0x02, 0x1e, 0x00, 0x32, 0x03, 0x39, 0x00, 0x32,
    0x02, 0xbc, 0x00, 0x32, 0x02, 0xaa, 0x00, 0x21, 0x02, 0x87, 0x00, 0x32, 0x02, 0xb7, 0x00, 0x21,
    0x02, 0x95, 0x00, 0x32, 0x02, 0x87, 0x00, 0x18, 0x02, 0x5b, 0x00, 0x0c, 0x02, 0xb4, 0x00, 0x2d,
    0x02, 0xaa, 0x00, 0x05, 0x03, 0xab, 0x00, 0x0d, 0x02, 0x98, 0x00, 0x02, 0x02, 0xa3, 0x00, 0x02,
    0x02, 0x63, 0x00, 0x1a, 0x01, 0x62, 0x00, 0x32, 0x01, 0xee, 0x00, 0x14, 0x01, 0x62, 0x00, 0x11,
    0x02, 0x7c, 0x00, 0x1b, 0x01, 0xf9, 0x00, 0x0d, 0x01, 0x01, 0xff, 0xfc, 0x02, 0xb0, 0x00, 0x05,
    0x02, 0x92, 0x00, 0x32, 0x02, 0x8b, 0x00, 0x21, 0x02, 0xa5, 0x00, 0x32, 0x02, 0x4c, 0x00, 0x32,
    0x02, 0x3f, 0x00, 0x32, 0x02, 0xa5, 0x00, 0x21, 0x02, 0xb2, 0x00, 0x32, 0x01, 0x2b, 0x00, 0x32,
    0x02, 0x4b, 0x00, 0x06, 0x02, 0x8f, 0x00, 0x32, 0x02, 0x1e, 0x00, 0x32, 0x03, 0x39, 0x00, 0x32,
    0x02, 0xbc, 0x00, 0x32, 0x02, 0xaa, 0x00, 0x21, 0x02, 0x87, 0x00, 0x32, 0x02, 0xb7, 0x00, 0x21,
    0x02, 0x95, 0x00, 0x32, 0x02, 0x87, 0x00, 0x18, 0x02, 0x5b, 0x00, 0x0c, 0x02, 0xb4, 0x00, 0x2d,
    0x02, 0xaa, 0x00, 0x05, 0x03, 0xab, 0x00, 0x0d, 0x02, 0x98, 0x00, 0x02, 0x02, 0xa3, 0x00, 0x02,
    0x02, 0x63, 0x00, 0x1a, 0x01, 0x9a, 0x00, 0x04, 0x01, 0x17, 0x00, 0x32, 0x01, 0x9a, 0x00, 0x12,
    0x02, 0x3a, 0x00, 0x31, 0x02, 0x4c, 0x00, 0x32, 0x02, 0xb0, 0x00, 0x05, 0x02, 0x81, 0x00, 0x32,
    0x02, 0x92, 0x00, 0x32, 0x02, 0x13, 0x00, 0x32, 0x03, 0x15, 0x00, 0x11, 0x02, 0x4c, 0x00, 0x32,
    0x03, 0xd2, 0x00, 0x07, 0x02, 0x89, 0x00, 0x13, 0x02, 0xc1, 0x00, 0x32, 0x02, 0xc1, 0x00, 0x32,
    0x02, 0x8f, 0x00, 0x32, 0x02, 0xba, 0x00, 0x00, 0x03, 0x39, 0x00, 0x32, 0x02, 0xb2, 0x00, 0x32,
    0x02, 0xaa, 0x00, 0x21, 0x02, 0xad, 0x00, 0x32, 0x02, 0x87, 0x00, 0x32, 0x02, 0x8b, 0x00, 0x21,
    0x02, 0x5b, 0x00, 0x0c, 0x02, 0x74, 0x00, 0x02, 0x03, 0x5e, 0x00, 0x10, 0x02, 0x98, 0x00, 0x02,
    0x02, 0xdc, 0x00, 0x32, 0x02, 0x92, 0x00, 0x1c, 0x03, 0xb6, 0x00, 0x32, 0x03, 0xe8, 0x00, 0x32,
    0x03, 0x0d, 0x00, 0x0c, 0x03, 0xab, 0x00, 0x32, 0x02, 0x87, 0x00, 0x32, 0x02, 0x8f, 0x00, 0x14,
    0x03, 0xc9, 0x00, 0x32, 0x02, 0x94, 0x00, 0x1a, 0x02, 0xb0, 0x00, 0x05, 0x02, 0x81, 0x00, 0x32,
    0x02, 0x92, 0x00, 0x32, 0x02, 0x13, 0x00, 0x32, 0x03, 0x15, 0x00, 0x11, 0x02, 0x4c, 0x00, 0x32,
    0x03, 0xd2, 0x00, 0x07, 0x02, 0x89, 0x00, 0x13, 0x02, 0xc1, 0x00, 0x32, 0x02, 0xc1, 0x00, 0x32,
    0x02, 0x8f, 0x00, 0x32, 0x02, 0xba, 0x00, 0x00, 0x03, 0x39, 0x00, 0x32, 0x02, 0xb2, 0x00, 0x32,
    0x02, 0xaa, 0x00, 0x21, 0x02, 0xad, 0x00, 0x32, 0x02, 0x87, 0x00, 0x32, 0x02, 0x8b, 0x00, 0x21,
    0x02, 0x5b, 0x00, 0x0c, 0x02, 0x74, 0x00, 0x02, 0x03, 0x5e, 0x00, 0x10, 0x02, 0x98, 0x00, 0x02,
    0x02, 0xdc, 0x00, 0x32, 0x02, 0x92, 0x00, 0x1c, 0x03, 0xb6, 0x00, 0x32, 0x03, 0xe8, 0x00, 0x32,
    0x03, 0x0d, 0x00, 0x0c, 0x03, 0xab, 0x00, 0x32, 0x02, 0x87, 0x00, 0x32, 0x02, 0x8f, 0x00, 0x14,
    0x03, 0xc9, 0x00, 0x32, 0x02, 0x94, 0x00, 0x1a, 0x02, 0x4c, 0x00, 0x32, 0x02, 0x6b, 0x00, 0x0e,
    0x02, 0x6a, 0x00, 0x0e, 0x00, 0x00, 0x00, 0x03, 0x00, 0x00, 0x00, 0x03, 0x00, 0x00, 0x00, 0x1c,
    0x00, 0x01, 0x00, 0x00, 0x00, 0x00, 0x00, 0x5c, 0x00, 0x03, 0x00, 0x01, 0x00, 0x00, 0x00, 0x1c,
    0x00, 0x04, 0x00, 0x40, 0x00, 0x00, 0x00, 0x0c, 0x00, 0x08, 0x00, 0x02, 0x00, 0x04, 0x00, 0x0d,
    0x00, 0x7e, 0x04, 0x01, 0x04, 0x4f, 0x04, 0x51, 0xff, 0xff, 0x00, 0x00, 0x00, 0x0d, 0x00, 0x20,
    0x04, 0x01, 0x04, 0x10, 0x04, 0x51, 0xff, 0xff, 0xff, 0xf6, 0xff, 0xe4, 0xfc, 0x62, 0xfc, 0x54,
    0xfc, 0x53, 0x00, 0x01, 0x00, 0x00, 0x00, 0x00, 0x00, 0x00, 0x00, 0x00, 0x00, 0x00, 0x00, 0x00,
    0x00, 0x00, 0x01, 0x06, 0x00, 0x00, 0x01, 0x00, 0x00, 0x00, 0x00, 0x00, 0x00, 0x00, 0x01, 0x02,
    0x00, 0x00, 0x00, 0x03, 0x00, 0x00, 0x00, 0x00, 0x00, 0x00, 0x00, 0x00, 0x00, 0x00, 0x00, 0x00,
    0x00, 0x00, 0x00, 0x01, 0x00, 0x00, 0x04, 0x05, 0x06, 0x07, 0x08, 0x09, 0x0a, 0x0b, 0x0c, 0x0d,
    0x0e, 0x0f, 0x10, 0x11, 0x12, 0x13, 0x14, 0x15, 0x16, 0x17, 0x18, 0x19, 0x1a, 0x1b, 0x1c, 0x1d,
    0x1e, 0x1f, 0x20, 0x21, 0x22, 0x23, 0x24, 0x25, 0x26, 0x27, 0x28, 0x29, 0x2a, 0x2b, 0x2c, 0x2d,
    0x2e, 0x2f, 0x30, 0x31, 0x32, 0x33, 0x34, 0x35, 0x36, 0x37, 0x38, 0x39, 0x3a, 0x3b, 0x3c, 0x3d,
    0x3e, 0x3f, 0x40, 0x41, 0x42, 0x43, 0x44, 0x45, 0x46, 0x47, 0x48, 0x49, 0x4a, 0x4b, 0x4c, 0x4d,
    0x4e, 0x4f, 0x50, 0x51, 0x52, 0x53, 0x54, 0x55, 0x56, 0x57, 0x58, 0x59, 0x5a, 0x5b, 0x5c, 0x5d,
    0x5e, 0x5f, 0x60, 0x61, 0x62, 0x00, 0x00, 0x00, 0x00, 0x00, 0x00, 0x00, 0x00, 0x00, 0x00, 0x00,
    0x00, 0x00, 0x00, 0x00, 0x00, 0x00, 0x00, 0x00, 0x00, 0x00, 0x00, 0x00, 0x00, 0x00, 0x00, 0x00,
    0x00, 0x00, 0x00, 0x00, 0x00, 0x00, 0x00, 0x00, 0x00, 0x00, 0x00, 0x00, 0x00, 0x00, 0x00, 0x00,
    0x00, 0x00, 0x00, 0x00, 0x00, 0x00, 0x00, 0x00, 0x00, 0x00, 0x00, 0x00, 0x00, 0x00, 0x00, 0x00,
    0x00, 0x00, 0x00, 0x00, 0x00, 0x00, 0x00, 0x00, 0x00, 0x00, 0x00, 0x00, 0x00, 0x00, 0x00, 0x00,
    0x00, 0x00, 0x00, 0x00, 0x00, 0x00, 0x00, 0x00, 0x00, 0x00, 0x00, 0x00, 0x00, 0x00, 0x00, 0x00,
    0x00, 0x00, 0x00, 0x00, 0x00, 0x00, 0x00, 0x00, 0x00, 0x00, 0x00, 0x00, 0x00, 0x00, 0x00, 0x00,
    0x00, 0x00, 0x00, 0x00, 0x00, 0x00, 0x00, 0x00, 0x00, 0x00, 0x00, 0x00, 0x00, 0x00, 0x00, 0x00,
    0x00, 0x00, 0x00, 0x00, 0x00, 0x00, 0x00, 0x00, 0xb0, 0x00, 0x2c, 0x20, 0xb0, 0x00, 0x55, 0x58,
    0x45, 0x59, 0x20, 0x20, 0x4b, 0xb8, 0x00, 0x0e, 0x51, 0x4b, 0xb0, 0x06, 0x53, 0x5a, 0x58, 0xb0,
    0x34, 0x1b, 0xb0, 0x28, 0x59, 0x60, 0x66, 0x20, 0x8a, 0x55, 0x58, 0xb0, 0x02, 0x25, 0x61, 0xb9,
    0x08, 0x00, 0x08, 0x00, 0x63, 0x63, 0x23, 0x62, 0x1b, 0x21, 0x21, 0xb0, 0x00, 0x59, 0xb0, 0x00,
    0x43, 0x23, 0x44, 0xb2, 0x00, 0x01, 0x00, 0x43, 0x60, 0x42, 0x2d, 0xb0, 0x01, 0x2c, 0xb0, 0x20,
    0x60, 0x66, 0x2d, 0xb0, 0x02, 0x2c, 0x20, 0x64, 0x20, 0xb0, 0xc0, 0x50, 0xb0, 0x04, 0x26, 0x5a,
    0xb2, 0x28, 0x01, 0x0a, 0x43, 0x45, 0x63, 0x45, 0xb0, 0x06, 0x45, 0x58, 0x21, 0xb0, 0x03, 0x25,
    0x59, 0x52, 0x5b, 0x58, 0x21, 0x23, 0x21, 0x1b, 0x8a, 0x58, 0x20, 0xb0, 0x50, 0x50, 0x58, 0x21,
    0xb0, 0x40, 0x59, 0x1b, 0x20, 0xb0, 0x38, 0x50, 0x58, 0x21, 0xb0, 0x38, 0x59, 0x59, 0x20, 0xb1,
    0x01, 0x0a, 0x43, 0x45, 0x63, 0x45, 0x61, 0x64, 0xb0, 0x28, 0x50, 0x58, 0x21, 0xb1, 0x01, 0x0a,
    0x43, 0x45, 0x63, 0x45, 0x20, 0xb0, 0x30, 0x50, 0x58, 0x21, 0xb0, 0x30, 0x59, 0x1b, 0x20, 0xb0,
    0xc0, 0x50, 0x58, 0x20, 0x66, 0x20, 0x8a, 0x8a, 0x61, 0x20, 0xb0, 0x0a, 0x50, 0x58, 0x60, 0x1b,
    0x20, 0xb0, 0x20, 0x50, 0x58, 0x21, 0xb0, 0x0a, 0x60, 0x1b, 0x20, 0xb0, 0x36, 0x50, 0x58, 0x21,
    0xb0, 0x36, 0x60, 0x1b, 0x60, 0x59, 0x59, 0x59, 0x1b, 0xb0, 0x01, 0x2b, 0x59, 0x59, 0x23, 0xb0,
    0x00, 0x50, 0x58, 0x65, 0x59, 0x59, 0x2d, 0xb0, 0x03, 0x2c, 0x20, 0x45, 0x20, 0xb0, 0x04, 0x25,
    0x61, 0x64, 0x20, 0xb0, 0x05, 0x43, 0x50, 0x58, 0xb0, 0x05, 0x23, 0x42, 0xb0, 0x06, 0x23, 0x42,
    0x1b, 0x21, 0x21, 0x59, 0xb0, 0x01, 0x60, 0x2d, 0xb0, 0x04, 0x2c, 0x23, 0x21, 0x23, 0x21, 0x20,
    0x64, 0xb1, 0x05, 0x62, 0x42, 0x20, 0xb0, 0x06, 0x23, 0x42, 0xb0, 0x06, 0x45, 0x58, 0x1b, 0xb1,
    0x01, 0x0a, 0x43, 0x45, 0x63, 0xb1, 0x01, 0x0a, 0x43, 0xb0, 0x04, 0x60, 0x45, 0x63, 0xb0, 0x03,
    0x2a, 0x21, 0x20, 0xb0, 0x06, 0x43, 0x20, 0x8a, 0x20, 0x8a, 0xb0, 0x01, 0x2b, 0xb1, 0x30, 0x05,
    0x25, 0xb0, 0x04, 0x26, 0x51, 0x58, 0x60, 0x50, 0x1b, 0x61, 0x52, 0x59, 0x58, 0x23, 0x59, 0x21,
    0x59, 0x20, 0xb0, 0x40, 0x53, 0x58, 0xb0, 0x01, 0x2b, 0x1b, 0x21, 0xb0, 0x40, 0x59, 0x23, 0xb0,
    0x00, 0x50, 0x58, 0x65, 0x59, 0x2d, 0xb0, 0x05, 0x2c, 0xb0, 0x07, 0x43, 0x2b, 0xb2, 0x00, 0x02,
    0x00, 0x43, 0x60, 0x42, 0x2d, 0xb0, 0x06, 0x2c, 0xb0, 0x07, 0x23, 0x42, 0x23, 0x20, 0xb0, 0x00,
    0x23, 0x42, 0x61, 0xb0, 0x02, 0x62, 0x66, 0xb0, 0x01, 0x63, 0xb0, 0x01, 0x60, 0xb0, 0x05, 0x2a,
    0x2d, 0xb0, 0x07, 0x2c, 0x20, 0x20, 0x45, 0x20, 0xb0, 0x0b, 0x43, 0x63, 0xb8, 0x04, 0x00, 0x62,
    0x20, 0xb0, 0x00, 0x50, 0x58, 0xb0, 0x40, 0x60, 0x59, 0x66, 0xb0, 0x01, 0x63, 0x60, 0x44, 0xb0,
    0x01, 0x60, 0x2d, 0xb0, 0x08, 0x2c, 0xb2, 0x07, 0x0b, 0x00, 0x43, 0x45, 0x42, 0x2a, 0x21, 0xb2,
    0x00, 0x01, 0x00, 0x43, 0x60, 0x42, 0x2d, 0xb0, 0x09, 0x2c, 0xb0, 0x00, 0x43, 0x23, 0x44, 0xb2,
    0x00, 0x01, 0x00, 0x43, 0x60, 0x42, 0x2d, 0xb0, 0x0a, 0x2c, 0x20, 0x20, 0x45, 0x20, 0xb0, 0x01,
    0x2b, 0x23, 0xb0, 0x00, 0x43, 0xb0, 0x04, 0x25, 0x60, 0x20, 0x45, 0x8a, 0x23, 0x61, 0x20, 0x64,
    0x20, 0xb0, 0x20, 0x50, 0x58, 0x21, 0xb0, 0x00, 0x1b, 0xb0, 0x30, 0x50, 0x58, 0xb0, 0x20, 0x1b,
    0xb0, 0x40, 0x59, 0x59, 0x23, 0xb0, 0x00, 0x50, 0x58, 0x65, 0x59, 0xb0, 0x03, 0x25, 0x23, 0x61,
    0x44, 0x44, 0xb0, 0x01, 0x60, 0x2d, 0xb0, 0x0b, 0x2c, 0x20, 0x20, 0x45, 0x20, 0xb0, 0x01, 0x2b,
    0x23, 0xb0, 0x00, 0x43, 0xb0, 0x04, 0x25, 0x60, 0x20, 0x45, 0x8a, 0x23, 0x61, 0x20, 0x64, 0xb0,
    0x24, 0x50, 0x58, 0xb0, 0x00, 0x1b, 0xb0, 0x40, 0x59, 0x23, 0xb0, 0x00, 0x50, 0x58, 0x65, 0x59,
    0xb0, 0x03, 0x25, 0x23, 0x61, 0x44, 0x44, 0xb0, 0x01, 0x60, 0x2d, 0xb0, 0x0c, 0x2c, 0x20, 0xb0,
    0x00, 0x23, 0x42, 0xb2, 0x0b, 0x0a, 0x03, 0x45, 0x58, 0x21, 0x1b, 0x23, 0x21, 0x59, 0x2a, 0x21,
    0x2d, 0xb0, 0x0d, 0x2c, 0xb1, 0x02, 0x02, 0x45, 0xb0, 0x64, 0x61, 0x44, 0x2d, 0xb0, 0x0e, 0x2c,
    0xb0, 0x01, 0x60, 0x20, 0x20, 0xb0, 0x0c, 0x43, 0x4a, 0xb0, 0x00, 0x50, 0x58, 0x20, 0xb0, 0x0c,
    0x23, 0x42, 0x59, 0xb0, 0x0d, 0x43, 0x4a, 0xb0, 0x00, 0x52, 0x58, 0x20, 0xb0, 0x0d, 0x23, 0x42,
    0x59, 0x2d, 0xb0, 0x0f, 0x2c, 0x20, 0xb0, 0x10, 0x62, 0x66, 0xb0, 0x01, 0x63, 0x20, 0xb8, 0x04,
    0x00, 0x63, 0x8a, 0x23, 0x61, 0xb0, 0x0e, 0x43, 0x60, 0x20, 0x8a, 0x60, 0x20, 0xb0, 0x0e, 0x23,
    0x42, 0x23, 0x2d, 0xb0, 0x10, 0x2c, 0x4b, 0x54, 0x58, 0xb1, 0x04, 0x64, 0x44, 0x59, 0x24, 0xb0,
    0x0d, 0x65, 0x23, 0x78, 0x2d, 0xb0, 0x11, 0x2c, 0x4b, 0x51, 0x58, 0x4b, 0x53, 0x58, 0xb1, 0x04,
    0x64, 0x44, 0x59, 0x1b, 0x21, 0x59, 0x24, 0xb0, 0x13, 0x65, 0x23, 0x78, 0x2d, 0xb0, 0x12, 0x2c,
    0xb1, 0x00, 0x0f, 0x43, 0x55, 0x58, 0xb1, 0x0f, 0x0f, 0x43, 0xb0, 0x01, 0x61, 0x42, 0xb0, 0x0f,
    0x2b, 0x59, 0xb0, 0x00, 0x43, 0xb0, 0x02, 0x25, 0x42, 0xb1, 0x0c, 0x02, 0x25, 0x42, 0xb1, 0x0d,
    0x02, 0x25, 0x42, 0xb0, 0x01, 0x16, 0x23, 0x20, 0xb0, 0x03, 0x25, 0x50, 0x58, 0xb1, 0x01, 0x00,
    0x43, 0x60, 0xb0, 0x04, 0x25, 0x42, 0x8a, 0x8a, 0x20, 0x8a, 0x23, 0x61, 0xb0, 0x0e, 0x2a, 0x21,
    0x23, 0xb0, 0x01, 0x61, 0x20, 0x8a, 0x23, 0x61, 0xb0, 0x0e, 0x2a, 0x21, 0x1b, 0xb1, 0x01, 0x00,
    0x43, 0x60, 0xb0, 0x02, 0x25, 0x42, 0xb0, 0x02, 0x25, 0x61, 0xb0, 0x0e, 0x2a, 0x21, 0x59, 0xb0,
    0x0c, 0x43, 0x47, 0xb0, 0x0d, 0x43, 0x47, 0x60, 0xb0, 0x02, 0x62, 0x20, 0xb0, 0x00, 0x50, 0x58,
    0xb0, 0x40, 0x60, 0x59, 0x66, 0xb0, 0x01, 0x63, 0x20, 0xb0, 0x0b, 0x43, 0x63, 0xb8, 0x04, 0x00,
    0x62, 0x20, 0xb0, 0x00, 0x50, 0x58, 0xb0, 0x40, 0x60, 0x59, 0x66, 0xb0, 0x01, 0x63, 0x60, 0xb1,
    0x00, 0x00, 0x13, 0x23, 0x44, 0xb0, 0x01, 0x43, 0xb0, 0x00, 0x3e, 0xb2, 0x01, 0x01, 0x01, 0x43,
    0x60, 0x42, 0x2d, 0xb0, 0x13, 0x2c, 0x00, 0xb1, 0x00, 0x02, 0x45, 0x54, 0x58, 0xb0, 0x0f, 0x23,
    0x42, 0x20, 0x45, 0xb0, 0x0b, 0x23, 0x42, 0xb0, 0x0a, 0x23, 0xb0, 0x04, 0x60, 0x42, 0x20, 0x60,
    0xb0, 0x01, 0x61, 0xb5, 0x10, 0x10, 0x01, 0x00, 0x0e, 0x00, 0x42, 0x42, 0x8a, 0x60, 0xb1, 0x12,
    0x06, 0x2b, 0xb0, 0x75, 0x2b, 0x1b, 0x22, 0x59, 0x2d, 0xb0, 0x14, 0x2c, 0xb1, 0x00, 0x13, 0x2b,
    0x2d, 0xb0, 0x15, 0x2c, 0xb1, 0x01, 0x13, 0x2b, 0x2d, 0xb0, 0x16, 0x2c, 0xb1, 0x02, 0x13, 0x2b,
    0x2d, 0xb0, 0x17, 0x2c, 0xb1, 0x03, 0x13, 0x2b, 0x2d, 0xb0, 0x18, 0x2c, 0xb1, 0x04, 0x13, 0x2b,
    0x2d, 0xb0, 0x19, 0x2c, 0xb1, 0x05, 0x13, 0x2b, 0x2d, 0xb0, 0x1a, 0x2c, 0xb1, 0x06, 0x13, 0x2b,
    0x2d, 0xb0, 0x1b, 0x2c, 0xb1, 0x07, 0x13, 0x2b, 0x2d, 0xb0, 0x1c, 0x2c, 0xb1, 0x08, 0x13, 0x2b,
    0x2d, 0xb0, 0x1d, 0x2c, 0xb1, 0x09, 0x13, 0x2b, 0x2d, 0xb0, 0x29, 0x2c, 0x23, 0x20, 0xb0, 0x10,
    0x62, 0x66, 0xb0, 0x01, 0x63, 0xb0, 0x06, 0x60, 0x4b, 0x54, 0x58, 0x23, 0x20, 0x2e, 0xb0, 0x01,
    0x5d, 0x1b, 0x21, 0x21, 0x59, 0x2d, 0xb0, 0x2a, 0x2c, 0x23, 0x20, 0xb0, 0x10, 0x62, 0x66, 0xb0,
    0x01, 0x63, 0xb0, 0x16, 0x60, 0x4b, 0x54, 0x58, 0x23, 0x20, 0x2e, 0xb0, 0x01, 0x71, 0x1b, 0x21,
    0x21, 0x59, 0x2d, 0xb0, 0x2b, 0x2c, 0x23, 0x20, 0xb0, 0x10, 0x62, 0x66, 0xb0, 0x01, 0x63, 0xb0,
    0x26, 0x60, 0x4b, 0x54, 0x58, 0x23, 0x20, 0x2e, 0xb0, 0x01, 0x72, 0x1b, 0x21, 0x21, 0x59, 0x2d,
    0xb0, 0x1e, 0x2c, 0x00, 0xb0, 0x0d, 0x2b, 0xb1, 0x00, 0x02, 0x45, 0x54, 0x58, 0xb0, 0x0f, 0x23,
    0x42, 0x20, 0x45, 0xb0, 0x0b, 0x23, 0x42, 0xb0, 0x0a, 0x23, 0xb0, 0x04, 0x60, 0x42, 0x20, 0x60,
    0xb0, 0x01, 0x61, 0xb5, 0x10, 0x10, 0x01, 0x00, 0x0e, 0x00, 0x42, 0x42, 0x8a, 0x60, 0xb1, 0x12,
    0x06, 0x2b, 0xb0, 0x75, 0x2b, 0x1b, 0x22, 0x59, 0x2d, 0xb0, 0x1f, 0x2c, 0xb1, 0x00, 0x1e, 0x2b,
    0x2d, 0xb0, 0x20, 0x2c, 0xb1, 0x01, 0x1e, 0x2b, 0x2d, 0xb0, 0x21, 0x2c, 0xb1, 0x02, 0x1e, 0x2b,
    0x2d, 0xb0, 0x22, 0x2c, 0xb1, 0x03, 0x1e, 0x2b, 0x2d, 0xb0, 0x23, 0x2c, 0xb1, 0x04, 0x1e, 0x2b,
    0x2d, 0xb0, 0x24, 0x2c, 0xb1, 0x05, 0x1e, 0x2b, 0x2d, 0xb0, 0x25, 0x2c, 0xb1, 0x06, 0x1e, 0x2b,
    0x2d, 0xb0, 0x26, 0x2c, 0xb1, 0x07, 0x1e, 0x2b, 0x2d, 0xb0, 0x27, 0x2c, 0xb1, 0x08, 0x1e, 0x2b,
    0x2d, 0xb0, 0x28, 0x2c, 0xb1, 0x09, 0x1e, 0x2b, 0x2d, 0xb0, 0x2c, 0x2c, 0x20, 0x3c, 0xb0, 0x01,
    0x60, 0x2d, 0xb0, 0x2d, 0x2c, 0x20, 0x60, 0xb0, 0x10, 0x60, 0x20, 0x43, 0x23, 0xb0, 0x01, 0x60,
    0x43, 0xb0, 0x02, 0x25, 0x61, 0xb0, 0x01, 0x60, 0xb0, 0x2c, 0x2a, 0x21, 0x2d, 0xb0, 0x2e, 0x2c,
    0xb0, 0x2d, 0x2b, 0xb0, 0x2d, 0x2a, 0x2d, 0xb0, 0x2f, 0x2c, 0x20, 0x20, 0x47, 0x20, 0x20, 0xb0,
    0x0b, 0x43, 0x63, 0xb8, 0x04, 0x00, 0x62, 0x20, 0xb0, 0x00, 0x50, 0x58, 0xb0, 0x40, 0x60, 0x59,
    0x66, 0xb0, 0x01, 0x63, 0x60, 0x23, 0x61, 0x38, 0x23, 0x20, 0x8a, 0x55, 0x58, 0x20, 0x47, 0x20,
    0x20, 0xb0, 0x0b, 0x43, 0x63, 0xb8, 0x04, 0x00, 0x62, 0x20, 0xb0, 0x00, 0x50, 0x58, 0xb0, 0x40,
    0x60, 0x59, 0x66, 0xb0, 0x01, 0x63, 0x60, 0x23, 0x61, 0x38, 0x1b, 0x21, 0x59, 0x2d, 0xb0, 0x30,
    0x2c, 0x00, 0xb1, 0x00, 0x02, 0x45, 0x54, 0x58, 0xb0, 0x01, 0x16, 0xb0, 0x2f, 0x2a, 0xb1, 0x05,
    0x01, 0x15, 0x45, 0x58, 0x30, 0x59, 0x1b, 0x22, 0x59, 0x2d, 0xb0, 0x31, 0x2c, 0x00, 0xb0, 0x0d,
    0x2b, 0xb1, 0x00, 0x02, 0x45, 0x54, 0x58, 0xb0, 0x01, 0x16, 0xb0, 0x2f, 0x2a, 0xb1, 0x05, 0x01,
    0x15, 0x45, 0x58, 0x30, 0x59, 0x1b, 0x22, 0x59, 0x2d, 0xb0, 0x32, 0x2c, 0x20, 0x35, 0xb0, 0x01,
    0x60, 0x2d, 0xb0, 0x33, 0x2c, 0x00, 0xb0, 0x01, 0x45, 0x63, 0xb8, 0x04, 0x00, 0x62, 0x20, 0xb0,
    0x00, 0x50, 0x58, 0xb0, 0x40, 0x60, 0x59, 0x66, 0xb0, 0x01, 0x63, 0xb0, 0x01, 0x2b, 0xb0, 0x0b,
    0x43, 0x63, 0xb8, 0x04, 0x00, 0x62, 0x20, 0xb0, 0x00, 0x50, 0x58, 0xb0, 0x40, 0x60, 0x59, 0x66,
    0xb0, 0x01, 0x63, 0xb0, 0x01, 0x2b, 0xb0, 0x00, 0x16, 0xb4, 0x00, 0x00, 0x00, 0x00, 0x00, 0x44,
    0x3e, 0x23, 0x38, 0xb1, 0x32, 0x01, 0x15, 0x2a, 0x2d, 0xb0, 0x34, 0x2c, 0x20, 0x3c, 0x20, 0x47,
    0x20, 0xb0, 0x0b, 0x43, 0x63, 0xb8, 0x04, 0x00, 0x62, 0x20, 0xb0, 0x00, 0x50, 0x58, 0xb0, 0x40,
    0x60, 0x59, 0x66, 0xb0, 0x01, 0x63, 0x60, 0xb0, 0x00, 0x43, 0x61, 0x38, 0x2d, 0xb0, 0x35, 0x2c,
    0x2e, 0x17, 0x3c, 0x2d, 0xb0, 0x36, 0x2c, 0x20, 0x3c, 0x20, 0x47, 0x20, 0xb0, 0x0b, 0x43, 0x63,
    0xb8, 0x04, 0x00, 0x62, 0x20, 0xb0, 0x00, 0x50, 0x58, 0xb0, 0x40, 0x60, 0x59, 0x66, 0xb0, 0x01,
    0x63, 0x60, 0xb0, 0x00, 0x43, 0x61, 0xb0, 0x01, 0x43, 0x63, 0x38, 0x2d, 0xb0, 0x37, 0x2c, 0xb1,
    0x02, 0x00, 0x16, 0x25, 0x20, 0x2e, 0x20, 0x47, 0xb0, 0x00, 0x23, 0x42, 0xb0, 0x02, 0x25, 0x49,
    0x8a, 0x8a, 0x47, 0x23, 0x47, 0x23, 0x61, 0x20, 0x58, 0x62, 0x1b, 0x21, 0x59, 0xb0, 0x01, 0x23,
    0x42, 0xb2, 0x36, 0x01, 0x01, 0x15, 0x14, 0x2a, 0x2d, 0xb0, 0x38, 0x2c, 0xb0, 0x00, 0x16, 0xb0,
    0x04, 0x25, 0xb0, 0x04, 0x25, 0x47, 0x23, 0x47, 0x23, 0x61, 0xb0, 0x09, 0x43, 0x2b, 0x65, 0x8a,
    0x2e, 0x23, 0x20, 0x20, 0x3c, 0x8a, 0x38, 0x2d, 0xb0, 0x39, 0x2c, 0xb0, 0x00, 0x16, 0xb0, 0x04,
    0x25, 0xb0, 0x04, 0x25, 0x20, 0x2e, 0x47, 0x23, 0x47, 0x23, 0x61, 0x20, 0xb0, 0x04, 0x23, 0x42,
    0xb0, 0x09, 0x43, 0x2b, 0x20, 0xb0, 0x60, 0x50, 0x58, 0x20, 0xb0, 0x40, 0x51, 0x58, 0xb3, 0x02,
    0x20, 0x03, 0x20, 0x1b, 0xb3, 0x02, 0x26, 0x03, 0x1a, 0x59, 0x42, 0x42, 0x23, 0x20, 0xb0, 0x08,
    0x43, 0x20, 0x8a, 0x23, 0x47, 0x23, 0x47, 0x23, 0x61, 0x23, 0x46, 0x60, 0xb0, 0x04, 0x43, 0xb0,
    0x02, 0x62, 0x20, 0xb0, 0x00, 0x50, 0x58, 0xb0, 0x40, 0x60, 0x59, 0x66, 0xb0, 0x01, 0x63, 0x60,
    0x20, 0xb0, 0x01, 0x2b, 0x20, 0x8a, 0x8a, 0x61, 0x20, 0xb0, 0x02, 0x43, 0x60, 0x64, 0x23, 0xb0,
    0x03, 0x43, 0x61, 0x64, 0x50, 0x58, 0xb0, 0x02, 0x43, 0x61, 0x1b, 0xb0, 0x03, 0x43, 0x60, 0x59,
    0xb0, 0x03, 0x25, 0xb0, 0x02, 0x62, 0x20, 0xb0, 0x00, 0x50, 0x58, 0xb0, 0x40, 0x60, 0x59, 0x66,
    0xb0, 0x01, 0x63, 0x61, 0x23, 0x20, 0x20, 0xb0, 0x04, 0x26, 0x23, 0x46, 0x61, 0x38, 0x1b, 0x23,
    0xb0, 0x08, 0x43, 0x46, 0xb0, 0x02, 0x25, 0xb0, 0x08, 0x43, 0x47, 0x23, 0x47, 0x23, 0x61, 0x60,
    0x20, 0xb0, 0x04, 0x43, 0xb0, 0x02, 0x62, 0x20, 0xb0, 0x00, 0x50, 0x58, 0xb0, 0x40, 0x60, 0x59,
    0x66, 0xb0, 0x01, 0x63, 0x60, 0x23, 0x20, 0xb0, 0x01, 0x2b, 0x23, 0xb0, 0x04, 0x43, 0x60, 0xb0,
    0x01, 0x2b, 0xb0, 0x05, 0x25, 0x61, 0xb0, 0x05, 0x25, 0xb0, 0x02, 0x62, 0x20, 0xb0, 0x00, 0x50,
    0x58, 0xb0, 0x40, 0x60, 0x59, 0x66, 0xb0, 0x01, 0x63, 0xb0, 0x04, 0x26, 0x61, 0x20, 0xb0, 0x04,
    0x25, 0x60, 0x64, 0x23, 0xb0, 0x03, 0x25, 0x60, 0x64, 0x50, 0x58, 0x21, 0x1b, 0x23, 0x21, 0x59,
    0x23, 0x20, 0x20, 0xb0, 0x04, 0x26, 0x23, 0x46, 0x61, 0x38, 0x59, 0x2d, 0xb0, 0x3a, 0x2c, 0xb0,
    0x00, 0x16, 0x20, 0x20, 0x20, 0xb0, 0x05, 0x26, 0x20, 0x2e, 0x47, 0x23, 0x47, 0x23, 0x61, 0x23,
    0x3c, 0x38, 0x2d, 0xb0, 0x3b, 0x2c, 0xb0, 0x00, 0x16, 0x20, 0xb0, 0x08, 0x23, 0x42, 0x20, 0x20,
    0x20, 0x46, 0x23, 0x47, 0xb0, 0x01, 0x2b, 0x23, 0x61, 0x38, 0x2d, 0xb0, 0x3c, 0x2c, 0xb0, 0x00,
    0x16, 0xb0, 0x03, 0x25, 0xb0, 0x02, 0x25, 0x47, 0x23, 0x47, 0x23, 0x61, 0xb0, 0x00, 0x54, 0x58,
    0x2e, 0x20, 0x3c, 0x23, 0x21, 0x1b, 0xb0, 0x02, 0x25, 0xb0, 0x02, 0x25, 0x47, 0x23, 0x47, 0x23,
    0x61, 0x20, 0xb0, 0x05, 0x25, 0xb0, 0x04, 0x25, 0x47, 0x23, 0x47, 0x23, 0x61, 0xb0, 0x06, 0x25,
    0xb0, 0x05, 0x25, 0x49, 0xb0, 0x02, 0x25, 0x61, 0xb9, 0x08, 0x00, 0x08, 0x00, 0x63, 0x63, 0x23,
    0x20, 0x58, 0x62, 0x1b, 0x21, 0x59, 0x63, 0xb8, 0x04, 0x00, 0x62, 0x20, 0xb0, 0x00, 0x50, 0x58,
    0xb0, 0x40, 0x60, 0x59, 0x66, 0xb0, 0x01, 0x63, 0x60, 0x23, 0x2e, 0x23, 0x20, 0x20, 0x3c, 0x8a,
    0x38, 0x23, 0x21, 0x59, 0x2d, 0xb0, 0x3d, 0x2c, 0xb0, 0x00, 0x16, 0x20, 0xb0, 0x08, 0x43, 0x20,
    0x2e, 0x47, 0x23, 0x47, 0x23, 0x61, 0x20, 0x60, 0xb0, 0x20, 0x60, 0x66, 0xb0, 0x02, 0x62, 0x20,
    0xb0, 0x00, 0x50, 0x58, 0xb0, 0x40, 0x60, 0x59, 0x66, 0xb0, 0x01, 0x63, 0x23, 0x20, 0x20, 0x3c,
    0x8a, 0x38, 0x2d, 0xb0, 0x3e, 0x2c, 0x23, 0x20, 0x2e, 0x46, 0xb0, 0x02, 0x25, 0x46, 0x52, 0x58,
    0x20, 0x3c, 0x59, 0x2e, 0xb1, 0x2e, 0x01, 0x14, 0x2b, 0x2d, 0xb0, 0x3f, 0x2c, 0x23, 0x20, 0x2e,
    0x46, 0xb0, 0x02, 0x25, 0x46, 0x50, 0x58, 0x20, 0x3c, 0x59, 0x2e, 0xb1, 0x2e, 0x01, 0x14, 0x2b,
    0x2d, 0xb0, 0x40, 0x2c, 0x23, 0x20, 0x2e, 0x46, 0xb0, 0x02, 0x25, 0x46, 0x52, 0x58, 0x20, 0x3c,
    0x59, 0x23, 0x20, 0x2e, 0x46, 0xb0, 0x02, 0x25, 0x46, 0x50, 0x58, 0x20, 0x3c, 0x59, 0x2e, 0xb1,
    0x2e, 0x01, 0x14, 0x2b, 0x2d, 0xb0, 0x41, 0x2c, 0xb0, 0x38, 0x2b, 0x23, 0x20, 0x2e, 0x46, 0xb0,
    0x02, 0x25, 0x46, 0x52, 0x58, 0x20, 0x3c, 0x59, 0x2e, 0xb1, 0x2e, 0x01, 0x14, 0x2b, 0x2d, 0xb0,
    0x42, 0x2c, 0xb0, 0x39, 0x2b, 0x8a, 0x20, 0x20, 0x3c, 0xb0, 0x04, 0x23, 0x42, 0x8a, 0x38, 0x23,
    0x20, 0x2e, 0x46, 0xb0, 0x02, 0x25, 0x46, 0x52, 0x58, 0x20, 0x3c, 0x59, 0x2e, 0xb1, 0x2e, 0x01,
    0x14, 0x2b, 0xb0, 0x04, 0x43, 0x2e, 0xb0, 0x2e, 0x2b, 0x2d, 0xb0, 0x43, 0x2c, 0xb0, 0x00, 0x16,
    0xb0, 0x04, 0x25, 0xb0, 0x04, 0x26, 0x20, 0x2e, 0x47, 0x23, 0x47, 0x23, 0x61, 0xb0, 0x09, 0x43,
    0x2b, 0x23, 0x20, 0x3c, 0x20, 0x2e, 0x23, 0x38, 0xb1, 0x2e, 0x01, 0x14, 0x2b, 0x2d, 0xb0, 0x44,
    0x2c, 0xb1, 0x08, 0x04, 0x25, 0x42, 0xb0, 0x00, 0x16, 0xb0, 0x04, 0x25, 0xb0, 0x04, 0x25, 0x20,
    0x2e, 0x47, 0x23, 0x47, 0x23, 0x61, 0x20, 0xb0, 0x04, 0x23, 0x42, 0xb0, 0x09, 0x43, 0x2b, 0x20,
    0xb0, 0x60, 0x50, 0x58, 0x20, 0xb0, 0x40, 0x51, 0x58, 0xb3, 0x02, 0x20, 0x03, 0x20, 0x1b, 0xb3,
    0x02, 0x26, 0x03, 0x1a, 0x59, 0x42, 0x42, 0x23, 0x20, 0x47, 0xb0, 0x04, 0x43, 0xb0, 0x02, 0x62,
    0x20, 0xb0, 0x00, 0x50, 0x58, 0xb0, 0x40, 0x60, 0x59, 0x66, 0xb0, 0x01, 0x63, 0x60, 0x20, 0xb0,
    0x01, 0x2b, 0x20, 0x8a, 0x8a, 0x61, 0x20, 0xb0, 0x02, 0x43, 0x60, 0x64, 0x23, 0xb0, 0x03, 0x43,
    0x61, 0x64, 0x50, 0x58, 0xb0, 0x02, 0x43, 0x61, 0x1b, 0xb0, 0x03, 0x43, 0x60, 0x59, 0xb0, 0x03,
    0x25, 0xb0, 0x02, 0x62, 0x20, 0xb0, 0x00, 0x50, 0x58, 0xb0, 0x40, 0x60, 0x59, 0x66, 0xb0, 0x01,
    0x63, 0x61, 0xb0, 0x02, 0x25, 0x46, 0x61, 0x38, 0x23, 0x20, 0x3c, 0x23, 0x38, 0x1b, 0x21, 0x20,
    0x20, 0x46, 0x23, 0x47, 0xb0, 0x01, 0x2b, 0x23, 0x61, 0x38, 0x21, 0x59, 0xb1, 0x2e, 0x01, 0x14,
    0x2b, 0x2d, 0xb0, 0x45, 0x2c, 0xb0, 0x38, 0x2b, 0x2e, 0xb1, 0x2e, 0x01, 0x14, 0x2b, 0x2d, 0xb0,
    0x46, 0x2c, 0xb0, 0x39, 0x2b, 0x21, 0x23, 0x20, 0x20, 0x3c, 0xb0, 0x04, 0x23, 0x42, 0x23, 0x38,
    0xb1, 0x2e, 0x01, 0x14, 0x2b, 0xb0, 0x04, 0x43, 0x2e, 0xb0, 0x2e, 0x2b, 0x2d, 0xb0, 0x47, 0x2c,
    0xb0, 0x00, 0x15, 0x20, 0x47, 0xb0, 0x00, 0x23, 0x42, 0xb2, 0x00, 0x01, 0x01, 0x15, 0x14, 0x13,
    0x2e, 0xb0, 0x34, 0x2a, 0x2d, 0xb0, 0x48, 0x2c, 0xb0, 0x00, 0x15, 0x20, 0x47, 0xb0, 0x00, 0x23,
    0x42, 0xb2, 0x00, 0x01, 0x01, 0x15, 0x14, 0x13, 0x2e, 0xb0, 0x34, 0x2a, 0x2d, 0xb0, 0x49, 0x2c,
    0xb1, 0x00, 0x01, 0x14, 0x13, 0xb0, 0x35, 0x2a, 0x2d, 0xb0, 0x4a, 0x2c, 0xb0, 0x37, 0x2a, 0x2d,
    0xb0, 0x4b, 0x2c, 0xb0, 0x00, 0x16, 0x45, 0x23, 0x20, 0x2e, 0x20, 0x46, 0x8a, 0x23, 0x61, 0x38,
    0xb1, 0x2e, 0x01, 0x14, 0x2b, 0x2d, 0xb0, 0x4c, 0x2c, 0xb0, 0x08, 0x23, 0x42, 0xb0, 0x4b, 0x2b,
    0x2d, 0xb0, 0x4d, 0x2c, 0xb2, 0x00, 0x00, 0x44, 0x2b, 0x2d, 0xb0, 0x4e, 0x2c, 0xb2, 0x00, 0x01,
    0x44, 0x2b, 0x2d, 0xb0, 0x4f, 0x2c, 0xb2, 0x01, 0x00, 0x44, 0x2b, 0x2d, 0xb0, 0x50, 0x2c, 0xb2,
    0x01, 0x01, 0x44, 0x2b, 0x2d, 0xb0, 0x51, 0x2c, 0xb2, 0x00, 0x00, 0x45, 0x2b, 0x2d, 0xb0, 0x52,
    0x2c, 0xb2, 0x00, 0x01, 0x45, 0x2b, 0x2d, 0xb0, 0x53, 0x2c, 0xb2, 0x01, 0x00, 0x45, 0x2b, 0x2d,
    0xb0, 0x54, 0x2c, 0xb2, 0x01, 0x01, 0x45, 0x2b, 0x2d, 0xb0, 0x55, 0x2c, 0xb2, 0x00, 0x00, 0x41,
    0x2b, 0x2d, 0xb0, 0x56, 0x2c, 0xb2, 0x00, 0x01, 0x41, 0x2b, 0x2d, 0xb0, 0x57, 0x2c, 0xb2, 0x01,
    0x00, 0x41, 0x2b, 0x2d, 0xb0, 0x58, 0x2c, 0xb2, 0x01, 0x01, 0x41, 0x2b, 0x2d, 0xb0, 0x59, 0x2c,
    0xb2, 0x00, 0x00, 0x43, 0x2b, 0x2d, 0xb0, 0x5a, 0x2c, 0xb2, 0x00, 0x01, 0x43, 0x2b, 0x2d, 0xb0,
    0x5b, 0x2c, 0xb2, 0x01, 0x00, 0x43, 0x2b, 0x2d, 0xb0, 0x5c, 0x2c, 0xb2, 0x01, 0x01, 0x43, 0x2b,
    0x2d, 0xb0, 0x5d, 0x2c, 0xb2, 0x00, 0x00, 0x46, 0x2b, 0x2d, 0xb0, 0x5e, 0x2c, 0xb2, 0x00, 0x01,
    0x46, 0x2b, 0x2d, 0xb0, 0x5f, 0x2c, 0xb2, 0x01, 0x00, 0x46, 0x2b, 0x2d, 0xb0, 0x60, 0x2c, 0xb2,
    0x01, 0x01, 0x46, 0x2b, 0x2d, 0xb0, 0x61, 0x2c, 0xb2, 0x00, 0x00, 0x42, 0x2b, 0x2d, 0xb0, 0x62,
    0x2c, 0xb2, 0x00, 0x01, 0x42, 0x2b, 0x2d, 0xb0, 0x63, 0x2c, 0xb2, 0x01, 0x00, 0x42, 0x2b, 0x2d,
    0xb0, 0x64, 0x2c, 0xb2, 0x01, 0x01, 0x42, 0x2b, 0x2d, 0xb0, 0x65, 0x2c, 0xb0, 0x3a, 0x2b, 0x2e,
    0xb1, 0x2e, 0x01, 0x14, 0x2b, 0x2d, 0xb0, 0x66, 0x2c, 0xb0, 0x3a, 0x2b, 0xb0, 0x3e, 0x2b, 0x2d,
    0xb0, 0x67, 0x2c, 0xb0, 0x3a, 0x2b, 0xb0, 0x3f, 0x2b, 0x2d, 0xb0, 0x68, 0x2c, 0xb0, 0x00, 0x16,
    0xb0, 0x3a, 0x2b, 0xb0, 0x40, 0x2b, 0x2d, 0xb0, 0x69, 0x2c, 0xb0, 0x3b, 0x2b, 0x2e, 0xb1, 0x2e,
    0x01, 0x14, 0x2b, 0x2d, 0xb0, 0x6a, 0x2c, 0xb0, 0x3b, 0x2b, 0xb0, 0x3e, 0x2b, 0x2d, 0xb0, 0x6b,
    0x2c, 0xb0, 0x3b, 0x2b, 0xb0, 0x3f, 0x2b, 0x2d, 0xb0, 0x6c, 0x2c, 0xb0, 0x3b, 0x2b, 0xb0, 0x40,
    0x2b, 0x2d, 0xb0, 0x6d, 0x2c, 0xb0, 0x3c, 0x2b, 0x2e, 0xb1, 0x2e, 0x01, 0x14, 0x2b, 0x2d, 0xb0,
    0x6e, 0x2c, 0xb0, 0x3c, 0x2b, 0xb0, 0x3e, 0x2b, 0x2d, 0xb0, 0x6f, 0x2c, 0xb0, 0x3c, 0x2b, 0xb0,
    0x3f, 0x2b, 0x2d, 0xb0, 0x70, 0x2c, 0xb0, 0x3c, 0x2b, 0xb0, 0x40, 0x2b, 0x2d, 0xb0, 0x71, 0x2c,
    0xb0, 0x3d, 0x2b, 0x2e, 0xb1, 0x2e, 0x01, 0x14, 0x2b, 0x2d, 0xb0, 0x72, 0x2c, 0xb0, 0x3d, 0x2b,
    0xb0, 0x3e, 0x2b, 0x2d, 0xb0, 0x73, 0x2c, 0xb0, 0x3d, 0x2b, 0xb0, 0x3f, 0x2b, 0x2d, 0xb0, 0x74,
    0x2c, 0xb0, 0x3d, 0x2b, 0xb0, 0x40, 0x2b, 0x2d, 0xb0, 0x75, 0x2c, 0xb3, 0x09, 0x04, 0x02, 0x03,
    0x45, 0x58, 0x21, 0x1b, 0x23, 0x21, 0x59, 0x42, 0x2b, 0xb0, 0x08, 0x65, 0xb0, 0x03, 0x24, 0x50,
    0x78, 0xb1, 0x05, 0x01, 0x15, 0x45, 0x58, 0x30, 0x59, 0x2d, 0x00, 0x00, 0x00, 0x4b, 0xb8, 0x00,
    0xc8, 0x52, 0x58, 0xb1, 0x01, 0x01, 0x8e, 0x59, 0xb0, 0x01, 0xb9, 0x08, 0x00, 0x08, 0x00, 0x63,
    0x70, 0xb1, 0x00, 0x07, 0x42, 0xb5, 0x00, 0x00, 0x34, 0x20, 0x04, 0x00, 0x2a, 0xb1, 0x00, 0x07,
    0x42, 0x40, 0x0a, 0x47, 0x04, 0x3b, 0x04, 0x27, 0x08, 0x15, 0x07, 0x04, 0x08, 0x2a, 0xb1, 0x00,
    0x07, 0x42, 0x40, 0x0a, 0x4d, 0x02, 0x41, 0x02, 0x31, 0x06, 0x1e, 0x05, 0x04, 0x08, 0x2a, 0xb1,
    0x00, 0x0b, 0x42, 0xbd, 0x12, 0x00, 0x0f, 0x00, 0x0a, 0x00, 0x05, 0x80, 0x00, 0x04, 0x00, 0x09,
    0x2a, 0xb1, 0x00, 0x0f, 0x42, 0xbd, 0x00, 0x40, 0x00, 0x40, 0x00, 0x40, 0x00, 0x40, 0x00, 0x04,
    0x00, 0x09, 0x2a, 0xb1, 0x03, 0x00, 0x44, 0xb1, 0x24, 0x01, 0x88, 0x51, 0x58, 0xb0, 0x40, 0x88,
    0x58, 0xb1, 0x03, 0x00, 0x44, 0xb1, 0x26, 0x01, 0x88, 0x51, 0x58, 0xba, 0x08, 0x80, 0x00, 0x01,
    0x04, 0x40, 0x88, 0x63, 0x54, 0x58, 0xb1, 0x03, 0x64, 0x44, 0x59, 0x59, 0x59, 0x59, 0x40, 0x0a,
    0x49, 0x04, 0x3d, 0x04, 0x29, 0x08, 0x17, 0x07, 0x04, 0x0c, 0x2a, 0xb8, 0x01, 0xff, 0x85, 0xb0,
    0x04, 0x8d, 0xb1, 0x02, 0x00, 0x44, 0xb3, 0x05, 0x64, 0x06, 0x00, 0x44, 0x44, 0x00, 0x00, 0x00,
    0x00, 0x00, 0x00, 0x00, 0x00, 0x00, 0x00, 0x00, 0x00, 0x00, 0x00, 0x00, 0x00, 0x00, 0x00, 0x00,
    0x00, 0x00, 0x00, 0x00, 0x00, 0x00, 0x00, 0x00, 0x00, 0x00, 0x00, 0x00, 0x00, 0x00, 0x00, 0x00,
    0x00, 0x00, 0x00, 0x00, 0x00, 0x00, 0x00, 0xc6, 0x00, 0xc6, 0x00, 0xaf, 0x00, 0xaf, 0x02, 0xc7,
    0x00, 0x00, 0x02, 0xc6, 0x00, 0x00, 0x00, 0x00, 0x03, 0xac, 0xfe, 0xfc, 0x02, 0xd5, 0xff, 0xf1,
    0x02, 0xd5, 0xff, 0xf1, 0x00, 0x00, 0x03, 0xac, 0xfe, 0xfc, 0x00, 0xc6, 0x00, 0xc6, 0x00, 0xaf,
    0x00, 0xaf, 0x02, 0xc6, 0x00, 0x00, 0x02, 0xc6, 0x02, 0xc6, 0x00, 0x00, 0x00, 0x00, 0x03, 0xac,
    0xfe, 0xfc, 0x02, 0xd5, 0xff, 0xf1, 0x02, 0xc6, 0x02, 0xd5, 0xff, 0xf1, 0xff, 0xf1, 0x03, 0xac,
    0xfe, 0xfc, 0x00, 0x8a, 0x00, 0x8a, 0x00, 0x78, 0x00, 0x78, 0x01, 0x13, 0xff, 0x88, 0x03, 0xac,
    0xfe, 0xfc, 0x01, 0x1b, 0xff, 0x80, 0x03, 0xac, 0xfe, 0xfc, 0x00, 0x8a, 0x00, 0x8a, 0x00, 0x78,
    0x00, 0x78, 0x03, 0x26, 0x01, 0x96, 0x03, 0xac, 0xfe, 0xfc, 0x03, 0x2e, 0x01, 0x93, 0x03, 0xac,
    0xfe, 0xfc, 0x00, 0x00, 0x00, 0x00, 0x00, 0x28, 0x00, 0x28, 0x00, 0x28, 0x00, 0x28, 0x00, 0x28,
    0x00, 0x9e, 0x00, 0xda, 0x01, 0x8a, 0x02, 0x08, 0x02, 0xa0, 0x03, 0x1e, 0x03, 0x44, 0x03, 0x76,
    0x03, 0xaa, 0x03, 0xf4, 0x04, 0x3e, 0x04, 0x66, 0x04, 0x92, 0x04, 0xda, 0x05, 0x02, 0x05, 0x3a,
    0x05, 0x72, 0x05, 0xcc, 0x06, 0x26, 0x06, 0x7a, 0x06, 0xce, 0x07, 0x24, 0x07, 0x5a, 0x07, 0xb0,
    0x08, 0x06, 0x08, 0x78, 0x08, 0xc0, 0x08, 0xec, 0x09, 0x34, 0x09, 0x62, 0x0a, 0x18, 0x0a, 0xde,
    0x0b, 0x28, 0x0b, 0x78, 0x0b, 0xc0, 0x0b, 0xfa, 0x0c, 0x48, 0x0c, 0x8c, 0x0c, 0xe6, 0x0d, 0x2e,
    0x0d, 0x52, 0x0d, 0x8a, 0x0d, 0xda, 0x0e, 0x0c, 0x0e, 0x76, 0x0e, 0xd0, 0x0f, 0x0a, 0x0f, 0x4e,
    0x0f, 0x98, 0x0f, 0xf2, 0x10, 0x4e, 0x10, 0x88, 0x10, 0xbe, 0x11, 0x04, 0x11, 0x70, 0x11, 0xba,
    0x11, 0xf8, 0x12, 0x3c, 0x12, 0x78, 0x12, 0xa0, 0x12, 0xdc, 0x13, 0x1a, 0x13, 0x48, 0x13, 0x6a,
    0x13, 0xb4, 0x14, 0x04, 0x14, 0x4c, 0x14, 0x86, 0x14, 0xd4, 0x15, 0x18, 0x15, 0x72, 0x15, 0xba,
    0x15, 0xde, 0x16, 0x16, 0x16, 0x66, 0x16, 0x98, 0x17, 0x02, 0x17, 0x5c, 0x17, 0x96, 0x17, 0xda,
    0x18, 0x24, 0x18, 0x7e, 0x18, 0xda, 0x19, 0x14, 0x19, 0x4a, 0x19, 0x90, 0x19, 0xfc, 0x1a, 0x46,
    0x1a, 0x84, 0x1a, 0xc8, 0x1b, 0x26, 0x1b, 0x52, 0x1b, 0xb0, 0x1b, 0xf4, 0x1c, 0x76, 0x1c, 0xc0,
    0x1d, 0x0a, 0x1d, 0x5a, 0x1d, 0x8c, 0x1d, 0xe8, 0x1e, 0x36, 0x1e, 0xba, 0x1f, 0x1a, 0x1f, 0x74,
    0x1f, 0xf2, 0x20, 0x42, 0x20, 0x88, 0x20, 0xf2, 0x21, 0x3a, 0x21, 0x74, 0x21, 0xae, 0x21, 0xf2,
    0x22, 0x3a, 0x22, 0x74, 0x22, 0xae, 0x23, 0x58, 0x23, 0xa2, 0x23, 0xec, 0x24, 0x36, 0x24, 0x80,
    0x24, 0xda, 0x25, 0x2a, 0x25, 0x84, 0x25, 0xc6, 0x26, 0x1a, 0x26, 0x88, 0x26, 0xdc, 0x27, 0x26,
    0x27, 0x70, 0x27, 0xc0, 0x27, 0xf2, 0x28, 0x4e, 0x28, 0x9c, 0x29, 0x20, 0x29, 0x80, 0x29, 0xda,
    0x2a, 0x58, 0x2a, 0xa8, 0x2a, 0xee, 0x2b, 0x58, 0x2b, 0xa0, 0x2b, 0xda, 0x2c, 0x14, 0x2c, 0x58,
    0x2c, 0xa0, 0x2c, 0xda, 0x2d, 0x14, 0x2d, 0xbe, 0x2e, 0x08, 0x2e, 0x52, 0x2e, 0x9c, 0x2e, 0xe6,
    0x2f, 0x40, 0x2f, 0x90, 0x2f, 0xea, 0x30, 0x2c, 0x30, 0x80, 0x30, 0xee, 0x31, 0x42, 0x31, 0xc4,
    0x32, 0x1e, 0x32, 0x7c, 0x00, 0x02, 0x00, 0x35, 0x00, 0x00, 0x02, 0x7e, 0x02, 0xc6, 0x00, 0x0f,
    0x00, 0x13, 0x00, 0x08, 0xb5, 0x11, 0x10, 0x0a, 0x02, 0x02, 0x30, 0x2b, 0x25, 0x14, 0x06, 0x23,
    0x21, 0x22, 0x26, 0x35, 0x11, 0x34, 0x36, 0x33, 0x21, 0x32, 0x16, 0x15, 0x03, 0x11, 0x23, 0x11,
    0x02, 0x7e, 0x13, 0x18, 0xfe, 0x0d, 0x18, 0x13, 0x13, 0x18, 0x01, 0xf3, 0x18, 0x13, 0xc6, 0xbd,
    0x2a, 0x17, 0x13, 0x13, 0x17, 0x02, 0x72, 0x17, 0x13, 0x13, 0x17, 0xfe, 0x13, 0x01, 0x68, 0xfe,
    0x98, 0x00, 0x00, 0x00, 0x00, 0x02, 0x00, 0x26, 0xff, 0xf8, 0x00, 0xf5, 0x02, 0xe3, 0x00, 0x0f,
    0x00, 0x1f, 0x00, 0x87, 0x4b, 0xb0, 0x09, 0x50, 0x58, 0x40, 0x15, 0x04, 0x01, 0x00, 0x00, 0x01,
    0x02, 0x00, 0x01, 0x61, 0x05, 0x01, 0x02, 0x02, 0x03, 0x5b, 0x00, 0x03, 0x03, 0x2a, 0x03, 0x4c,
    0x1b, 0x4b, 0xb0, 0x0c, 0x50, 0x58, 0x40, 0x15, 0x04, 0x01, 0x00, 0x00, 0x01, 0x02, 0x00, 0x01,
    0x61, 0x05, 0x01, 0x02, 0x02, 0x03, 0x5b, 0x00, 0x03, 0x03, 0x32, 0x03, 0x4c, 0x1b, 0x4b, 0xb0,
    0x0d, 0x50, 0x58, 0x40, 0x15, 0x04, 0x01, 0x00, 0x00, 0x01, 0x02, 0x00, 0x01, 0x61, 0x05, 0x01,
    0x02, 0x02, 0x03, 0x5b, 0x00, 0x03, 0x03, 0x2a, 0x03, 0x4c, 0x1b, 0x40, 0x15, 0x04, 0x01, 0x00,
    0x00, 0x01, 0x02, 0x00, 0x01, 0x61, 0x05, 0x01, 0x02, 0x02, 0x03, 0x5b, 0x00, 0x03, 0x03, 0x32,
    0x03, 0x4c, 0x59, 0x59, 0x59, 0x40, 0x13, 0x11, 0x10, 0x01, 0x00, 0x19, 0x16, 0x10, 0x1f, 0x11,
    0x1e, 0x09, 0x06, 0x00, 0x0f, 0x01, 0x0e, 0x06, 0x08, 0x14, 0x2b, 0x13, 0x32, 0x16, 0x07, 0x03,
    0x0e, 0x01, 0x2b, 0x01, 0x22, 0x26, 0x27, 0x03, 0x26, 0x36, 0x33, 0x13, 0x32, 0x16, 0x1d, 0x01,
    0x14, 0x06, 0x2b, 0x01, 0x22, 0x26, 0x3d, 0x01, 0x34, 0x36, 0x33, 0xc7, 0x16, 0x12, 0x01, 0x12,
    0x01, 0x0f, 0x15, 0x52, 0x15, 0x10, 0x01, 0x10, 0x01, 0x12, 0x16, 0x50, 0x2d, 0x22, 0x22, 0x2d,
    0x32, 0x2c, 0x22, 0x22, 0x2c, 0x02, 0xe3, 0x10, 0x15, 0xfe, 0x51, 0x15, 0x11, 0x11, 0x15, 0x01,
    0xaf, 0x15, 0x10, 0xfd, 0xd4, 0x22, 0x2c, 0x23, 0x2c, 0x22, 0x22, 0x2c, 0x23, 0x2c, 0x22, 0x00,
    0x00, 0x02, 0x00, 0x29, 0x01, 0xbe, 0x01, 0x7c, 0x02, 0xc6, 0x00, 0x0f, 0x00, 0x1f, 0x00, 0x17,
    0x40, 0x14, 0x02, 0x01, 0x00, 0x00, 0x01, 0x59, 0x03, 0x01, 0x01, 0x01, 0x29, 0x00, 0x4c, 0x35,
    0x35, 0x35, 0x32, 0x04, 0x08, 0x18, 0x2b, 0x13, 0x0e, 0x01, 0x2b, 0x01, 0x22, 0x26, 0x3d, 0x01,
    0x34, 0x36, 0x3b, 0x01, 0x32, 0x16, 0x07, 0x17, 0x0e, 0x01, 0x2b, 0x01, 0x22, 0x26, 0x3d, 0x01,
    0x34, 0x36, 0x3b, 0x01, 0x32, 0x16, 0x07, 0xb1, 0x02, 0x0f, 0x17, 0x3d, 0x16, 0x0d, 0x0d, 0x16,
    0x58, 0x16, 0x0f, 0x02, 0xa0, 0x03, 0x0f, 0x17, 0x3d, 0x16, 0x0c, 0x0d, 0x15, 0x58, 0x16, 0x0f,
    0x02, 0x01, 0xde, 0x15, 0x0b, 0x0b, 0x15, 0xc6, 0x16, 0x0c, 0x0d, 0x15, 0xc6, 0x15, 0x0b, 0x0b,
    0x15, 0xc6, 0x16, 0x0c, 0x0d, 0x15, 0x00, 0x00, 0x00, 0x02, 0x00, 0x18, 0x00, 0x00, 0x02, 0xe7,
    0x02, 0xa1, 0x00, 0x47, 0x00, 0x4b, 0x00, 0x88, 0x4b, 0xb0, 0x09, 0x50, 0x58, 0x40, 0x28, 0x0d,
    0x01, 0x0b, 0x00, 0x00, 0x0b, 0x66, 0x0c, 0x0a, 0x10, 0x03, 0x00, 0x0e, 0x09, 0x02, 0x01, 0x02,
    0x00, 0x01, 0x64, 0x11, 0x0f, 0x08, 0x03, 0x02, 0x07, 0x05, 0x02, 0x03, 0x04, 0x02, 0x03, 0x63,
    0x06, 0x01, 0x04, 0x04, 0x2a, 0x04, 0x4c, 0x1b, 0x40, 0x27, 0x0d, 0x01, 0x0b, 0x00, 0x0b, 0x72,
    0x0c, 0x0a, 0x10, 0x03, 0x00, 0x0e, 0x09, 0x02, 0x01, 0x02, 0x00, 0x01, 0x64, 0x11, 0x0f, 0x08,
    0x03, 0x02, 0x07, 0x05, 0x02, 0x03, 0x04, 0x02, 0x03, 0x63, 0x06, 0x01, 0x04, 0x04, 0x2a, 0x04,
    0x4c, 0x59, 0x40, 0x2b, 0x48, 0x48, 0x01, 0x00, 0x48, 0x4b, 0x48, 0x4b, 0x4a, 0x49, 0x45, 0x42,
    0x3f, 0x3e, 0x3b, 0x38, 0x36, 0x34, 0x2f, 0x2d, 0x2c, 0x2a, 0x25, 0x23, 0x21, 0x1e, 0x1b, 0x1a,
    0x17, 0x14, 0x12, 0x10, 0x0b, 0x09, 0x08, 0x06, 0x00, 0x47, 0x01, 0x47, 0x12, 0x08, 0x14, 0x2b,
    0x01, 0x32, 0x16, 0x0f, 0x01, 0x0e, 0x01, 0x2b, 0x01, 0x07, 0x33, 0x32, 0x16, 0x0f, 0x01, 0x0e,
    0x01, 0x2b, 0x01, 0x07, 0x06, 0x2b, 0x01, 0x22, 0x26, 0x3f, 0x01, 0x23, 0x07, 0x0e, 0x01, 0x2b,
    0x01, 0x22, 0x3f, 0x01, 0x23, 0x22, 0x26, 0x3f, 0x01, 0x3e, 0x01, 0x3b, 0x01, 0x37, 0x23, 0x22,
    0x26, 0x3f, 0x01, 0x3e, 0x01, 0x3b, 0x01, 0x37, 0x36, 0x3b, 0x01, 0x32, 0x16, 0x0f, 0x01, 0x33,
    0x37, 0x3e, 0x01, 0x3b, 0x01, 0x32, 0x0f, 0x02, 0x37, 0x23, 0x07, 0x02, 0xcb, 0x16, 0x0c, 0x06,
    0x18, 0x06, 0x17, 0x16, 0x3a, 0x1d, 0x3c, 0x16, 0x0e, 0x07, 0x1b, 0x06, 0x16, 0x17, 0x39, 0x1c,
    0x0b, 0x25, 0x5c, 0x16, 0x0c, 0x06, 0x1c, 0x58, 0x1c, 0x06, 0x16, 0x15, 0x5b, 0x28, 0x0d, 0x1b,
    0x3b, 0x15, 0x0c, 0x05, 0x1a, 0x06, 0x16, 0x17, 0x39, 0x1d, 0x3b, 0x16, 0x0e, 0x07, 0x1a, 0x06,
    0x16, 0x16, 0x3a, 0x1c, 0x0b, 0x26, 0x5b, 0x16, 0x0c, 0x06, 0x1c, 0x58, 0x1c, 0x07, 0x15, 0x15,
    0x5c, 0x28, 0x0d, 0x1c, 0xf4, 0x1e, 0x58, 0x1e, 0x02, 0x1b, 0x10, 0x15, 0x53, 0x13, 0x10, 0x61,
    0x11, 0x14, 0x53, 0x14, 0x10, 0x5d, 0x26, 0x12, 0x14, 0x5d, 0x5d, 0x15, 0x11, 0x26, 0x5d, 0x11,
    0x15, 0x53, 0x14, 0x0f, 0x61, 0x11, 0x14, 0x53, 0x14, 0x0f, 0x60, 0x26, 0x12, 0x14, 0x60, 0x60,
    0x15, 0x11, 0x26, 0x60, 0xfc, 0x61, 0x61, 0x00, 0x00, 0x01, 0x00, 0x1e, 0xff, 0xce, 0x02, 0x53,
    0x02, 0xf9, 0x00, 0x46, 0x00, 0x37, 0x40, 0x34, 0x42, 0x04, 0x02, 0x01, 0x00, 0x2c, 0x23, 0x02,
    0x02, 0x03, 0x02, 0x4a, 0x04, 0x01, 0x00, 0x00, 0x01, 0x03, 0x00, 0x01, 0x63, 0x00, 0x03, 0x02,
    0x02, 0x03, 0x57, 0x00, 0x03, 0x03, 0x02, 0x59, 0x00, 0x02, 0x03, 0x02, 0x4d, 0x01, 0x00, 0x37,
    0x35, 0x29, 0x26, 0x11, 0x0f, 0x00, 0x46, 0x01, 0x45, 0x05, 0x08, 0x14, 0x2b, 0x01, 0x32, 0x16,
    0x1d, 0x01, 0x16, 0x17, 0x16, 0x06, 0x0f, 0x01, 0x06, 0x26, 0x27, 0x2e, 0x01, 0x23, 0x22, 0x06,
    0x15, 0x14, 0x16, 0x17, 0x1e, 0x08, 0x15, 0x14, 0x06, 0x07, 0x15, 0x14, 0x06, 0x2b, 0x01, 0x22,
    0x26, 0x3d, 0x01, 0x26, 0x27, 0x26, 0x3f, 0x01, 0x36, 0x16, 0x17, 0x16, 0x33, 0x32, 0x35, 0x34,
    0x26, 0x27, 0x26, 0x27, 0x26, 0x35, 0x34, 0x36, 0x37, 0x35, 0x34, 0x36, 0x33, 0x01, 0x6c, 0x15,
    0x11, 0x7a, 0x32, 0x0a, 0x0a, 0x17, 0x61, 0x14, 0x16, 0x0b, 0x0e, 0x27, 0x25, 0x2c, 0x27, 0x33,
    0x34, 0x1b, 0x16, 0x37, 0x1b, 0x2f, 0x19, 0x21, 0x10, 0x0c, 0x63, 0x5e, 0x11, 0x15, 0x68, 0x16,
    0x10, 0x96, 0x2a, 0x0e, 0x28, 0x5d, 0x16, 0x19, 0x0a, 0x17, 0x4c, 0x5f, 0x30, 0x31, 0x73, 0x2f,
    0x6d, 0x61, 0x5d, 0x10, 0x16, 0x02, 0xf9, 0x10, 0x16, 0x22, 0x15, 0x65, 0x15, 0x18, 0x0a, 0x2b,
    0x09, 0x08, 0x16, 0x1a, 0x17, 0x15, 0x18, 0x17, 0x15, 0x07, 0x03, 0x04, 0x0a, 0x09, 0x12, 0x15,
    0x20, 0x26, 0x34, 0x1e, 0x52, 0x67, 0x11, 0x23, 0x16, 0x11, 0x11, 0x16, 0x21, 0x16, 0x74, 0x27,
    0x0e, 0x21, 0x09, 0x09, 0x15, 0x31, 0x30, 0x17, 0x15, 0x06, 0x11, 0x16, 0x32, 0x81, 0x50, 0x65,
    0x10, 0x22, 0x16, 0x10, 0x00, 0x05, 0x00, 0x19, 0xff, 0xf1, 0x03, 0x6e, 0x02, 0xd5, 0x00, 0x0b,
    0x00, 0x1b, 0x00, 0x25, 0x00, 0x31, 0x00, 0x3b, 0x00, 0x7f, 0x4b, 0xb0, 0x10, 0x50, 0x58, 0x40,
    0x28, 0x00, 0x05, 0x00, 0x01, 0x08, 0x05, 0x01, 0x63, 0x00, 0x06, 0x00, 0x08, 0x09, 0x06, 0x08,
    0x64, 0x00, 0x04, 0x04, 0x00, 0x5b, 0x0a, 0x02, 0x02, 0x00, 0x00, 0x31, 0x4b, 0x00, 0x09, 0x09,
    0x03, 0x5b, 0x07, 0x01, 0x03, 0x03, 0x2a, 0x03, 0x4c, 0x1b, 0x40, 0x30, 0x00, 0x05, 0x00, 0x01,
    0x08, 0x05, 0x01, 0x63, 0x00, 0x06, 0x00, 0x08, 0x09, 0x06, 0x08, 0x64, 0x0a, 0x01, 0x02, 0x02,
    0x29, 0x4b, 0x00, 0x04, 0x04, 0x00, 0x5b, 0x00, 0x00, 0x00, 0x31, 0x4b, 0x00, 0x03, 0x03, 0x2a,
    0x4b, 0x00, 0x09, 0x09, 0x07, 0x5b, 0x00, 0x07, 0x07, 0x32, 0x07, 0x4c, 0x59, 0x40, 0x19, 0x0d,
    0x0c, 0x3a, 0x38, 0x35, 0x33, 0x2f, 0x2e, 0x29, 0x28, 0x24, 0x22, 0x1f, 0x1d, 0x15, 0x12, 0x0c,
    0x1b, 0x0d, 0x1a, 0x15, 0x12, 0x0b, 0x08, 0x16, 0x2b, 0x13, 0x34, 0x36, 0x32, 0x16, 0x1d, 0x01,
    0x14, 0x06, 0x22, 0x26, 0x35, 0x25, 0x32, 0x16, 0x07, 0x01, 0x0e, 0x01, 0x2b, 0x01, 0x22, 0x26,
    0x37, 0x01, 0x3e, 0x01, 0x33, 0x05, 0x34, 0x23, 0x22, 0x1d, 0x01, 0x14, 0x33, 0x32, 0x35, 0x01,
    0x34, 0x36, 0x32, 0x16, 0x1d, 0x01, 0x14, 0x06, 0x22, 0x26, 0x35, 0x37, 0x34, 0x23, 0x22, 0x1d,
    0x01, 0x14, 0x33, 0x32, 0x35, 0x19, 0x5c, 0xac, 0x5c, 0x5c, 0xac, 0x5c, 0x02, 0xe2, 0x15, 0x0b,
    0x0c, 0xfe, 0x30, 0x12, 0x1c, 0x25, 0x5b, 0x16, 0x0c, 0x0d, 0x01, 0xd1, 0x10, 0x1b, 0x23, 0xfe,
    0x5a, 0x2a, 0x2b, 0x2b, 0x2a, 0x01, 0x15, 0x5c, 0xac, 0x5c, 0x5c, 0xac, 0x5c, 0xdd, 0x2a, 0x2b,
    0x2b, 0x2a, 0x02, 0x39, 0x49, 0x53, 0x53, 0x49, 0x4c, 0x48, 0x52, 0x52, 0x48, 0xd9, 0x18, 0x10,
    0xfd, 0x87, 0x18, 0x0d, 0x1a, 0x10, 0x02, 0x79, 0x17, 0x0c, 0x96, 0x24, 0x24, 0x38, 0x25, 0x25,
    0xfe, 0xdf, 0x4a, 0x53, 0x53, 0x4a, 0x4b, 0x49, 0x52, 0x52, 0x49, 0x42, 0x24, 0x24, 0x38, 0x24,
    0x24, 0x00, 0x00, 0x00, 0x00, 0x03, 0x00, 0x15, 0xff, 0xf1, 0x02, 0xbc, 0x02, 0xd5, 0x00, 0x22,
    0x00, 0x2d, 0x00, 0x35, 0x00, 0x5b, 0x40, 0x0f, 0x35, 0x2b, 0x21, 0x11, 0x0a, 0x09, 0x06, 0x04,
    0x03, 0x19, 0x01, 0x01, 0x04, 0x02, 0x4a, 0x4b, 0xb0, 0x10, 0x50, 0x58, 0x40, 0x16, 0x00, 0x03,
    0x03, 0x00, 0x5b, 0x00, 0x00, 0x00, 0x31, 0x4b, 0x00, 0x04, 0x04, 0x01, 0x5b, 0x02, 0x01, 0x01,
    0x01, 0x2a, 0x01, 0x4c, 0x1b, 0x40, 0x1a, 0x00, 0x03, 0x03, 0x00, 0x5b, 0x00, 0x00, 0x00, 0x31,
    0x4b, 0x00, 0x01, 0x01, 0x2a, 0x4b, 0x00, 0x04, 0x04, 0x02, 0x5b, 0x00, 0x02, 0x02, 0x32, 0x02,
    0x4c, 0x59, 0x40, 0x0c, 0x34, 0x32, 0x27, 0x25, 0x1d, 0x1b, 0x17, 0x14, 0x22, 0x05, 0x08, 0x15,
    0x2b, 0x13, 0x34, 0x36, 0x33, 0x32, 0x16, 0x15, 0x14, 0x0f, 0x01, 0x17, 0x37, 0x36, 0x1f, 0x01,
    0x16, 0x0f, 0x01, 0x17, 0x16, 0x06, 0x2b, 0x01, 0x22, 0x2f, 0x01, 0x0e, 0x01, 0x23, 0x22, 0x26,
    0x35, 0x34, 0x37, 0x26, 0x37, 0x34, 0x26, 0x23, 0x22, 0x06, 0x15, 0x14, 0x17, 0x37, 0x36, 0x07,
    0x06, 0x15, 0x14, 0x16, 0x33, 0x32, 0x37, 0x5f, 0x6e, 0x63, 0x55, 0x75, 0x69, 0x09, 0x41, 0x30,
    0x19, 0x19, 0x48, 0x14, 0x17, 0x37, 0x78, 0x0f, 0x09, 0x17, 0x81, 0x24, 0x14, 0x21, 0x32, 0x5c,
    0x38, 0x6a, 0x81, 0x77, 0x2d, 0xfb, 0x17, 0x13, 0x15, 0x18, 0x1c, 0x15, 0x26, 0x62, 0x32, 0x26,
    0x1f, 0x25, 0x28, 0x02, 0x0f, 0x53, 0x73, 0x6b, 0x50, 0x71, 0x3e, 0x05, 0x46, 0x30, 0x19, 0x19,
    0x47, 0x15, 0x17, 0x36, 0x82, 0x0f, 0x16, 0x16, 0x23, 0x29, 0x1f, 0x78, 0x66, 0x7c, 0x43, 0x39,
    0x55, 0x13, 0x17, 0x1a, 0x14, 0x1f, 0x21, 0x0b, 0x16, 0xe1, 0x19, 0x31, 0x1d, 0x24, 0x24, 0x00,
    0x00, 0x01, 0x00, 0x29, 0x01, 0xbe, 0x00, 0xc7, 0x02, 0xc6, 0x00, 0x0f, 0x00, 0x13, 0x40, 0x10,
    0x00, 0x00, 0x00, 0x01, 0x59, 0x00, 0x01, 0x01, 0x29, 0x00, 0x4c, 0x35, 0x32, 0x02, 0x08, 0x16,
    0x2b, 0x13, 0x0e, 0x01, 0x2b, 0x01, 0x22, 0x26, 0x3d, 0x01, 0x34, 0x36, 0x3b, 0x01, 0x32, 0x16,
    0x07, 0xb1, 0x02, 0x0f, 0x17, 0x3d, 0x16, 0x0d, 0x0d, 0x16, 0x58, 0x16, 0x0f, 0x02, 0x01, 0xde,
    0x15, 0x0b, 0x0b, 0x15, 0xc6, 0x16, 0x0c, 0x0d, 0x15, 0x00, 0x00, 0x00, 0x00, 0x01, 0x00, 0x29,
    0xff, 0x67, 0x01, 0x2a, 0x03, 0x60, 0x00, 0x1a, 0x00, 0x06, 0xb3, 0x16, 0x04, 0x01, 0x30, 0x2b,
    0x13, 0x34, 0x36, 0x37, 0x36, 0x16, 0x1f, 0x01, 0x16, 0x06, 0x07, 0x06, 0x15, 0x11, 0x14, 0x16,
    0x17, 0x1e, 0x01, 0x0f, 0x01, 0x0e, 0x01, 0x27, 0x2e, 0x01, 0x35, 0x29, 0x4c, 0x4c, 0x14, 0x15,
    0x0b, 0x30, 0x08, 0x08, 0x15, 0x32, 0x17, 0x1b, 0x15, 0x09, 0x09, 0x30, 0x0b, 0x15, 0x14, 0x4c,
    0x4c, 0x02, 0x53, 0x68, 0x7f, 0x23, 0x08, 0x0b, 0x16, 0x62, 0x15, 0x13, 0x0c, 0x1b, 0x45, 0xfe,
    0x2b, 0x26, 0x2b, 0x0f, 0x0c, 0x14, 0x14, 0x63, 0x15, 0x0b, 0x08, 0x23, 0x7f, 0x68, 0x00, 0x00,
    0x00, 0x01, 0x00, 0x14, 0xff, 0x67, 0x01, 0x14, 0x03, 0x60, 0x00, 0x1b, 0x00, 0x06, 0xb3, 0x0b,
    0x02, 0x01, 0x30, 0x2b, 0x13, 0x3e, 0x01, 0x17, 0x1e, 0x01, 0x15, 0x11, 0x14, 0x06, 0x07, 0x06,
    0x26, 0x2f, 0x01, 0x26, 0x36, 0x37, 0x3e, 0x01, 0x35, 0x11, 0x34, 0x26, 0x27, 0x2e, 0x01, 0x37,
    0x49, 0x0b, 0x15, 0x14, 0x4b, 0x4c, 0x4c, 0x4b, 0x14, 0x15, 0x0b, 0x30, 0x09, 0x09, 0x15, 0x1b,
    0x16, 0x17, 0x1a, 0x15, 0x09, 0x09, 0x03, 0x44, 0x16, 0x0b, 0x08, 0x23, 0x7f, 0x68, 0xfe, 0x21,
    0x68, 0x7f, 0x23, 0x08, 0x0b, 0x15, 0x63, 0x15, 0x13, 0x0c, 0x0e, 0x2b, 0x27, 0x01, 0xd5, 0x26,
    0x2c, 0x0e, 0x0c, 0x13, 0x15, 0x00, 0x00, 0x00, 0x00, 0x01, 0x00, 0x1f, 0x01, 0x97, 0x01, 0x3e,
    0x02, 0xa8, 0x00, 0x23, 0x00, 0x19, 0x40, 0x16, 0x20, 0x19, 0x12, 0x0b, 0x03, 0x05, 0x00, 0x47,
    0x01, 0x01, 0x00, 0x00, 0x69, 0x01, 0x00, 0x00, 0x23, 0x01, 0x22, 0x02, 0x08, 0x14, 0x2b, 0x13,
    0x32, 0x0f, 0x01, 0x37, 0x36, 0x16, 0x1f, 0x01, 0x16, 0x0f, 0x01, 0x17, 0x16, 0x0f, 0x01, 0x06,
    0x2f, 0x01, 0x07, 0x06, 0x2f, 0x01, 0x26, 0x3f, 0x01, 0x27, 0x26, 0x3f, 0x01, 0x36, 0x1f, 0x01,
    0x27, 0x26, 0x33, 0xc1, 0x1f, 0x06, 0x0b, 0x3e, 0x0f, 0x10, 0x05, 0x0d, 0x09, 0x1e, 0x45, 0x31,
    0x17, 0x19, 0x20, 0x19, 0x0e, 0x1e, 0x1f, 0x0d, 0x17, 0x22, 0x17, 0x15, 0x32, 0x45, 0x1e, 0x09,
    0x0d, 0x09, 0x1b, 0x3e, 0x0c, 0x06, 0x1e, 0x02, 0xa8, 0x1d, 0x45, 0x20, 0x08, 0x07, 0x10, 0x25,
    0x1c, 0x04, 0x0b, 0x31, 0x16, 0x10, 0x16, 0x12, 0x1a, 0x3c, 0x3c, 0x1d, 0x12, 0x19, 0x12, 0x14,
    0x31, 0x0b, 0x04, 0x1d, 0x24, 0x1d, 0x0e, 0x20, 0x45, 0x1d, 0x00, 0x00, 0x00, 0x01, 0x00, 0x1a,
    0x00, 0x4d, 0x02, 0x0e, 0x02, 0x41, 0x00, 0x23, 0x00, 0x31, 0x40, 0x2e, 0x00, 0x05, 0x00, 0x02,
    0x05, 0x55, 0x04, 0x06, 0x02, 0x00, 0x03, 0x01, 0x01, 0x02, 0x00, 0x01, 0x61, 0x00, 0x05, 0x05,
    0x02, 0x59, 0x00, 0x02, 0x05, 0x02, 0x4d, 0x01, 0x00, 0x20, 0x1d, 0x1a, 0x18, 0x13, 0x11, 0x0e,
    0x0b, 0x08, 0x06, 0x00, 0x23, 0x01, 0x23, 0x07, 0x08, 0x14, 0x2b, 0x01, 0x32, 0x16, 0x1d, 0x01,
    0x14, 0x06, 0x2b, 0x01, 0x15, 0x14, 0x06, 0x2b, 0x01, 0x22, 0x26, 0x3d, 0x01, 0x23, 0x22, 0x26,
    0x3d, 0x01, 0x34, 0x36, 0x3b, 0x01, 0x35, 0x34, 0x36, 0x3b, 0x01, 0x32, 0x16, 0x1d, 0x01, 0x01,
    0xe4, 0x18, 0x12, 0x12, 0x18, 0x7e, 0x13, 0x18, 0x4f, 0x18, 0x13, 0x7d, 0x18, 0x12, 0x12, 0x18,
    0x7d, 0x13, 0x18, 0x4f, 0x18, 0x13, 0x01, 0x9a, 0x13, 0x18, 0x4f, 0x18, 0x13, 0x7e, 0x18, 0x12,
    0x12, 0x18, 0x7e, 0x13, 0x18, 0x4f, 0x18, 0x13, 0x7d, 0x18, 0x12, 0x12, 0x18, 0x7d, 0x00, 0x00,
    0x00, 0x01, 0x00, 0x11, 0xff, 0x86, 0x00, 0xe4, 0x00, 0xba, 0x00, 0x0e, 0x00, 0x18, 0x40, 0x15,
    0x00, 0x01, 0x00, 0x00, 0x01, 0x55, 0x00, 0x01, 0x01, 0x00, 0x5b, 0x00, 0x00, 0x01, 0x00, 0x4f,
    0x35, 0x32, 0x02, 0x08, 0x16, 0x2b, 0x17, 0x0e, 0x01, 0x2b, 0x01, 0x22, 0x26, 0x3f, 0x01, 0x3e,
    0x01, 0x3b, 0x01, 0x32, 0x07, 0x9a, 0x08, 0x16, 0x17, 0x38, 0x13, 0x0b, 0x02, 0x1c, 0x03, 0x16,
    0x1a, 0x5d, 0x39, 0x12, 0x54, 0x15, 0x11, 0x0c, 0x11, 0xe4, 0x1c, 0x17, 0x33, 0x00, 0x00, 0x00,
    0x00, 0x01, 0x00, 0x2b, 0x00, 0xb4, 0x01, 0x67, 0x01, 0x5d, 0x00, 0x0f, 0x00, 0x20, 0x40, 0x1d,
    0x02, 0x01, 0x00, 0x01, 0x01, 0x00, 0x55, 0x02, 0x01, 0x00, 0x00, 0x01, 0x59, 0x00, 0x01, 0x00,
    0x01, 0x4d, 0x01, 0x00, 0x09, 0x06, 0x00, 0x0f, 0x01, 0x0e, 0x03, 0x08, 0x14, 0x2b, 0x01, 0x32,
    0x16, 0x1d, 0x01, 0x14, 0x06, 0x2b, 0x01, 0x22, 0x26, 0x3d, 0x01, 0x34, 0x36, 0x33, 0x01, 0x3d,
    0x17, 0x13, 0x13, 0x17, 0xe8, 0x17, 0x13, 0x13, 0x17, 0x01, 0x5d, 0x12, 0x18, 0x55, 0x18, 0x12,
    0x12, 0x18, 0x55, 0x18, 0x12, 0x00, 0x00, 0x00, 0x00, 0x01, 0x00, 0x22, 0xff, 0xf8, 0x00, 0xe5,
    0x00, 0xbe, 0x00, 0x0f, 0x00, 0x5b, 0x4b, 0xb0, 0x09, 0x50, 0x58, 0x40, 0x0c, 0x02, 0x01, 0x00,
    0x00, 0x01, 0x5b, 0x00, 0x01, 0x01, 0x2a, 0x01, 0x4c, 0x1b, 0x4b, 0xb0, 0x0c, 0x50, 0x58, 0x40,
    0x0c, 0x02, 0x01, 0x00, 0x00, 0x01, 0x5b, 0x00, 0x01, 0x01, 0x32, 0x01, 0x4c, 0x1b, 0x4b, 0xb0,
    0x0d, 0x50, 0x58, 0x40, 0x0c, 0x02, 0x01, 0x00, 0x00, 0x01, 0x5b, 0x00, 0x01, 0x01, 0x2a, 0x01,
    0x4c, 0x1b, 0x40, 0x0c, 0x02, 0x01, 0x00, 0x00, 0x01, 0x5b, 0x00, 0x01, 0x01, 0x32, 0x01, 0x4c,
    0x59, 0x59, 0x59, 0x40, 0x0b, 0x01, 0x00, 0x09, 0x06, 0x00, 0x0f, 0x01, 0x0e, 0x03, 0x08, 0x14,
    0x2b, 0x37, 0x32, 0x16, 0x1d, 0x01, 0x14, 0x06, 0x2b, 0x01, 0x22, 0x26, 0x3d, 0x01, 0x34, 0x36,
    0x33, 0x97, 0x2c, 0x22, 0x22, 0x2c, 0x26, 0x2d, 0x22, 0x22, 0x2d, 0xbe, 0x23, 0x2c, 0x29, 0x2c,
    0x22, 0x22, 0x2c, 0x29, 0x2c, 0x23, 0x00, 0x00, 0x00, 0x01, 0x00, 0x15, 0xff, 0xc4, 0x01, 0xd9,
    0x02, 0xc6, 0x00, 0x0f, 0x00, 0x13, 0x40, 0x10, 0x00, 0x00, 0x01, 0x00, 0x73, 0x00, 0x01, 0x01,
    0x29, 0x01, 0x4c, 0x35, 0x32, 0x02, 0x08, 0x16, 0x2b, 0x17, 0x0e, 0x01, 0x2b, 0x01, 0x22, 0x26,
    0x37, 0x01, 0x3e, 0x01, 0x3b, 0x01, 0x32, 0x16, 0x07, 0xd3, 0x08, 0x15, 0x16, 0x70, 0x15, 0x0c,
    0x07, 0x01, 0x05, 0x08, 0x15, 0x16, 0x70, 0x15, 0x0b, 0x07, 0x19, 0x14, 0x0f, 0x11, 0x12, 0x02,
    0xbc, 0x15, 0x0e, 0x10, 0x13, 0x00, 0x00, 0x00, 0x00, 0x02, 0x00, 0x27, 0xff, 0xf1, 0x02, 0x61,
    0x02, 0xd5, 0x00, 0x0b, 0x00, 0x17, 0x00, 0x1f, 0x40, 0x1c, 0x00, 0x02, 0x02, 0x00, 0x5b, 0x00,
    0x00, 0x00, 0x31, 0x4b, 0x00, 0x03, 0x03, 0x01, 0x5b, 0x00, 0x01, 0x01, 0x32, 0x01, 0x4c, 0x15,
    0x15, 0x15, 0x12, 0x04, 0x08, 0x18, 0x2b, 0x13, 0x34, 0x36, 0x20, 0x16, 0x1d, 0x01, 0x14, 0x06,
    0x20, 0x26, 0x35, 0x25, 0x34, 0x26, 0x22, 0x06, 0x1d, 0x01, 0x14, 0x16, 0x32, 0x36, 0x35, 0x27,
    0x96, 0x01, 0x0e, 0x96, 0x96, 0xfe, 0xf2, 0x96, 0x01, 0x74, 0x2e, 0x52, 0x2e, 0x2e, 0x52, 0x2e,
    0x01, 0xd1, 0x78, 0x8c, 0x8c, 0x78, 0xdb, 0x7a, 0x8b, 0x8b, 0x7a, 0xe3, 0x25, 0x28, 0x28, 0x25,
    0xeb, 0x25, 0x29, 0x29, 0x25, 0x00, 0x00, 0x00, 0x00, 0x01, 0x00, 0x05, 0x00, 0x00, 0x01, 0x84,
    0x02, 0xc6, 0x00, 0x16, 0x00, 0x20, 0x40, 0x1d, 0x0c, 0x01, 0x01, 0x00, 0x01, 0x4a, 0x02, 0x01,
    0x00, 0x00, 0x29, 0x4b, 0x00, 0x01, 0x01, 0x2a, 0x01, 0x4c, 0x01, 0x00, 0x09, 0x06, 0x00, 0x16,
    0x01, 0x15, 0x03, 0x08, 0x14, 0x2b, 0x01, 0x32, 0x16, 0x15, 0x11, 0x14, 0x06, 0x2b, 0x01, 0x22,
    0x26, 0x35, 0x11, 0x07, 0x06, 0x2f, 0x01, 0x26, 0x36, 0x3f, 0x01, 0x36, 0x33, 0x01, 0x5a, 0x18,
    0x12, 0x12, 0x18, 0x71, 0x18, 0x13, 0x43, 0x2b, 0x16, 0x2f, 0x0a, 0x09, 0x15, 0xc3, 0x1c, 0x20,
    0x02, 0xc6, 0x13, 0x17, 0xfd, 0x8e, 0x17, 0x13, 0x13, 0x17, 0x01, 0xa1, 0x26, 0x18, 0x29, 0x55,
    0x16, 0x17, 0x0d, 0x70, 0x11, 0x00, 0x00, 0x00, 0x00, 0x01, 0x00, 0x20, 0x00, 0x00, 0x02, 0x46,
    0x02, 0xd5, 0x00, 0x33, 0x00, 0x20, 0x40, 0x1d, 0x00, 0x03, 0x03, 0x00, 0x5b, 0x00, 0x00, 0x00,
    0x31, 0x4b, 0x00, 0x01, 0x01, 0x02, 0x59, 0x00, 0x02, 0x02, 0x2a, 0x02, 0x4c, 0x2b, 0x29, 0x35,
    0x2c, 0x21, 0x04, 0x08, 0x17, 0x2b, 0x13, 0x36, 0x33, 0x32, 0x16, 0x15, 0x14, 0x06, 0x07, 0x0e,
    0x04, 0x1d, 0x01, 0x21, 0x32, 0x16, 0x1d, 0x01, 0x14, 0x06, 0x23, 0x21, 0x22, 0x26, 0x3d, 0x01,
    0x34, 0x3e, 0x02, 0x37, 0x3e, 0x04, 0x35, 0x34, 0x26, 0x23, 0x22, 0x06, 0x07, 0x0e, 0x01, 0x2f,
    0x01, 0x2e, 0x01, 0x27, 0x45, 0xd2, 0x7a, 0x8e, 0x68, 0x7a, 0x0d, 0x27, 0x1a, 0x1b, 0x0d, 0x01,
    0x1f, 0x18, 0x13, 0x13, 0x18, 0xfe, 0x3e, 0x18, 0x13, 0x1f, 0x42, 0x34, 0x2d, 0x23, 0x1a, 0x35,
    0x15, 0x13, 0x24, 0x20, 0x1f, 0x27, 0x11, 0x0b, 0x14, 0x17, 0x6a, 0x16, 0x0c, 0x02, 0x26, 0xaf,
    0x84, 0x64, 0x6f, 0x70, 0x2b, 0x04, 0x0b, 0x08, 0x0a, 0x0c, 0x07, 0x06, 0x13, 0x18, 0x54, 0x17,
    0x13, 0x13, 0x17, 0x50, 0x30, 0x4a, 0x35, 0x1d, 0x13, 0x0f, 0x0c, 0x1d, 0x17, 0x26, 0x16, 0x1d,
    0x25, 0x1e, 0x24, 0x18, 0x0a, 0x07, 0x27, 0x08, 0x18, 0x00, 0x00, 0x00, 0x00, 0x01, 0x00, 0x1e,
    0xff, 0xf1, 0x02, 0x53, 0x02, 0xd5, 0x00, 0x2d, 0x00, 0x2f, 0x40, 0x2c, 0x02, 0x01, 0x02, 0x03,
    0x01, 0x4a, 0x00, 0x03, 0x00, 0x02, 0x01, 0x03, 0x02, 0x63, 0x00, 0x04, 0x04, 0x05, 0x5b, 0x00,
    0x05, 0x05, 0x31, 0x4b, 0x00, 0x01, 0x01, 0x00, 0x5b, 0x00, 0x00, 0x00, 0x32, 0x00, 0x4c, 0x2a,
    0x21, 0x35, 0x31, 0x28, 0x26, 0x06, 0x08, 0x1a, 0x2b, 0x00, 0x14, 0x07, 0x16, 0x15, 0x14, 0x06,
    0x23, 0x22, 0x27, 0x26, 0x3f, 0x01, 0x36, 0x16, 0x17, 0x16, 0x33, 0x32, 0x34, 0x2b, 0x01, 0x22,
    0x26, 0x3d, 0x01, 0x34, 0x36, 0x3b, 0x01, 0x32, 0x34, 0x23, 0x22, 0x06, 0x07, 0x0e, 0x01, 0x2f,
    0x01, 0x2e, 0x01, 0x37, 0x36, 0x33, 0x32, 0x02, 0x3e, 0x4e, 0x63, 0x87, 0x87, 0xe7, 0x40, 0x0f,
    0x2a, 0x62, 0x17, 0x16, 0x09, 0x18, 0x4d, 0x4e, 0x42, 0x3d, 0x18, 0x12, 0x12, 0x18, 0x2c, 0x44,
    0x44, 0x28, 0x28, 0x0e, 0x08, 0x18, 0x16, 0x62, 0x16, 0x0d, 0x08, 0x42, 0xe5, 0x76, 0x02, 0x65,
    0xbe, 0x33, 0x34, 0x74, 0x69, 0x72, 0xaf, 0x28, 0x0e, 0x23, 0x08, 0x0b, 0x18, 0x41, 0x76, 0x13,
    0x17, 0x53, 0x18, 0x13, 0x6e, 0x1d, 0x24, 0x17, 0x0c, 0x08, 0x23, 0x07, 0x19, 0x16, 0xaf, 0x00,
    0x00, 0x02, 0x00, 0x0f, 0x00, 0x00, 0x02, 0x80, 0x02, 0xc6, 0x00, 0x22, 0x00, 0x25, 0x00, 0x37,
    0x40, 0x34, 0x24, 0x01, 0x00, 0x04, 0x01, 0x4a, 0x07, 0x05, 0x06, 0x03, 0x00, 0x03, 0x01, 0x01,
    0x02, 0x00, 0x01, 0x63, 0x00, 0x04, 0x04, 0x29, 0x4b, 0x00, 0x02, 0x02, 0x2a, 0x02, 0x4c, 0x23,
    0x23, 0x01, 0x00, 0x23, 0x25, 0x23, 0x25, 0x1f, 0x1c, 0x13, 0x11, 0x0e, 0x0b, 0x08, 0x06, 0x00,
    0x22, 0x01, 0x22, 0x08, 0x08, 0x14, 0x2b, 0x01, 0x32, 0x16, 0x1d, 0x01, 0x14, 0x06, 0x2b, 0x01,
    0x15, 0x14, 0x06, 0x2b, 0x01, 0x22, 0x26, 0x3d, 0x01, 0x21, 0x22, 0x26, 0x3d, 0x01, 0x34, 0x36,
    0x37, 0x01, 0x3e, 0x01, 0x3b, 0x01, 0x32, 0x16, 0x15, 0x11, 0x23, 0x35, 0x07, 0x02, 0x56, 0x17,
    0x13, 0x13, 0x17, 0x33, 0x13, 0x17, 0x67, 0x18, 0x12, 0xfe, 0xd1, 0x17, 0x13, 0x08, 0x0e, 0x01,
    0x30, 0x0f, 0x1a, 0x18, 0x63, 0x17, 0x13, 0xbb, 0x8c, 0x01, 0x27, 0x13, 0x17, 0x46, 0x17, 0x13,
    0x63, 0x17, 0x13, 0x13, 0x17, 0x63, 0x13, 0x17, 0x42, 0x1a, 0x19, 0x11, 0x01, 0x6b, 0x12, 0x0c,
    0x13, 0x17, 0xfe, 0x8b, 0xa9, 0xa9, 0x00, 0x00, 0x00, 0x01, 0x00, 0x17, 0xff, 0xf1, 0x02, 0x4b,
    0x02, 0xc7, 0x00, 0x26, 0x00, 0x34, 0x40, 0x31, 0x00, 0x02, 0x00, 0x05, 0x04, 0x02, 0x05, 0x61,
    0x00, 0x01, 0x01, 0x00, 0x59, 0x06, 0x01, 0x00, 0x00, 0x29, 0x4b, 0x00, 0x04, 0x04, 0x03, 0x5b,
    0x00, 0x03, 0x03, 0x32, 0x03, 0x4c, 0x01, 0x00, 0x20, 0x1d, 0x1b, 0x1a, 0x10, 0x0e, 0x0b, 0x09,
    0x08, 0x06, 0x00, 0x26, 0x01, 0x25, 0x07, 0x08, 0x14, 0x2b, 0x01, 0x32, 0x16, 0x1d, 0x01, 0x14,
    0x06, 0x2b, 0x01, 0x07, 0x33, 0x32, 0x16, 0x14, 0x06, 0x23, 0x22, 0x26, 0x27, 0x26, 0x36, 0x3f,
    0x01, 0x36, 0x16, 0x17, 0x16, 0x32, 0x35, 0x34, 0x2b, 0x01, 0x22, 0x26, 0x37, 0x13, 0x3e, 0x01,
    0x33, 0x02, 0x01, 0x18, 0x13, 0x13, 0x18, 0xf8, 0x07, 0x43, 0x83, 0x83, 0x91, 0x7e, 0x78, 0x8b,
    0x20, 0x08, 0x0c, 0x16, 0x6b, 0x14, 0x17, 0x09, 0x17, 0x94, 0x50, 0xd0, 0x1b, 0x13, 0x02, 0x1f,
    0x04, 0x1c, 0x23, 0x02, 0xc7, 0x13, 0x18, 0x5a, 0x18, 0x12, 0x46, 0x84, 0xd4, 0x89, 0x50, 0x55,
    0x17, 0x17, 0x08, 0x28, 0x08, 0x0a, 0x17, 0x38, 0x4a, 0x44, 0x17, 0x1a, 0x01, 0x29, 0x22, 0x1a,
    0x00, 0x02, 0x00, 0x27, 0xff, 0xf1, 0x02, 0x6b, 0x02, 0xd5, 0x00, 0x1d, 0x00, 0x28, 0x00, 0x33,
    0x40, 0x30, 0x00, 0x01, 0x05, 0x00, 0x28, 0x01, 0x04, 0x05, 0x02, 0x4a, 0x00, 0x00, 0x00, 0x05,
    0x04, 0x00, 0x05, 0x63, 0x00, 0x03, 0x03, 0x02, 0x5b, 0x00, 0x02, 0x02, 0x31, 0x4b, 0x00, 0x04,
    0x04, 0x01, 0x5b, 0x00, 0x01, 0x01, 0x32, 0x01, 0x4c, 0x24, 0x24, 0x29, 0x25, 0x24, 0x21, 0x06,
    0x08, 0x1a, 0x2b, 0x13, 0x36, 0x33, 0x32, 0x16, 0x15, 0x14, 0x06, 0x23, 0x22, 0x26, 0x3d, 0x01,
    0x34, 0x36, 0x33, 0x32, 0x17, 0x16, 0x06, 0x0f, 0x01, 0x06, 0x26, 0x27, 0x26, 0x23, 0x22, 0x06,
    0x1d, 0x01, 0x14, 0x33, 0x32, 0x36, 0x35, 0x34, 0x26, 0x23, 0x22, 0x07, 0xec, 0x28, 0x40, 0x8f,
    0x88, 0x99, 0x89, 0x8e, 0x94, 0x95, 0x8d, 0xd9, 0x3e, 0x08, 0x0c, 0x17, 0x5f, 0x17, 0x13, 0x0d,
    0x17, 0x4c, 0x32, 0x2e, 0x5d, 0x32, 0x2b, 0x2a, 0x33, 0x3b, 0x22, 0x01, 0xbb, 0x08, 0x71, 0x76,
    0x71, 0x7a, 0x8b, 0x82, 0xca, 0x82, 0x8b, 0x9f, 0x17, 0x17, 0x08, 0x25, 0x07, 0x0c, 0x17, 0x2f,
    0x2c, 0x31, 0xe1, 0x4e, 0x21, 0x20, 0x21, 0x1e, 0x0c, 0x00, 0x00, 0x00, 0x00, 0x01, 0x00, 0x11,
    0x00, 0x00, 0x02, 0x2b, 0x02, 0xc6, 0x00, 0x16, 0x00, 0x21, 0x40, 0x1e, 0x00, 0x02, 0x02, 0x00,
    0x59, 0x03, 0x01, 0x00, 0x00, 0x29, 0x4b, 0x00, 0x01, 0x01, 0x2a, 0x01, 0x4c, 0x01, 0x00, 0x10,
    0x0e, 0x0c, 0x09, 0x00, 0x16, 0x01, 0x15, 0x04, 0x08, 0x14, 0x2b, 0x01, 0x32, 0x16, 0x1d, 0x01,
    0x14, 0x07, 0x03, 0x0e, 0x01, 0x2b, 0x01, 0x22, 0x37, 0x13, 0x21, 0x22, 0x26, 0x3d, 0x01, 0x34,
    0x36, 0x33, 0x02, 0x01, 0x18, 0x12, 0x0c, 0xed, 0x0b, 0x1d, 0x27, 0x6e, 0x28, 0x13, 0xe6, 0xfe,
    0xf6, 0x18, 0x13, 0x13, 0x18, 0x02, 0xc6, 0x13, 0x17, 0x44, 0x21, 0x1a, 0xfe, 0x08, 0x17, 0x0e,
    0x2a, 0x01, 0xed, 0x13, 0x18, 0x5a, 0x17, 0x13, 0x00, 0x03, 0x00, 0x1e, 0xff, 0xf1, 0x02, 0x69,
    0x02, 0xd5, 0x00, 0x12, 0x00, 0x1c, 0x00, 0x2c, 0x00, 0x2a, 0x40, 0x27, 0x27, 0x1d, 0x1b, 0x11,
    0x08, 0x05, 0x03, 0x02, 0x01, 0x4a, 0x00, 0x02, 0x02, 0x00, 0x5b, 0x00, 0x00, 0x00, 0x31, 0x4b,
    0x00, 0x03, 0x03, 0x01, 0x5b, 0x00, 0x01, 0x01, 0x32, 0x01, 0x4c, 0x2c, 0x2a, 0x26, 0x28, 0x22,
    0x04, 0x08, 0x17, 0x2b, 0x13, 0x34, 0x36, 0x33, 0x32, 0x16, 0x15, 0x14, 0x07, 0x16, 0x15, 0x14,
    0x06, 0x23, 0x20, 0x35, 0x34, 0x37, 0x26, 0x25, 0x34, 0x23, 0x22, 0x15, 0x14, 0x16, 0x1f, 0x01,
    0x36, 0x13, 0x34, 0x2e, 0x07, 0x27, 0x06, 0x15, 0x14, 0x33, 0x32, 0x36, 0x90, 0x7d, 0x84, 0x8b,
    0x47, 0x5e, 0x8f, 0x97, 0xfe, 0xdb, 0x63, 0x4b, 0x01, 0x58, 0x4a, 0x46, 0x22, 0x25, 0x1e, 0x2b,
    0x0d, 0x03, 0x08, 0x07, 0x11, 0x0b, 0x1a, 0x10, 0x22, 0x0b, 0x32, 0x5e, 0x59, 0x01, 0xff, 0x65,
    0x71, 0x68, 0x61, 0x56, 0x3d, 0x38, 0x71, 0x68, 0x77, 0xcc, 0x69, 0x3d, 0x34, 0x64, 0x35, 0x35,
    0x19, 0x1b, 0x0b, 0x08, 0x1c, 0xfe, 0xfe, 0x08, 0x0d, 0x0a, 0x09, 0x08, 0x05, 0x09, 0x04, 0x0a,
    0x03, 0x21, 0x2c, 0x3c, 0x00, 0x02, 0x00, 0x20, 0xff, 0xf1, 0x02, 0x64, 0x02, 0xd5, 0x00, 0x1d,
    0x00, 0x28, 0x00, 0x33, 0x40, 0x30, 0x28, 0x01, 0x05, 0x04, 0x00, 0x01, 0x00, 0x05, 0x02, 0x4a,
    0x00, 0x05, 0x00, 0x00, 0x03, 0x05, 0x00, 0x63, 0x00, 0x04, 0x04, 0x01, 0x5b, 0x00, 0x01, 0x01,
    0x31, 0x4b, 0x00, 0x03, 0x03, 0x02, 0x5b, 0x00, 0x02, 0x02, 0x32, 0x02, 0x4c, 0x24, 0x24, 0x29,
    0x25, 0x24, 0x21, 0x06, 0x08, 0x1a, 0x2b, 0x01, 0x06, 0x23, 0x22, 0x26, 0x35, 0x34, 0x36, 0x33,
    0x32, 0x16, 0x1d, 0x01, 0x14, 0x06, 0x23, 0x22, 0x27, 0x26, 0x36, 0x3f, 0x01, 0x36, 0x16, 0x17,
    0x16, 0x33, 0x32, 0x36, 0x3d, 0x01, 0x34, 0x23, 0x22, 0x06, 0x15, 0x14, 0x16, 0x33, 0x32, 0x37,
    0x01, 0x9f, 0x28, 0x40, 0x8f, 0x88, 0x99, 0x89, 0x8e, 0x94, 0x95, 0x8d, 0xd9, 0x3e, 0x08, 0x0c,
    0x17, 0x5f, 0x17, 0x13, 0x0d, 0x18, 0x4b, 0x32, 0x2e, 0x5d, 0x32, 0x2b, 0x2a, 0x33, 0x3b, 0x22,
    0x01, 0x0b, 0x08, 0x71, 0x76, 0x71, 0x7a, 0x8b, 0x82, 0xca, 0x82, 0x8b, 0x9f, 0x17, 0x17, 0x08,
    0x25, 0x07, 0x0c, 0x17, 0x2f, 0x2c, 0x31, 0xe1, 0x4e, 0x21, 0x20, 0x21, 0x1e, 0x0c, 0x00, 0x00,
    0x00, 0x02, 0x00, 0x2c, 0xff, 0xf8, 0x00, 0xf0, 0x02, 0x1c, 0x00, 0x0f, 0x00, 0x1f, 0x00, 0x87,
    0x4b, 0xb0, 0x09, 0x50, 0x58, 0x40, 0x15, 0x04, 0x01, 0x00, 0x00, 0x01, 0x02, 0x00, 0x01, 0x63,
    0x05, 0x01, 0x02, 0x02, 0x03, 0x5b, 0x00, 0x03, 0x03, 0x2a, 0x03, 0x4c, 0x1b, 0x4b, 0xb0, 0x0c,
    0x50, 0x58, 0x40, 0x15, 0x04, 0x01, 0x00, 0x00, 0x01, 0x02, 0x00, 0x01, 0x63, 0x05, 0x01, 0x02,
    0x02, 0x03, 0x5b, 0x00, 0x03, 0x03, 0x32, 0x03, 0x4c, 0x1b, 0x4b, 0xb0, 0x0d, 0x50, 0x58, 0x40,
    0x15, 0x04, 0x01, 0x00, 0x00, 0x01, 0x02, 0x00, 0x01, 0x63, 0x05, 0x01, 0x02, 0x02, 0x03, 0x5b,
    0x00, 0x03, 0x03, 0x2a, 0x03, 0x4c, 0x1b, 0x40, 0x15, 0x04, 0x01, 0x00, 0x00, 0x01, 0x02, 0x00,
    0x01, 0x63, 0x05, 0x01, 0x02, 0x02, 0x03, 0x5b, 0x00, 0x03, 0x03, 0x32, 0x03, 0x4c, 0x59, 0x59,
    0x59, 0x40, 0x13, 0x11, 0x10, 0x01, 0x00, 0x19, 0x16, 0x10, 0x1f, 0x11, 0x1e, 0x09, 0x06, 0x00,
    0x0f, 0x01, 0x0e, 0x06, 0x08, 0x14, 0x2b, 0x13, 0x32, 0x16, 0x1d, 0x01, 0x14, 0x06, 0x2b, 0x01,
    0x22, 0x26, 0x3d, 0x01, 0x34, 0x36, 0x33, 0x13, 0x32, 0x16, 0x1d, 0x01, 0x14, 0x06, 0x2b, 0x01,
    0x22, 0x26, 0x3d, 0x01, 0x34, 0x36, 0x33, 0xa1, 0x2d, 0x22, 0x22, 0x2d, 0x26, 0x2d, 0x22, 0x22,
    0x2d, 0x26, 0x2d, 0x22, 0x22, 0x2d, 0x26, 0x2d, 0x22, 0x22, 0x2d, 0x02, 0x1c, 0x23, 0x2c, 0x29,
    0x2c, 0x22, 0x22, 0x2c, 0x29, 0x2c, 0x23, 0xfe, 0xa2, 0x23, 0x2c, 0x29, 0x2c, 0x22, 0x22, 0x2c,
    0x29, 0x2c, 0x23, 0x00, 0x00, 0x02, 0x00, 0x17, 0xff, 0x86, 0x00, 0xf8, 0x02, 0x1c, 0x00, 0x0f,
    0x00, 0x1e, 0x00, 0x31, 0x40, 0x2e, 0x17, 0x01, 0x02, 0x03, 0x01, 0x4a, 0x04, 0x01, 0x00, 0x00,
    0x01, 0x03, 0x00, 0x01, 0x63, 0x00, 0x03, 0x02, 0x02, 0x03, 0x55, 0x00, 0x03, 0x03, 0x02, 0x5b,
    0x00, 0x02, 0x03, 0x02, 0x4f, 0x01, 0x00, 0x1d, 0x1a, 0x15, 0x12, 0x09, 0x06, 0x00, 0x0f, 0x01,
    0x0e, 0x05, 0x08, 0x14, 0x2b, 0x13, 0x32, 0x16, 0x1d, 0x01, 0x14, 0x06, 0x2b, 0x01, 0x22, 0x26,
    0x3d, 0x01, 0x34, 0x36, 0x33, 0x13, 0x0e, 0x01, 0x2b, 0x01, 0x22, 0x26, 0x3f, 0x01, 0x3e, 0x01,
    0x3b, 0x01, 0x32, 0x07, 0xa9, 0x2d, 0x22, 0x22, 0x2d, 0x26, 0x2c, 0x23, 0x23, 0x2c, 0x1d, 0x08,
    0x16, 0x17, 0x38, 0x12, 0x0b, 0x01, 0x1c, 0x03, 0x17, 0x1a, 0x5c, 0x39, 0x12, 0x02, 0x1c, 0x23,
    0x2c, 0x29, 0x2c, 0x22, 0x22, 0x2c, 0x29, 0x2c, 0x23, 0xfd, 0x90, 0x15, 0x11, 0x0c, 0x11, 0xe4,
    0x1c, 0x17, 0x33, 0x00, 0x00, 0x01, 0x00, 0x17, 0x00, 0x2f, 0x01, 0xbf, 0x02, 0x5d, 0x00, 0x17,
    0x00, 0x06, 0xb3, 0x0e, 0x01, 0x01, 0x30, 0x2b, 0x01, 0x36, 0x1d, 0x01, 0x14, 0x06, 0x0f, 0x01,
    0x15, 0x17, 0x1e, 0x01, 0x1d, 0x01, 0x14, 0x27, 0x25, 0x2e, 0x01, 0x3d, 0x01, 0x34, 0x36, 0x37,
    0x01, 0x93, 0x2c, 0x0f, 0x17, 0xa2, 0xa1, 0x18, 0x0f, 0x2c, 0xfe, 0xa6, 0x14, 0x0e, 0x0f, 0x13,
    0x02, 0x5d, 0x19, 0x39, 0x5f, 0x21, 0x18, 0x0c, 0x4e, 0x04, 0x4e, 0x0c, 0x18, 0x21, 0x65, 0x39,
    0x19, 0xbd, 0x0a, 0x15, 0x15, 0x4c, 0x15, 0x16, 0x0a, 0x00, 0x00, 0x00, 0x00, 0x02, 0x00, 0x30,
    0x00, 0x82, 0x02, 0x24, 0x02, 0x0b, 0x00, 0x0f, 0x00, 0x1f, 0x00, 0x31, 0x40, 0x2e, 0x04, 0x01,
    0x00, 0x00, 0x01, 0x02, 0x00, 0x01, 0x61, 0x05, 0x01, 0x02, 0x03, 0x03, 0x02, 0x55, 0x05, 0x01,
    0x02, 0x02, 0x03, 0x59, 0x00, 0x03, 0x02, 0x03, 0x4d, 0x11, 0x10, 0x01, 0x00, 0x19, 0x16, 0x10,
    0x1f, 0x11, 0x1e, 0x09, 0x06, 0x00, 0x0f, 0x01, 0x0e, 0x06, 0x08, 0x14, 0x2b, 0x01, 0x32, 0x16,
    0x1d, 0x01, 0x14, 0x06, 0x23, 0x21, 0x22, 0x26, 0x3d, 0x01, 0x34, 0x36, 0x33, 0x05, 0x32, 0x16,
    0x1d, 0x01, 0x14, 0x06, 0x23, 0x21, 0x22, 0x26, 0x3d, 0x01, 0x34, 0x36, 0x33, 0x01, 0xfa, 0x18,
    0x12, 0x12, 0x18, 0xfe, 0x60, 0x18, 0x12, 0x12, 0x18, 0x01, 0xa0, 0x18, 0x12, 0x12, 0x18, 0xfe,
    0x60, 0x18, 0x12, 0x12, 0x18, 0x02, 0x0b, 0x13, 0x18, 0x55, 0x17, 0x13, 0x13, 0x17, 0x55, 0x18,
    0x13, 0xdf, 0x13, 0x17, 0x55, 0x18, 0x13, 0x13, 0x18, 0x55, 0x17, 0x13, 0x00, 0x01, 0x00, 0x2e,
    0x00, 0x2a, 0x01, 0xd6, 0x02, 0x62, 0x00, 0x19, 0x00, 0x06, 0xb3, 0x0d, 0x02, 0x01, 0x30, 0x2b,
    0x13, 0x34, 0x36, 0x17, 0x05, 0x1e, 0x01, 0x1d, 0x01, 0x14, 0x06, 0x07, 0x05, 0x06, 0x26, 0x3d,
    0x01, 0x34, 0x36, 0x3f, 0x01, 0x35, 0x27, 0x2e, 0x01, 0x35, 0x2e, 0x13, 0x19, 0x01, 0x5a, 0x13,
    0x0f, 0x0e, 0x14, 0xfe, 0xa6, 0x19, 0x13, 0x0f, 0x18, 0xa0, 0xa1, 0x18, 0x0e, 0x02, 0x3e, 0x1c,
    0x0f, 0x0c, 0xbc, 0x0a, 0x16, 0x14, 0x4d, 0x15, 0x15, 0x0a, 0xbd, 0x0c, 0x0f, 0x1d, 0x63, 0x21,
    0x18, 0x0c, 0x4d, 0x05, 0x4e, 0x0c, 0x18, 0x21, 0x00, 0x02, 0x00, 0x19, 0xff, 0xf8, 0x02, 0x39,
    0x02, 0xe3, 0x00, 0x28, 0x00, 0x38, 0x00, 0xcb, 0x4b, 0xb0, 0x09, 0x50, 0x58, 0x40, 0x1e, 0x00,
    0x01, 0x02, 0x03, 0x02, 0x01, 0x03, 0x70, 0x00, 0x02, 0x02, 0x00, 0x5b, 0x00, 0x00, 0x00, 0x31,
    0x4b, 0x05, 0x01, 0x03, 0x03, 0x04, 0x5b, 0x00, 0x04, 0x04, 0x2a, 0x04, 0x4c, 0x1b, 0x4b, 0xb0,
    0x0c, 0x50, 0x58, 0x40, 0x1e, 0x00, 0x01, 0x02, 0x03, 0x02, 0x01, 0x03, 0x70, 0x00, 0x02, 0x02,
    0x00, 0x5b, 0x00, 0x00, 0x00, 0x31, 0x4b, 0x05, 0x01, 0x03, 0x03, 0x04, 0x5b, 0x00, 0x04, 0x04,
    0x32, 0x04, 0x4c, 0x1b, 0x4b, 0xb0, 0x0d, 0x50, 0x58, 0x40, 0x1e, 0x00, 0x01, 0x02, 0x03, 0x02,
    0x01, 0x03, 0x70, 0x00, 0x02, 0x02, 0x00, 0x5b, 0x00, 0x00, 0x00, 0x31, 0x4b, 0x05, 0x01, 0x03,
    0x03, 0x04, 0x5b, 0x00, 0x04, 0x04, 0x2a, 0x04, 0x4c, 0x1b, 0x4b, 0xb0, 0x23, 0x50, 0x58, 0x40,
    0x1e, 0x00, 0x01, 0x02, 0x03, 0x02, 0x01, 0x03, 0x70, 0x00, 0x02, 0x02, 0x00, 0x5b, 0x00, 0x00,
    0x00, 0x31, 0x4b, 0x05, 0x01, 0x03, 0x03, 0x04, 0x5b, 0x00, 0x04, 0x04, 0x32, 0x04, 0x4c, 0x1b,
    0x40, 0x1c, 0x00, 0x01, 0x02, 0x03, 0x02, 0x01, 0x03, 0x70, 0x00, 0x00, 0x00, 0x02, 0x01, 0x00,
    0x02, 0x63, 0x05, 0x01, 0x03, 0x03, 0x04, 0x5b, 0x00, 0x04, 0x04, 0x32, 0x04, 0x4c, 0x59, 0x59,
    0x59, 0x59, 0x40, 0x0e, 0x2a, 0x29, 0x32, 0x2f, 0x29, 0x38, 0x2a, 0x37, 0x2d, 0x3c, 0x21, 0x06,
    0x08, 0x17, 0x2b, 0x13, 0x36, 0x33, 0x32, 0x16, 0x15, 0x14, 0x0e, 0x03, 0x07, 0x06, 0x15, 0x14,
    0x06, 0x2b, 0x01, 0x22, 0x26, 0x35, 0x34, 0x36, 0x37, 0x3e, 0x04, 0x35, 0x34, 0x26, 0x23, 0x22,
    0x06, 0x07, 0x0e, 0x01, 0x2f, 0x01, 0x26, 0x01, 0x32, 0x16, 0x1d, 0x01, 0x14, 0x06, 0x2b, 0x01,
    0x22, 0x26, 0x3d, 0x01, 0x34, 0x36, 0x33, 0x19, 0x47, 0xd1, 0x7b, 0x8d, 0x17, 0x2d, 0x26, 0x3b,
    0x0b, 0x25, 0x12, 0x17, 0x5a, 0x17, 0x12, 0x2d, 0x27, 0x0a, 0x27, 0x14, 0x19, 0x0b, 0x23, 0x22,
    0x26, 0x2c, 0x15, 0x0b, 0x14, 0x17, 0x60, 0x29, 0x01, 0x1f, 0x2c, 0x22, 0x22, 0x2c, 0x32, 0x2d,
    0x22, 0x22, 0x2d, 0x02, 0x34, 0xaf, 0x73, 0x5d, 0x29, 0x42, 0x2d, 0x1b, 0x21, 0x07, 0x19, 0x1e,
    0x17, 0x11, 0x11, 0x17, 0x41, 0x49, 0x17, 0x06, 0x15, 0x0e, 0x16, 0x1d, 0x13, 0x1a, 0x1f, 0x27,
    0x2e, 0x18, 0x0a, 0x07, 0x24, 0x0e, 0xfe, 0xab, 0x22, 0x2c, 0x23, 0x2c, 0x22, 0x22, 0x2c, 0x23,
    0x2c, 0x22, 0x00, 0x00, 0x00, 0x02, 0x00, 0x1f, 0xff, 0x7c, 0x03, 0x66, 0x02, 0xd5, 0x00, 0x38,
    0x00, 0x46, 0x00, 0xd1, 0x4b, 0xb0, 0x0d, 0x50, 0x58, 0x40, 0x0b, 0x45, 0x44, 0x02, 0x04, 0x08,
    0x0d, 0x01, 0x01, 0x04, 0x02, 0x4a, 0x1b, 0x4b, 0xb0, 0x14, 0x50, 0x58, 0x40, 0x0b, 0x45, 0x44,
    0x02, 0x09, 0x08, 0x0d, 0x01, 0x01, 0x04, 0x02, 0x4a, 0x1b, 0x40, 0x0b, 0x45, 0x44, 0x02, 0x09,
    0x08, 0x0d, 0x01, 0x02, 0x04, 0x02, 0x4a, 0x59, 0x59, 0x4b, 0xb0, 0x0d, 0x50, 0x58, 0x40, 0x24,
    0x00, 0x03, 0x00, 0x08, 0x04, 0x03, 0x08, 0x63, 0x09, 0x01, 0x04, 0x02, 0x01, 0x01, 0x06, 0x04,
    0x01, 0x63, 0x00, 0x06, 0x00, 0x07, 0x06, 0x07, 0x5f, 0x00, 0x05, 0x05, 0x00, 0x5b, 0x00, 0x00,
    0x00, 0x31, 0x05, 0x4c, 0x1b, 0x4b, 0xb0, 0x14, 0x50, 0x58, 0x40, 0x29, 0x00, 0x03, 0x00, 0x08,
    0x09, 0x03, 0x08, 0x63, 0x00, 0x09, 0x04, 0x01, 0x09, 0x57, 0x00, 0x04, 0x02, 0x01, 0x01, 0x06,
    0x04, 0x01, 0x63, 0x00, 0x06, 0x00, 0x07, 0x06, 0x07, 0x5f, 0x00, 0x05, 0x05, 0x00, 0x5b, 0x00,
    0x00, 0x00, 0x31, 0x05, 0x4c, 0x1b, 0x40, 0x2a, 0x00, 0x03, 0x00, 0x08, 0x09, 0x03, 0x08, 0x63,
    0x00, 0x09, 0x00, 0x02, 0x01, 0x09, 0x02, 0x63, 0x00, 0x04, 0x00, 0x01, 0x06, 0x04, 0x01, 0x63,
    0x00, 0x06, 0x00, 0x07, 0x06, 0x07, 0x5f, 0x00, 0x05, 0x05, 0x00, 0x5b, 0x00, 0x00, 0x00, 0x31,
    0x05, 0x4c, 0x59, 0x59, 0x40, 0x0e, 0x43, 0x41, 0x24, 0x29, 0x25, 0x25, 0x26, 0x23, 0x23, 0x25,
    0x22, 0x0a, 0x08, 0x1d, 0x2b, 0x13, 0x34, 0x36, 0x33, 0x32, 0x16, 0x1d, 0x01, 0x14, 0x06, 0x23,
    0x22, 0x26, 0x27, 0x06, 0x23, 0x22, 0x3d, 0x01, 0x34, 0x33, 0x32, 0x17, 0x1e, 0x01, 0x15, 0x11,
    0x14, 0x33, 0x32, 0x36, 0x3d, 0x01, 0x34, 0x26, 0x23, 0x22, 0x06, 0x1d, 0x01, 0x14, 0x16, 0x33,
    0x32, 0x37, 0x36, 0x16, 0x1d, 0x01, 0x14, 0x06, 0x07, 0x06, 0x23, 0x22, 0x26, 0x35, 0x25, 0x26,
    0x23, 0x22, 0x06, 0x1d, 0x01, 0x14, 0x16, 0x33, 0x32, 0x37, 0x35, 0x34, 0x1f, 0xd9, 0xca, 0xcb,
    0xd9, 0x67, 0x4e, 0x20, 0x26, 0x16, 0x4d, 0x62, 0xbe, 0xbe, 0x72, 0x55, 0x15, 0x0c, 0x22, 0x16,
    0x1f, 0x95, 0x8e, 0x8d, 0x95, 0x94, 0x8e, 0x59, 0x81, 0x14, 0x0c, 0x0c, 0x12, 0x5f, 0x7d, 0xcb,
    0xd8, 0x01, 0xde, 0x18, 0x2f, 0x25, 0x20, 0x20, 0x25, 0x3d, 0x12, 0x01, 0x4a, 0xb6, 0xd5, 0xd4,
    0xb7, 0x4b, 0x66, 0x75, 0x11, 0x14, 0x19, 0xb0, 0x88, 0xb1, 0x21, 0x08, 0x13, 0x16, 0xfe, 0xf1,
    0x1e, 0x2f, 0x34, 0x4f, 0x84, 0x93, 0x93, 0x84, 0x4f, 0x83, 0x8b, 0x15, 0x04, 0x08, 0x11, 0x37,
    0x13, 0x0e, 0x04, 0x17, 0xce, 0xb5, 0x98, 0x06, 0x1b, 0x1d, 0x82, 0x1d, 0x1a, 0x06, 0xdc, 0x08,
    0x00, 0x02, 0x00, 0x05, 0x00, 0x00, 0x02, 0xac, 0x02, 0xc6, 0x00, 0x17, 0x00, 0x21, 0x00, 0x25,
    0x40, 0x22, 0x00, 0x05, 0x00, 0x01, 0x00, 0x05, 0x01, 0x61, 0x00, 0x04, 0x04, 0x03, 0x59, 0x00,
    0x03, 0x03, 0x29, 0x4b, 0x02, 0x01, 0x00, 0x00, 0x2a, 0x00, 0x4c, 0x13, 0x17, 0x34, 0x33, 0x13,
    0x31, 0x06, 0x08, 0x1a, 0x2b, 0x25, 0x16, 0x2b, 0x01, 0x22, 0x26, 0x2f, 0x01, 0x23, 0x07, 0x0e,
    0x01, 0x2b, 0x01, 0x22, 0x37, 0x13, 0x3e, 0x01, 0x3b, 0x01, 0x32, 0x16, 0x17, 0x03, 0x2e, 0x01,
    0x2f, 0x01, 0x23, 0x16, 0x0f, 0x01, 0x33, 0x02, 0xac, 0x0f, 0x2c, 0x6c, 0x26, 0x1f, 0x06, 0x17,
    0xd8, 0x17, 0x08, 0x1d, 0x24, 0x69, 0x2a, 0x0f, 0xe6, 0x07, 0x16, 0x17, 0x72, 0x16, 0x17, 0x07,
    0x56, 0x09, 0x0b, 0x01, 0x01, 0x0a, 0x01, 0x14, 0x25, 0x7d, 0x29, 0x29, 0x12, 0x18, 0x48, 0x48,
    0x18, 0x12, 0x29, 0x02, 0x7a, 0x15, 0x0e, 0x0e, 0x13, 0xfe, 0xdf, 0x1e, 0x46, 0x14, 0x14, 0x48,
    0x43, 0x76, 0x00, 0x00, 0x00, 0x03, 0x00, 0x32, 0x00, 0x00, 0x02, 0x7c, 0x02, 0xc7, 0x00, 0x13,
    0x00, 0x1a, 0x00, 0x21, 0x00, 0x3a, 0x40, 0x37, 0x05, 0x01, 0x04, 0x03, 0x01, 0x4a, 0x00, 0x03,
    0x00, 0x04, 0x05, 0x03, 0x04, 0x61, 0x00, 0x02, 0x02, 0x00, 0x59, 0x06, 0x01, 0x00, 0x00, 0x29,
    0x4b, 0x00, 0x05, 0x05, 0x01, 0x59, 0x00, 0x01, 0x01, 0x2a, 0x01, 0x4c, 0x01, 0x00, 0x21, 0x1f,
    0x1e, 0x1c, 0x1a, 0x18, 0x17, 0x15, 0x0d, 0x0a, 0x00, 0x13, 0x01, 0x12, 0x07, 0x08, 0x14, 0x2b,
    0x01, 0x32, 0x16, 0x15, 0x14, 0x07, 0x15, 0x16, 0x15, 0x14, 0x06, 0x23, 0x21, 0x22, 0x26, 0x35,
    0x11, 0x34, 0x36, 0x33, 0x05, 0x34, 0x2b, 0x01, 0x15, 0x33, 0x32, 0x17, 0x34, 0x2b, 0x01, 0x15,
    0x33, 0x32, 0x01, 0x82, 0x68, 0x75, 0x48, 0x65, 0x89, 0x6d, 0xfe, 0xd7, 0x18, 0x13, 0x13, 0x18,
    0x01, 0x39, 0x3d, 0x61, 0x61, 0x3d, 0x16, 0x40, 0x74, 0x74, 0x40, 0x02, 0xc7, 0x63, 0x5b, 0x62,
    0x31, 0x04, 0x2c, 0x80, 0x5e, 0x68, 0x13, 0x17, 0x02, 0x72, 0x18, 0x13, 0xd9, 0x38, 0x6e, 0xdb,
    0x3a, 0x75, 0x00, 0x00, 0x00, 0x01, 0x00, 0x21, 0xff, 0xf1, 0x02, 0x7b, 0x02, 0xd5, 0x00, 0x23,
    0x00, 0x1f, 0x40, 0x1c, 0x00, 0x01, 0x01, 0x00, 0x5b, 0x00, 0x00, 0x00, 0x31, 0x4b, 0x00, 0x02,
    0x02, 0x03, 0x5b, 0x00, 0x03, 0x03, 0x32, 0x03, 0x4c, 0x29, 0x25, 0x29, 0x22, 0x04, 0x08, 0x18,
    0x2b, 0x13, 0x34, 0x36, 0x33, 0x32, 0x17, 0x16, 0x06, 0x0f, 0x01, 0x06, 0x26, 0x27, 0x26, 0x23,
    0x22, 0x06, 0x1d, 0x01, 0x14, 0x16, 0x33, 0x32, 0x37, 0x3e, 0x01, 0x1f, 0x01, 0x1e, 0x01, 0x07,
    0x06, 0x23, 0x22, 0x26, 0x35, 0x21, 0xa1, 0x93, 0xe2, 0x42, 0x08, 0x0d, 0x16, 0x6b, 0x17, 0x17,
    0x08, 0x1a, 0x4e, 0x3a, 0x34, 0x34, 0x3a, 0x50, 0x18, 0x09, 0x16, 0x17, 0x6b, 0x16, 0x0d, 0x08,
    0x42, 0xe2, 0x93, 0xa1, 0x01, 0xbd, 0x83, 0x95, 0xaf, 0x16, 0x19, 0x07, 0x26, 0x07, 0x0b, 0x17,
    0x41, 0x33, 0x35, 0xb6, 0x35, 0x33, 0x41, 0x18, 0x0b, 0x08, 0x26, 0x07, 0x19, 0x16, 0xaf, 0x95,
    0x83, 0x00, 0x00, 0x00, 0x00, 0x02, 0x00, 0x32, 0x00, 0x00, 0x02, 0x84, 0x02, 0xc6, 0x00, 0x0f,
    0x00, 0x17, 0x00, 0x28, 0x40, 0x25, 0x00, 0x02, 0x02, 0x00, 0x59, 0x04, 0x01, 0x00, 0x00, 0x29,
    0x4b, 0x00, 0x03, 0x03, 0x01, 0x59, 0x00, 0x01, 0x01, 0x2a, 0x01, 0x4c, 0x01, 0x00, 0x16, 0x14,
    0x13, 0x11, 0x09, 0x06, 0x00, 0x0f, 0x01, 0x0e, 0x05, 0x08, 0x14, 0x2b, 0x01, 0x32, 0x16, 0x1d,
    0x01, 0x14, 0x06, 0x2b, 0x01, 0x22, 0x26, 0x35, 0x11, 0x34, 0x36, 0x33, 0x01, 0x34, 0x2b, 0x01,
    0x11, 0x33, 0x32, 0x35, 0x01, 0x51, 0x92, 0xa1, 0xa1, 0x92, 0xf4, 0x18, 0x13, 0x13, 0x18, 0x01,
    0x61, 0x74, 0x52, 0x52, 0x74, 0x02, 0xc6, 0x95, 0x83, 0x96, 0x82, 0x96, 0x13, 0x17, 0x02, 0x72,
    0x17, 0x13, 0xfe, 0xe5, 0x6c, 0xfe, 0x98, 0x6c, 0x00, 0x01, 0x00, 0x32, 0x00, 0x00, 0x02, 0x33,
    0x02, 0xc6, 0x00, 0x23, 0x00, 0x34, 0x40, 0x31, 0x00, 0x02, 0x00, 0x03, 0x04, 0x02, 0x03, 0x61,
    0x00, 0x01, 0x01, 0x00, 0x59, 0x06, 0x01, 0x00, 0x00, 0x29, 0x4b, 0x00, 0x04, 0x04, 0x05, 0x59,
    0x00, 0x05, 0x05, 0x2a, 0x05, 0x4c, 0x01, 0x00, 0x1d, 0x1a, 0x15, 0x13, 0x12, 0x10, 0x0b, 0x09,
    0x08, 0x06, 0x00, 0x23, 0x01, 0x22, 0x07, 0x08, 0x14, 0x2b, 0x01, 0x32, 0x16, 0x1d, 0x01, 0x14,
    0x06, 0x23, 0x21, 0x15, 0x33, 0x32, 0x16, 0x1d, 0x01, 0x14, 0x06, 0x2b, 0x01, 0x15, 0x21, 0x32,
    0x16, 0x1d, 0x01, 0x14, 0x06, 0x23, 0x21, 0x22, 0x26, 0x35, 0x11, 0x34, 0x36, 0x33, 0x02, 0x00,
    0x18, 0x13, 0x13, 0x18, 0xfe, 0xf8, 0xd3, 0x18, 0x13, 0x13, 0x18, 0xd3, 0x01, 0x11, 0x17, 0x13,
    0x13, 0x17, 0xfe, 0x54, 0x18, 0x13, 0x13, 0x18, 0x02, 0xc6, 0x13, 0x17, 0x5a, 0x18, 0x13, 0x59,
    0x13, 0x17, 0x5a, 0x18, 0x13, 0x60, 0x12, 0x18, 0x5b, 0x17, 0x13, 0x13, 0x17, 0x02, 0x72, 0x17,
    0x13, 0x00, 0x00, 0x00, 0x00, 0x01, 0x00, 0x32, 0x00, 0x00, 0x02, 0x2b, 0x02, 0xc6, 0x00, 0x1e,
    0x00, 0x2d, 0x40, 0x2a, 0x00, 0x02, 0x00, 0x03, 0x04, 0x02, 0x03, 0x61, 0x00, 0x01, 0x01, 0x00,
    0x59, 0x05, 0x01, 0x00, 0x00, 0x29, 0x4b, 0x00, 0x04, 0x04, 0x2a, 0x04, 0x4c, 0x01, 0x00, 0x18,
    0x15, 0x12, 0x10, 0x0b, 0x09, 0x08, 0x06, 0x00, 0x1e, 0x01, 0x1d, 0x06, 0x08, 0x14, 0x2b, 0x01,
    0x32, 0x16, 0x1d, 0x01, 0x14, 0x06, 0x23, 0x21, 0x15, 0x33, 0x32, 0x16, 0x1d, 0x01, 0x14, 0x06,
    0x2b, 0x01, 0x15, 0x14, 0x06, 0x2b, 0x01, 0x22, 0x26, 0x35, 0x11, 0x34, 0x36, 0x33, 0x02, 0x00,
    0x18, 0x13, 0x13, 0x18, 0xfe, 0xf8, 0xd3, 0x18, 0x13, 0x13, 0x18, 0xd3, 0x12, 0x18, 0x71, 0x18,
    0x13, 0x13, 0x18, 0x02, 0xc6, 0x13, 0x17, 0x5a, 0x18, 0x13, 0x74, 0x13, 0x17, 0x5a, 0x18, 0x13,
    0xca, 0x17, 0x13, 0x13, 0x17, 0x02, 0x72, 0x17, 0x13, 0x00, 0x00, 0x00, 0x00, 0x01, 0x00, 0x21,
    0xff, 0xf1, 0x02, 0x88, 0x02, 0xd5, 0x00, 0x2c, 0x00, 0x34, 0x40, 0x31, 0x06, 0x01, 0x00, 0x00,
    0x05, 0x04, 0x00, 0x05, 0x61, 0x00, 0x03, 0x03, 0x02, 0x5b, 0x00, 0x02, 0x02, 0x31, 0x4b, 0x00,
    0x04, 0x04, 0x01, 0x5b, 0x00, 0x01, 0x01, 0x32, 0x01, 0x4c, 0x01, 0x00, 0x26, 0x24, 0x21, 0x1f,
    0x1a, 0x18, 0x0f, 0x0d, 0x08, 0x06, 0x00, 0x2c, 0x01, 0x2b, 0x07, 0x08, 0x14, 0x2b, 0x01, 0x32,
    0x16, 0x1d, 0x01, 0x14, 0x06, 0x23, 0x22, 0x26, 0x3d, 0x01, 0x34, 0x36, 0x33, 0x32, 0x17, 0x16,
    0x06, 0x0f, 0x01, 0x06, 0x26, 0x27, 0x26, 0x23, 0x22, 0x06, 0x1d, 0x01, 0x14, 0x16, 0x33, 0x32,
    0x36, 0x3d, 0x01, 0x23, 0x22, 0x26, 0x3d, 0x01, 0x34, 0x36, 0x33, 0x02, 0x5e, 0x18, 0x12, 0xa3,
    0x90, 0x93, 0xa1, 0xa1, 0x93, 0xe2, 0x42, 0x08, 0x0d, 0x16, 0x6b, 0x17, 0x17, 0x08, 0x1a, 0x4e,
    0x3a, 0x34, 0x34, 0x3a, 0x32, 0x3a, 0x60, 0x17, 0x13, 0x13, 0x17, 0x01, 0x98, 0x13, 0x18, 0x84,
    0x6d, 0x8b, 0x95, 0x83, 0xb4, 0x83, 0x95, 0xaf, 0x16, 0x19, 0x07, 0x26, 0x08, 0x0c, 0x17, 0x41,
    0x33, 0x35, 0xb6, 0x35, 0x33, 0x24, 0x20, 0x14, 0x12, 0x18, 0x4b, 0x18, 0x13, 0x00, 0x00, 0x00,
    0x00, 0x01, 0x00, 0x32, 0x00, 0x00, 0x02, 0x80, 0x02, 0xc7, 0x00, 0x23, 0x00, 0x2c, 0x40, 0x29,
    0x00, 0x05, 0x00, 0x02, 0x01, 0x05, 0x02, 0x61, 0x04, 0x06, 0x02, 0x00, 0x00, 0x29, 0x4b, 0x03,
    0x01, 0x01, 0x01, 0x2a, 0x01, 0x4c, 0x01, 0x00, 0x1f, 0x1e, 0x1b, 0x18, 0x13, 0x10, 0x0d, 0x0c,
    0x09, 0x06, 0x00, 0x23, 0x01, 0x22, 0x07, 0x08, 0x14, 0x2b, 0x01, 0x32, 0x16, 0x15, 0x11, 0x14,
    0x06, 0x2b, 0x01, 0x22, 0x26, 0x3d, 0x01, 0x23, 0x15, 0x14, 0x06, 0x2b, 0x01, 0x22, 0x26, 0x35,
    0x11, 0x34, 0x36, 0x3b, 0x01, 0x32, 0x16, 0x1d, 0x01, 0x33, 0x35, 0x34, 0x36, 0x33, 0x02, 0x56,
    0x17, 0x13, 0x13, 0x17, 0x72, 0x17, 0x13, 0xc2, 0x12, 0x18, 0x71, 0x18, 0x13, 0x13, 0x18, 0x71,
    0x18, 0x12, 0xc2, 0x13, 0x17, 0x02, 0xc7, 0x13, 0x18, 0xfd, 0x8e, 0x17, 0x13, 0x13, 0x17, 0xe6,
    0xe6, 0x17, 0x13, 0x13, 0x17, 0x02, 0x72, 0x18, 0x13, 0x13, 0x18, 0xdd, 0xdd, 0x18, 0x13, 0x00,
    0x00, 0x01, 0x00, 0x32, 0x00, 0x00, 0x00, 0xf8, 0x02, 0xc6, 0x00, 0x0f, 0x00, 0x13, 0x40, 0x10,
    0x00, 0x00, 0x00, 0x29, 0x4b, 0x00, 0x01, 0x01, 0x2a, 0x01, 0x4c, 0x35, 0x32, 0x02, 0x08, 0x16,
    0x2b, 0x13, 0x34, 0x36, 0x3b, 0x01, 0x32, 0x16, 0x15, 0x11, 0x14, 0x06, 0x2b, 0x01, 0x22, 0x26,
    0x35, 0x32, 0x12, 0x16, 0x76, 0x16, 0x12, 0x12, 0x16, 0x76, 0x16, 0x12, 0x02, 0x9e, 0x16, 0x12,
    0x12, 0x16, 0xfd, 0x8a, 0x16, 0x12, 0x12, 0x16, 0x00, 0x01, 0x00, 0x06, 0xff, 0xf1, 0x02, 0x1d,
    0x02, 0xc7, 0x00, 0x17, 0x00, 0x21, 0x40, 0x1e, 0x03, 0x01, 0x00, 0x00, 0x29, 0x4b, 0x00, 0x02,
    0x02, 0x01, 0x5c, 0x00, 0x01, 0x01, 0x32, 0x01, 0x4c, 0x01, 0x00, 0x12, 0x10, 0x08, 0x06, 0x00,
    0x17, 0x01, 0x16, 0x04, 0x08, 0x14, 0x2b, 0x01, 0x32, 0x16, 0x15, 0x11, 0x14, 0x06, 0x23, 0x22,
    0x27, 0x26, 0x3f, 0x01, 0x36, 0x16, 0x17, 0x16, 0x33, 0x32, 0x35, 0x11, 0x34, 0x36, 0x33, 0x01,
    0xf4, 0x17, 0x12, 0x8d, 0x86, 0xc6, 0x3e, 0x0f, 0x29, 0x68, 0x16, 0x19, 0x09, 0x1a, 0x34, 0x49,
    0x12, 0x18, 0x02, 0xc7, 0x13, 0x17, 0xfe, 0x5a, 0x7d, 0x89, 0xa9, 0x27, 0x0f, 0x25, 0x08, 0x0a,
    0x16, 0x3d, 0x56, 0x01, 0xa7, 0x17, 0x13, 0x00, 0x00, 0x01, 0x00, 0x32, 0x00, 0x00, 0x02, 0x89,
    0x02, 0xc6, 0x00, 0x29, 0x00, 0x27, 0x40, 0x24, 0x27, 0x01, 0x01, 0x04, 0x01, 0x4a, 0x00, 0x04,
    0x00, 0x01, 0x00, 0x04, 0x01, 0x63, 0x05, 0x01, 0x03, 0x03, 0x29, 0x4b, 0x02, 0x01, 0x00, 0x00,
    0x2a, 0x00, 0x4c, 0x33, 0x13, 0x35, 0x33, 0x25, 0x32, 0x06, 0x08, 0x1a, 0x2b, 0x25, 0x16, 0x06,
    0x2b, 0x01, 0x22, 0x26, 0x2f, 0x01, 0x2e, 0x01, 0x2b, 0x01, 0x15, 0x14, 0x06, 0x2b, 0x01, 0x22,
    0x26, 0x35, 0x11, 0x34, 0x36, 0x3b, 0x01, 0x32, 0x16, 0x1d, 0x01, 0x33, 0x37, 0x3e, 0x01, 0x3b,
    0x01, 0x32, 0x16, 0x07, 0x03, 0x16, 0x17, 0x02, 0x84, 0x0b, 0x0d, 0x18, 0x6c, 0x29, 0x24, 0x0c,
    0x57, 0x0d, 0x1c, 0x1b, 0x12, 0x12, 0x18, 0x71, 0x18, 0x13, 0x13, 0x18, 0x71, 0x18, 0x12, 0x16,
    0x90, 0x0f, 0x1b, 0x26, 0x73, 0x17, 0x0d, 0x0c, 0xb6, 0x23, 0x1a, 0x31, 0x14, 0x1d, 0x10, 0x1a,
    0xb3, 0x1b, 0x17, 0xe5, 0x17, 0x13, 0x13, 0x17, 0x02, 0x72, 0x17, 0x13, 0x13, 0x17, 0xde, 0xe3,
    0x18, 0x0d, 0x18, 0x14, 0xfe, 0xde, 0x19, 0x34, 0x00, 0x01, 0x00, 0x32, 0x00, 0x00, 0x02, 0x13,
    0x02, 0xc6, 0x00, 0x14, 0x00, 0x21, 0x40, 0x1e, 0x03, 0x01, 0x00, 0x00, 0x29, 0x4b, 0x00, 0x01,
    0x01, 0x02, 0x5a, 0x00, 0x02, 0x02, 0x2a, 0x02, 0x4c, 0x01, 0x00, 0x0e, 0x0b, 0x06, 0x04, 0x00,
    0x14, 0x01, 0x13, 0x04, 0x08, 0x14, 0x2b, 0x13, 0x32, 0x16, 0x15, 0x11, 0x33, 0x32, 0x16, 0x1d,
    0x01, 0x14, 0x06, 0x23, 0x21, 0x22, 0x26, 0x35, 0x11, 0x34, 0x36, 0x33, 0xce, 0x18, 0x12, 0xf1,
    0x17, 0x13, 0x13, 0x17, 0xfe, 0x74, 0x18, 0x13, 0x13, 0x18, 0x02, 0xc6, 0x13, 0x17, 0xfe, 0x13,
    0x12, 0x18, 0x5b, 0x17, 0x13, 0x13, 0x17, 0x02, 0x72, 0x17, 0x13, 0x00, 0x00, 0x01, 0x00, 0x32,
    0x00, 0x00, 0x03, 0x07, 0x02, 0xc7, 0x00, 0x35, 0x00, 0x3a, 0x40, 0x37, 0x31, 0x01, 0x03, 0x02,
    0x01, 0x4a, 0x00, 0x03, 0x02, 0x01, 0x02, 0x03, 0x01, 0x70, 0x04, 0x01, 0x02, 0x02, 0x00, 0x59,
    0x06, 0x07, 0x02, 0x00, 0x00, 0x29, 0x4b, 0x05, 0x01, 0x01, 0x01, 0x2a, 0x01, 0x4c, 0x01, 0x00,
    0x2e, 0x2b, 0x26, 0x23, 0x1e, 0x1d, 0x18, 0x15, 0x0f, 0x0e, 0x09, 0x06, 0x00, 0x35, 0x01, 0x34,
    0x08, 0x08, 0x14, 0x2b, 0x01, 0x32, 0x16, 0x15, 0x11, 0x14, 0x06, 0x2b, 0x01, 0x22, 0x26, 0x3d,
    0x01, 0x34, 0x37, 0x23, 0x0e, 0x01, 0x0f, 0x01, 0x0e, 0x01, 0x2b, 0x01, 0x22, 0x26, 0x2f, 0x01,
    0x26, 0x27, 0x23, 0x16, 0x1d, 0x01, 0x14, 0x06, 0x2b, 0x01, 0x22, 0x26, 0x35, 0x11, 0x34, 0x36,
    0x3b, 0x01, 0x32, 0x16, 0x17, 0x1b, 0x01, 0x3e, 0x01, 0x33, 0x02, 0xdc, 0x18, 0x13, 0x13, 0x18,
    0x6d, 0x18, 0x12, 0x2c, 0x0b, 0x08, 0x2c, 0x0f, 0x38, 0x09, 0x14, 0x13, 0x43, 0x14, 0x14, 0x08,
    0x3b, 0x1f, 0x1f, 0x0a, 0x29, 0x13, 0x18, 0x66, 0x18, 0x13, 0x13, 0x18, 0x5e, 0x1a, 0x16, 0x0b,
    0xa5, 0xa5, 0x0a, 0x15, 0x19, 0x02, 0xc7, 0x12, 0x18, 0xfd, 0x8c, 0x17, 0x12, 0x12, 0x17, 0x8f,
    0x6c, 0x9a, 0x1a, 0x6e, 0x1d, 0x71, 0x10, 0x0d, 0x0c, 0x11, 0x71, 0x38, 0x6d, 0xa4, 0x63, 0x8e,
    0x17, 0x12, 0x12, 0x17, 0x02, 0x74, 0x18, 0x12, 0x0c, 0x13, 0xfe, 0xbc, 0x01, 0x43, 0x14, 0x0c,
    0x00, 0x01, 0x00, 0x32, 0x00, 0x00, 0x02, 0x8a, 0x02, 0xc6, 0x00, 0x30, 0x00, 0x27, 0x40, 0x24,
    0x28, 0x0e, 0x02, 0x01, 0x00, 0x01, 0x4a, 0x03, 0x04, 0x02, 0x00, 0x00, 0x29, 0x4b, 0x02, 0x01,
    0x01, 0x01, 0x2a, 0x01, 0x4c, 0x01, 0x00, 0x21, 0x1e, 0x19, 0x16, 0x09, 0x06, 0x00, 0x30, 0x01,
    0x2f, 0x05, 0x08, 0x14, 0x2b, 0x01, 0x32, 0x16, 0x15, 0x11, 0x14, 0x06, 0x2b, 0x01, 0x22, 0x2f,
    0x01, 0x2e, 0x01, 0x27, 0x23, 0x1e, 0x02, 0x1d, 0x01, 0x14, 0x06, 0x2b, 0x01, 0x22, 0x26, 0x35,
    0x11, 0x34, 0x36, 0x3b, 0x01, 0x32, 0x17, 0x13, 0x1e, 0x03, 0x17, 0x33, 0x2e, 0x01, 0x3d, 0x01,
    0x34, 0x36, 0x33, 0x02, 0x60, 0x17, 0x13, 0x13, 0x17, 0x71, 0x1c, 0x0d, 0x9a, 0x1f, 0x23, 0x16,
    0x08, 0x0e, 0x0a, 0x09, 0x13, 0x18, 0x65, 0x18, 0x13, 0x13, 0x18, 0x76, 0x1d, 0x0d, 0xa4, 0x10,
    0x18, 0x0d, 0x16, 0x09, 0x08, 0x1a, 0x13, 0x12, 0x18, 0x02, 0xc6, 0x13, 0x17, 0xfd, 0x8e, 0x17,
    0x13, 0x14, 0xed, 0x31, 0x54, 0x49, 0x3e, 0x34, 0x5b, 0x35, 0xa3, 0x17, 0x13, 0x13, 0x17, 0x02,
    0x72, 0x17, 0x13, 0x14, 0xff, 0x00, 0x18, 0x30, 0x20, 0x3a, 0x15, 0x55, 0x60, 0x48, 0xa4, 0x17,
    0x13, 0x00, 0x00, 0x00, 0x00, 0x02, 0x00, 0x21, 0xff, 0xf1, 0x02, 0x88, 0x02, 0xd5, 0x00, 0x0d,
    0x00, 0x1b, 0x00, 0x1f, 0x40, 0x1c, 0x00, 0x02, 0x02, 0x00, 0x5b, 0x00, 0x00, 0x00, 0x31, 0x4b,
    0x00, 0x03, 0x03, 0x01, 0x5b, 0x00, 0x01, 0x01, 0x32, 0x01, 0x4c, 0x25, 0x25, 0x25, 0x22, 0x04,
    0x08, 0x18, 0x2b, 0x13, 0x34, 0x36, 0x33, 0x32, 0x16, 0x1d, 0x01, 0x14, 0x06, 0x23, 0x22, 0x26,
    0x35, 0x25, 0x34, 0x26, 0x23, 0x22, 0x06, 0x1d, 0x01, 0x14, 0x16, 0x33, 0x32, 0x36, 0x35, 0x21,
    0xa1, 0x93, 0x92, 0xa1, 0xa1, 0x92, 0x93, 0xa1, 0x01, 0xa1, 0x39, 0x34, 0x35, 0x39, 0x39, 0x35,
    0x34, 0x39, 0x01, 0xbd, 0x83, 0x95, 0x95, 0x83, 0xb4, 0x83, 0x95, 0x95, 0x83, 0xbd, 0x2f, 0x31,
    0x31, 0x2f, 0xc6, 0x2f, 0x31, 0x31, 0x2f, 0x00, 0x00, 0x02, 0x00, 0x32, 0x00, 0x00, 0x02, 0x73,
    0x02, 0xc6, 0x00, 0x13, 0x00, 0x1b, 0x00, 0x32, 0x40, 0x2f, 0x06, 0x01, 0x03, 0x00, 0x01, 0x02,
    0x03, 0x01, 0x61, 0x00, 0x04, 0x04, 0x00, 0x59, 0x05, 0x01, 0x00, 0x00, 0x29, 0x4b, 0x00, 0x02,
    0x02, 0x2a, 0x02, 0x4c, 0x15, 0x14, 0x01, 0x00, 0x1a, 0x18, 0x14, 0x1b, 0x15, 0x1b, 0x0d, 0x0a,
    0x07, 0x05, 0x00, 0x13, 0x01, 0x12, 0x07, 0x08, 0x14, 0x2b, 0x01, 0x32, 0x16, 0x15, 0x14, 0x06,
    0x2b, 0x01, 0x15, 0x14, 0x06, 0x2b, 0x01, 0x22, 0x26, 0x35, 0x11, 0x34, 0x36, 0x33, 0x13, 0x32,
    0x36, 0x34, 0x26, 0x2b, 0x01, 0x15, 0x01, 0x71, 0x76, 0x8c, 0x8a, 0x76, 0x7b, 0x12, 0x18, 0x71,
    0x18, 0x13, 0x13, 0x18, 0xfe, 0x23, 0x28, 0x28, 0x23, 0x63, 0x02, 0xc6, 0x84, 0x76, 0x75, 0x82,
    0xab, 0x17, 0x13, 0x13, 0x17, 0x02, 0x72, 0x17, 0x13, 0xfe, 0xbe, 0x28, 0x42, 0x29, 0x93, 0x00,
    0x00, 0x02, 0x00, 0x21, 0xff, 0xad, 0x02, 0x9f, 0x02, 0xd5, 0x00, 0x16, 0x00, 0x24, 0x00, 0x26,
    0x40, 0x23, 0x16, 0x07, 0x02, 0x00, 0x02, 0x01, 0x4a, 0x00, 0x03, 0x03, 0x01, 0x5b, 0x00, 0x01,
    0x01, 0x31, 0x4b, 0x00, 0x02, 0x02, 0x00, 0x5b, 0x00, 0x00, 0x00, 0x32, 0x00, 0x4c, 0x25, 0x28,
    0x25, 0x28, 0x04, 0x08, 0x18, 0x2b, 0x25, 0x16, 0x06, 0x0f, 0x01, 0x06, 0x2f, 0x01, 0x06, 0x23,
    0x22, 0x26, 0x3d, 0x01, 0x34, 0x36, 0x33, 0x32, 0x16, 0x1d, 0x01, 0x14, 0x07, 0x25, 0x14, 0x16,
    0x33, 0x32, 0x36, 0x3d, 0x01, 0x34, 0x26, 0x23, 0x22, 0x06, 0x15, 0x02, 0x91, 0x0f, 0x02, 0x12,
    0x4a, 0x20, 0x1b, 0x41, 0x33, 0x3e, 0x93, 0xa1, 0xa1, 0x93, 0x92, 0xa1, 0x2e, 0xfe, 0x8d, 0x39,
    0x35, 0x34, 0x39, 0x39, 0x34, 0x35, 0x39, 0x23, 0x12, 0x1a, 0x10, 0x3a, 0x1c, 0x21, 0x4d, 0x0e,
    0x95, 0x83, 0xb4, 0x83, 0x95, 0x95, 0x83, 0xb4, 0x64, 0x41, 0x9c, 0x2f, 0x31, 0x31, 0x2f, 0xc6,
    0x2f, 0x31, 0x31, 0x2f, 0x00, 0x02, 0x00, 0x32, 0x00, 0x00, 0x02, 0x81, 0x02, 0xc6, 0x00, 0x20,
    0x00, 0x29, 0x00, 0x36, 0x40, 0x33, 0x05, 0x01, 0x02, 0x05, 0x01, 0x4a, 0x00, 0x05, 0x00, 0x02,
    0x01, 0x05, 0x02, 0x63, 0x00, 0x04, 0x04, 0x00, 0x59, 0x06, 0x01, 0x00, 0x00, 0x29, 0x4b, 0x03,
    0x01, 0x01, 0x01, 0x2a, 0x01, 0x4c, 0x01, 0x00, 0x28, 0x26, 0x25, 0x23, 0x1a, 0x17, 0x14, 0x12,
    0x0d, 0x0a, 0x00, 0x20, 0x01, 0x1f, 0x07, 0x08, 0x14, 0x2b, 0x01, 0x32, 0x16, 0x15, 0x14, 0x07,
    0x16, 0x1f, 0x01, 0x16, 0x06, 0x2b, 0x01, 0x22, 0x26, 0x2f, 0x01, 0x2e, 0x01, 0x2b, 0x01, 0x15,
    0x14, 0x06, 0x2b, 0x01, 0x22, 0x26, 0x35, 0x11, 0x34, 0x36, 0x33, 0x05, 0x34, 0x26, 0x2b, 0x01,
    0x15, 0x33, 0x32, 0x36, 0x01, 0x7a, 0x73, 0x86, 0x6c, 0x10, 0x0b, 0x5a, 0x0b, 0x0d, 0x18, 0x6c,
    0x27, 0x29, 0x0c, 0x40, 0x0e, 0x20, 0x1d, 0x17, 0x12, 0x18, 0x71, 0x18, 0x13, 0x13, 0x18, 0x01,
    0x49, 0x22, 0x20, 0x6c, 0x6c, 0x1f, 0x23, 0x02, 0xc6, 0x7e, 0x73, 0x92, 0x3c, 0x14, 0x17, 0xab,
    0x14, 0x1d, 0x15, 0x1b, 0x89, 0x1b, 0x18, 0xc2, 0x17, 0x13, 0x13, 0x17, 0x02, 0x72, 0x17, 0x13,
    0xf0, 0x1e, 0x23, 0x84, 0x24, 0x00, 0x00, 0x00, 0x00, 0x01, 0x00, 0x18, 0xff, 0xf1, 0x02, 0x73,
    0x02, 0xd5, 0x00, 0x35, 0x00, 0x1f, 0x40, 0x1c, 0x00, 0x01, 0x01, 0x00, 0x5b, 0x00, 0x00, 0x00,
    0x31, 0x4b, 0x00, 0x03, 0x03, 0x02, 0x5b, 0x00, 0x02, 0x02, 0x32, 0x02, 0x4c, 0x29, 0x2c, 0x29,
    0x22, 0x04, 0x08, 0x18, 0x2b, 0x13, 0x34, 0x36, 0x33, 0x32, 0x16, 0x17, 0x16, 0x0f, 0x01, 0x06,
    0x26, 0x27, 0x26, 0x23, 0x22, 0x15, 0x14, 0x16, 0x17, 0x1e, 0x04, 0x15, 0x14, 0x06, 0x23, 0x22,
    0x27, 0x26, 0x36, 0x3f, 0x01, 0x36, 0x16, 0x17, 0x16, 0x33, 0x32, 0x35, 0x34, 0x26, 0x27, 0x2e,
    0x08, 0x1c, 0x9d, 0x8c, 0x6e, 0x86, 0x23, 0x13, 0x2b, 0x64, 0x14, 0x16, 0x0c, 0x1a, 0x4b, 0x5f,
    0x40, 0x43, 0x2c, 0x3a, 0x51, 0x30, 0x23, 0xad, 0x89, 0xea, 0x39, 0x08, 0x0d, 0x16, 0x5e, 0x16,
    0x1a, 0x0b, 0x1b, 0x56, 0x6b, 0x3a, 0x3b, 0x1c, 0x1a, 0x38, 0x1f, 0x30, 0x1c, 0x22, 0x11, 0x0d,
    0x01, 0xf5, 0x65, 0x7b, 0x44, 0x48, 0x27, 0x11, 0x2b, 0x09, 0x08, 0x16, 0x34, 0x34, 0x1d, 0x18,
    0x08, 0x06, 0x0c, 0x21, 0x2e, 0x52, 0x36, 0x6b, 0x79, 0x9b, 0x17, 0x18, 0x08, 0x22, 0x08, 0x09,
    0x15, 0x35, 0x39, 0x1b, 0x18, 0x08, 0x04, 0x04, 0x0b, 0x0a, 0x14, 0x16, 0x22, 0x29, 0x35, 0x00,
    0x00, 0x01, 0x00, 0x0c, 0x00, 0x00, 0x02, 0x50, 0x02, 0xc6, 0x00, 0x19, 0x00, 0x24, 0x40, 0x21,
    0x03, 0x01, 0x01, 0x01, 0x00, 0x59, 0x04, 0x01, 0x00, 0x00, 0x29, 0x4b, 0x00, 0x02, 0x02, 0x2a,
    0x02, 0x4c, 0x01, 0x00, 0x13, 0x11, 0x0e, 0x0b, 0x08, 0x06, 0x00, 0x19, 0x01, 0x18, 0x05, 0x08,
    0x14, 0x2b, 0x01, 0x32, 0x16, 0x1d, 0x01, 0x14, 0x06, 0x2b, 0x01, 0x11, 0x14, 0x06, 0x2b, 0x01,
    0x22, 0x26, 0x35, 0x11, 0x23, 0x22, 0x26, 0x3d, 0x01, 0x34, 0x36, 0x33, 0x02, 0x25, 0x18, 0x13,
    0x13, 0x18, 0x94, 0x13, 0x18, 0x71, 0x18, 0x12, 0x95, 0x18, 0x12, 0x12, 0x18, 0x02, 0xc6, 0x13,
    0x17, 0x5a, 0x18, 0x13, 0xfe, 0x13, 0x17, 0x13, 0x13, 0x17, 0x01, 0xed, 0x13, 0x18, 0x5a, 0x17,
    0x13, 0x00, 0x00, 0x00, 0x00, 0x01, 0x00, 0x2d, 0xff, 0xf1, 0x02, 0x88, 0x02, 0xc6, 0x00, 0x1b,
    0x00, 0x1b, 0x40, 0x18, 0x03, 0x01, 0x01, 0x01, 0x29, 0x4b, 0x00, 0x00, 0x00, 0x02, 0x5c, 0x00,
    0x02, 0x02, 0x32, 0x02, 0x4c, 0x35, 0x25, 0x34, 0x21, 0x04, 0x08, 0x18, 0x2b, 0x37, 0x14, 0x33,
    0x32, 0x35, 0x11, 0x34, 0x36, 0x3b, 0x01, 0x32, 0x16, 0x15, 0x11, 0x14, 0x06, 0x23, 0x22, 0x26,
    0x35, 0x11, 0x34, 0x36, 0x3b, 0x01, 0x32, 0x16, 0x15, 0xf3, 0x67, 0x68, 0x12, 0x18, 0x71, 0x18,
    0x13, 0x9c, 0x92, 0x91, 0x9c, 0x12, 0x18, 0x71, 0x18, 0x13, 0xfc, 0x5c, 0x5c, 0x01, 0xa0, 0x17,
    0x13, 0x13, 0x17, 0xfe, 0x69, 0x80, 0x94, 0x94, 0x80, 0x01, 0x97, 0x17, 0x13, 0x13, 0x17, 0x00,
    0x00, 0x01, 0x00, 0x05, 0x00, 0x00, 0x02, 0xa5, 0x02, 0xc6, 0x00, 0x1d, 0x00, 0x24, 0x40, 0x21,
    0x02, 0x04, 0x02, 0x00, 0x00, 0x29, 0x4b, 0x00, 0x03, 0x03, 0x01, 0x59, 0x00, 0x01, 0x01, 0x2a,
    0x01, 0x4c, 0x01, 0x00, 0x17, 0x16, 0x0f, 0x0c, 0x08, 0x05, 0x00, 0x1d, 0x01, 0x1c, 0x05, 0x08,
    0x14, 0x2b, 0x01, 0x32, 0x07, 0x03, 0x0e, 0x01, 0x2b, 0x01, 0x22, 0x26, 0x27, 0x03, 0x26, 0x3b,
    0x01, 0x32, 0x16, 0x17, 0x13, 0x1e, 0x01, 0x1f, 0x01, 0x33, 0x36, 0x37, 0x13, 0x3e, 0x01, 0x33,
    0x02, 0x8a, 0x2a, 0x0f, 0xdd, 0x07, 0x16, 0x17, 0x7d, 0x16, 0x17, 0x07, 0xde, 0x0f, 0x2c, 0x72,
    0x26, 0x1f, 0x06, 0x5f, 0x07, 0x0b, 0x02, 0x02, 0x09, 0x04, 0x11, 0x5f, 0x06, 0x1e, 0x24, 0x02,
    0xc6, 0x29, 0xfd, 0x86, 0x15, 0x0e, 0x0e, 0x13, 0x02, 0x7c, 0x29, 0x12, 0x18, 0xfe, 0xaa, 0x1a,
    0x41, 0x13, 0x13, 0x45, 0x3b, 0x01, 0x57, 0x18, 0x12, 0x00, 0x00, 0x00, 0x00, 0x01, 0x00, 0x0d,
    0x00, 0x00, 0x03, 0x9f, 0x02, 0xc6, 0x00, 0x37, 0x00, 0x2b, 0x40, 0x28, 0x30, 0x22, 0x0d, 0x03,
    0x01, 0x00, 0x01, 0x4a, 0x04, 0x03, 0x05, 0x03, 0x00, 0x00, 0x29, 0x4b, 0x02, 0x01, 0x01, 0x01,
    0x2a, 0x01, 0x4c, 0x01, 0x00, 0x2b, 0x28, 0x1d, 0x1a, 0x16, 0x13, 0x09, 0x06, 0x00, 0x37, 0x01,
    0x36, 0x06, 0x08, 0x14, 0x2b, 0x01, 0x32, 0x16, 0x07, 0x03, 0x0e, 0x01, 0x2b, 0x01, 0x22, 0x2f,
    0x01, 0x26, 0x27, 0x23, 0x06, 0x0f, 0x01, 0x0e, 0x01, 0x2b, 0x01, 0x22, 0x27, 0x03, 0x26, 0x36,
    0x3b, 0x01, 0x32, 0x16, 0x17, 0x13, 0x16, 0x15, 0x33, 0x34, 0x37, 0x13, 0x3e, 0x01, 0x3b, 0x01,
    0x32, 0x16, 0x17, 0x13, 0x16, 0x17, 0x33, 0x36, 0x37, 0x13, 0x3e, 0x01, 0x33, 0x03, 0x83, 0x16,
    0x0b, 0x06, 0x9f, 0x05, 0x17, 0x17, 0x75, 0x2c, 0x08, 0x36, 0x11, 0x02, 0x08, 0x03, 0x13, 0x35,
    0x06, 0x17, 0x17, 0x73, 0x2d, 0x07, 0x9e, 0x06, 0x0b, 0x16, 0x7b, 0x1c, 0x18, 0x04, 0x2c, 0x0e,
    0x07, 0x13, 0x3e, 0x05, 0x19, 0x1a, 0x6c, 0x19, 0x1a, 0x05, 0x3d, 0x10, 0x03, 0x08, 0x03, 0x0c,
    0x2a, 0x04, 0x19, 0x1c, 0x02, 0xc6, 0x14, 0x15, 0xfd, 0x86, 0x15, 0x0e, 0x21, 0xe9, 0x54, 0x60,
    0x5d, 0x57, 0xe7, 0x15, 0x0e, 0x21, 0x02, 0x7c, 0x15, 0x14, 0x0f, 0x16, 0xfe, 0xfa, 0x51, 0x60,
    0x5c, 0x55, 0x01, 0x06, 0x17, 0x0e, 0x0f, 0x16, 0xfe, 0xfa, 0x4a, 0x67, 0x62, 0x4f, 0x01, 0x06,
    0x16, 0x0f, 0x00, 0x00, 0x00, 0x01, 0x00, 0x02, 0x00, 0x00, 0x02, 0x97, 0x02, 0xc6, 0x00, 0x23,
    0x00, 0x20, 0x40, 0x1d, 0x23, 0x1a, 0x11, 0x08, 0x04, 0x00, 0x02, 0x01, 0x4a, 0x03, 0x01, 0x02,
    0x02, 0x29, 0x4b, 0x01, 0x01, 0x00, 0x00, 0x2a, 0x00, 0x4c, 0x36, 0x36, 0x36, 0x32, 0x04, 0x08,
    0x18, 0x2b, 0x25, 0x16, 0x06, 0x2b, 0x01, 0x22, 0x26, 0x2f, 0x01, 0x07, 0x0e, 0x01, 0x2b, 0x01,
    0x22, 0x26, 0x37, 0x13, 0x03, 0x26, 0x36, 0x3b, 0x01, 0x32, 0x16, 0x1f, 0x01, 0x37, 0x3e, 0x01,
    0x3b, 0x01, 0x32, 0x16, 0x07, 0x03, 0x02, 0x8f, 0x0d, 0x0b, 0x17, 0x81, 0x27, 0x1d, 0x0e, 0x5f,
    0x5c, 0x0f, 0x1c, 0x28, 0x7b, 0x16, 0x0b, 0x0c, 0xcd, 0xc4, 0x0b, 0x0b, 0x15, 0x77, 0x28, 0x1d,
    0x0e, 0x5a, 0x59, 0x0e, 0x1b, 0x24, 0x80, 0x14, 0x0b, 0x0b, 0xc6, 0x2a, 0x10, 0x1a, 0x0c, 0x19,
    0xa4, 0xa4, 0x18, 0x0d, 0x18, 0x12, 0x01, 0x40, 0x01, 0x34, 0x10, 0x18, 0x0c, 0x17, 0x9a, 0x9a,
    0x18, 0x0b, 0x18, 0x10, 0xfe, 0xcc, 0x00, 0x00, 0x00, 0x01, 0x00, 0x02, 0x00, 0x00, 0x02, 0xa1,
    0x02, 0xc6, 0x00, 0x1a, 0x00, 0x25, 0x40, 0x22, 0x16, 0x0d, 0x04, 0x03, 0x01, 0x00, 0x01, 0x4a,
    0x02, 0x03, 0x02, 0x00, 0x00, 0x29, 0x4b, 0x00, 0x01, 0x01, 0x2a, 0x01, 0x4c, 0x01, 0x00, 0x13,
    0x10, 0x0a, 0x07, 0x00, 0x1a, 0x01, 0x19, 0x04, 0x08, 0x14, 0x2b, 0x01, 0x32, 0x16, 0x07, 0x03,
    0x15, 0x14, 0x06, 0x2b, 0x01, 0x22, 0x26, 0x3d, 0x01, 0x03, 0x26, 0x36, 0x3b, 0x01, 0x32, 0x16,
    0x1f, 0x01, 0x37, 0x3e, 0x01, 0x33, 0x02, 0x86, 0x16, 0x0a, 0x0b, 0xe7, 0x12, 0x18, 0x71, 0x18,
    0x13, 0xe6, 0x0b, 0x0a, 0x16, 0x78, 0x28, 0x1d, 0x0e, 0x6b, 0x6e, 0x0e, 0x1d, 0x27, 0x02, 0xc6,
    0x19, 0x11, 0xfe, 0x77, 0xe9, 0x17, 0x13, 0x13, 0x17, 0xe9, 0x01, 0x89, 0x11, 0x19, 0x0c, 0x19,
    0xcc, 0xcc, 0x19, 0x0c, 0x00, 0x01, 0x00, 0x1a, 0x00, 0x00, 0x02, 0x48, 0x02, 0xc6, 0x00, 0x1f,
    0x00, 0x28, 0x40, 0x25, 0x00, 0x03, 0x03, 0x00, 0x59, 0x04, 0x01, 0x00, 0x00, 0x29, 0x4b, 0x00,
    0x01, 0x01, 0x02, 0x59, 0x00, 0x02, 0x02, 0x2a, 0x02, 0x4c, 0x01, 0x00, 0x19, 0x17, 0x11, 0x0e,
    0x09, 0x07, 0x00, 0x1f, 0x01, 0x1e, 0x05, 0x08, 0x14, 0x2b, 0x01, 0x32, 0x16, 0x1d, 0x01, 0x14,
    0x07, 0x01, 0x33, 0x32, 0x16, 0x1d, 0x01, 0x14, 0x06, 0x23, 0x21, 0x22, 0x26, 0x3d, 0x01, 0x34,
    0x37, 0x01, 0x23, 0x22, 0x26, 0x3d, 0x01, 0x34, 0x36, 0x33, 0x02, 0x19, 0x18, 0x12, 0x0d, 0xfe,
    0xeb, 0xfd, 0x18, 0x12, 0x12, 0x18, 0xfe, 0x26, 0x17, 0x13, 0x0e, 0x01, 0x15, 0xf4, 0x17, 0x13,
    0x13, 0x17, 0x02, 0xc6, 0x13, 0x17, 0x3c, 0x19, 0x13, 0xfe, 0x7b, 0x12, 0x18, 0x5b, 0x17, 0x13,
    0x13, 0x17, 0x3d, 0x17, 0x13, 0x01, 0x86, 0x13, 0x18, 0x5a, 0x17, 0x13, 0x00, 0x01, 0x00, 0x32,
    0xff, 0x6d, 0x01, 0x51, 0x03, 0x58, 0x00, 0x19, 0x00, 0x2b, 0x40, 0x28, 0x04, 0x01, 0x00, 0x00,
    0x01, 0x02, 0x00, 0x01, 0x61, 0x00, 0x02, 0x03, 0x03, 0x02, 0x55, 0x00, 0x02, 0x02, 0x03, 0x59,
    0x00, 0x03, 0x02, 0x03, 0x4d, 0x01, 0x00, 0x13, 0x10, 0x0b, 0x09, 0x08, 0x06, 0x00, 0x19, 0x01,
    0x18, 0x05, 0x08, 0x14, 0x2b, 0x01, 0x32, 0x16, 0x1d, 0x01, 0x14, 0x06, 0x2b, 0x01, 0x11, 0x33,
    0x32, 0x16, 0x1d, 0x01, 0x14, 0x06, 0x2b, 0x01, 0x22, 0x26, 0x35, 0x11, 0x34, 0x36, 0x33, 0x01,
    0x2c, 0x18, 0x0d, 0x0d, 0x18, 0x47, 0x47, 0x18, 0x0d, 0x0d, 0x18, 0xd4, 0x18, 0x0e, 0x0e, 0x18,
    0x03, 0x58, 0x0d, 0x18, 0x45, 0x18, 0x0d, 0xfd, 0x35, 0x0d, 0x18, 0x47, 0x18, 0x0d, 0x0e, 0x18,
    0x03, 0x9f, 0x17, 0x0f, 0x00, 0x01, 0x00, 0x14, 0xff, 0xc4, 0x01, 0xda, 0x02, 0xc6, 0x00, 0x0f,
    0x00, 0x13, 0x40, 0x10, 0x00, 0x01, 0x00, 0x01, 0x73, 0x00, 0x00, 0x00, 0x29, 0x00, 0x4c, 0x35,
    0x32, 0x02, 0x08, 0x16, 0x2b, 0x13, 0x26, 0x36, 0x3b, 0x01, 0x32, 0x16, 0x17, 0x01, 0x16, 0x06,
    0x2b, 0x01, 0x22, 0x26, 0x27, 0x16, 0x07, 0x0b, 0x15, 0x70, 0x16, 0x16, 0x07, 0x01, 0x06, 0x07,
    0x0b, 0x15, 0x70, 0x16, 0x16, 0x07, 0x02, 0xa3, 0x12, 0x11, 0x0e, 0x15, 0xfd, 0x44, 0x12, 0x11,
    0x0f, 0x14, 0x00, 0x00, 0x00, 0x01, 0x00, 0x11, 0xff, 0x6d, 0x01, 0x30, 0x03, 0x58, 0x00, 0x19,
    0x00, 0x2b, 0x40, 0x28, 0x04, 0x01, 0x00, 0x00, 0x03, 0x02, 0x00, 0x03, 0x61, 0x00, 0x02, 0x01,
    0x01, 0x02, 0x55, 0x00, 0x02, 0x02, 0x01, 0x59, 0x00, 0x01, 0x02, 0x01, 0x4d, 0x01, 0x00, 0x13,
    0x11, 0x10, 0x0e, 0x09, 0x06, 0x00, 0x19, 0x01, 0x18, 0x05, 0x08, 0x14, 0x2b, 0x01, 0x32, 0x16,
    0x15, 0x11, 0x14, 0x06, 0x2b, 0x01, 0x22, 0x26, 0x3d, 0x01, 0x34, 0x36, 0x3b, 0x01, 0x11, 0x23,
    0x22, 0x26, 0x3d, 0x01, 0x34, 0x36, 0x33, 0x01, 0x0a, 0x18, 0x0e, 0x0e, 0x18, 0xd4, 0x18, 0x0d,
    0x0d, 0x18, 0x47, 0x47, 0x18, 0x0d, 0x0d, 0x18, 0x03, 0x58, 0x0f, 0x17, 0xfc, 0x61, 0x18, 0x0e,
    0x0d, 0x18, 0x47, 0x18, 0x0d, 0x02, 0xcb, 0x0d, 0x18, 0x45, 0x18, 0x0d, 0x00, 0x01, 0x00, 0x1b,
    0x02, 0x08, 0x02, 0x55, 0x03, 0x2a, 0x00, 0x18, 0x00, 0x29, 0xb1, 0x06, 0x64, 0x44, 0x40, 0x1e,
    0x0b, 0x01, 0x01, 0x00, 0x01, 0x4a, 0x03, 0x01, 0x00, 0x01, 0x00, 0x72, 0x02, 0x01, 0x01, 0x01,
    0x69, 0x01, 0x00, 0x12, 0x0f, 0x08, 0x05, 0x00, 0x18, 0x01, 0x17, 0x04, 0x08, 0x14, 0x2b, 0xb1,
    0x06, 0x00, 0x44, 0x01, 0x32, 0x16, 0x1f, 0x01, 0x16, 0x2b, 0x01, 0x22, 0x26, 0x2f, 0x01, 0x23,
    0x07, 0x0e, 0x01, 0x2b, 0x01, 0x22, 0x26, 0x3f, 0x01, 0x3e, 0x01, 0x33, 0x01, 0x5e, 0x18, 0x16,
    0x12, 0xb7, 0x24, 0x39, 0x69, 0x23, 0x1d, 0x11, 0x47, 0x04, 0x4a, 0x12, 0x1e, 0x23, 0x62, 0x1b,
    0x0c, 0x12, 0xb6, 0x11, 0x1a, 0x16, 0x03, 0x2a, 0x0d, 0x15, 0xd3, 0x2d, 0x0c, 0x16, 0x5e, 0x5e,
    0x16, 0x0c, 0x18, 0x15, 0xd3, 0x14, 0x0e, 0x00, 0x00, 0x01, 0x00, 0x0d, 0xff, 0x57, 0x01, 0xec,
    0x00, 0x00, 0x00, 0x0f, 0x00, 0x28, 0xb1, 0x06, 0x64, 0x44, 0x40, 0x1d, 0x02, 0x01, 0x00, 0x01,
    0x01, 0x00, 0x55, 0x02, 0x01, 0x00, 0x00, 0x01, 0x59, 0x00, 0x01, 0x00, 0x01, 0x4d, 0x01, 0x00,
    0x09, 0x06, 0x00, 0x0f, 0x01, 0x0e, 0x03, 0x08, 0x14, 0x2b, 0xb1, 0x06, 0x00, 0x44, 0x21, 0x32,
    0x16, 0x1d, 0x01, 0x14, 0x06, 0x23, 0x21, 0x22, 0x26, 0x3d, 0x01, 0x34, 0x36, 0x33, 0x01, 0xc2,
    0x18, 0x12, 0x12, 0x18, 0xfe, 0x75, 0x18, 0x12, 0x12, 0x18, 0x13, 0x17, 0x55, 0x18, 0x12, 0x12,
    0x18, 0x55, 0x17, 0x13, 0x00, 0x01, 0xff, 0xfb, 0x02, 0x40, 0x01, 0x17, 0x02, 0xde, 0x00, 0x0e,
    0x00, 0x06, 0xb3, 0x08, 0x01, 0x01, 0x30, 0x2b, 0x13, 0x36, 0x1f, 0x01, 0x1e, 0x01, 0x0f, 0x01,
    0x06, 0x2f, 0x01, 0x2e, 0x01, 0x36, 0x37, 0x3c, 0x19, 0x29, 0x8b, 0x0d, 0x01, 0x0c, 0x1c, 0x0c,
    0x23, 0xb4, 0x0c, 0x07, 0x05, 0x09, 0x02, 0xdc, 0x1b, 0x19, 0x54, 0x07, 0x11, 0x0e, 0x21, 0x0f,
    0x0c, 0x3c, 0x04, 0x0c, 0x0d, 0x0b, 0x00, 0x00, 0x00, 0x02, 0x00, 0x05, 0x00, 0x00, 0x02, 0xac,
    0x02, 0xc6, 0x00, 0x17, 0x00, 0x21, 0x00, 0x25, 0x40, 0x22, 0x00, 0x05, 0x00, 0x01, 0x00, 0x05,
    0x01, 0x61, 0x00, 0x04, 0x04, 0x03, 0x59, 0x00, 0x03, 0x03, 0x29, 0x4b, 0x02, 0x01, 0x00, 0x00,
    0x2a, 0x00, 0x4c, 0x13, 0x17, 0x34, 0x33, 0x13, 0x31, 0x06, 0x08, 0x1a, 0x2b, 0x25, 0x16, 0x2b,
    0x01, 0x22, 0x26, 0x2f, 0x01, 0x23, 0x07, 0x0e, 0x01, 0x2b, 0x01, 0x22, 0x37, 0x13, 0x3e, 0x01,
    0x3b, 0x01, 0x32, 0x16, 0x17, 0x03, 0x2e, 0x01, 0x2f, 0x01, 0x23, 0x16, 0x0f, 0x01, 0x33, 0x02,
    0xac, 0x0f, 0x2c, 0x6c, 0x26, 0x1f, 0x06, 0x17, 0xd8, 0x17, 0x08, 0x1d, 0x24, 0x69, 0x2a, 0x0f,
    0xe6, 0x07, 0x16, 0x17, 0x72, 0x16, 0x17, 0x07, 0x56, 0x09, 0x0b, 0x01, 0x01, 0x0a, 0x01, 0x14,
    0x25, 0x7d, 0x29, 0x29, 0x12, 0x18, 0x48, 0x48, 0x18, 0x12, 0x29, 0x02, 0x7a, 0x15, 0x0e, 0x0e,
    0x13, 0xfe, 0xdf, 0x1e, 0x46, 0x14, 0x14, 0x48, 0x43, 0x76, 0x00, 0x00, 0x00, 0x03, 0x00, 0x32,
    0x00, 0x00, 0x02, 0x7c, 0x02, 0xc7, 0x00, 0x13, 0x00, 0x1a, 0x00, 0x21, 0x00, 0x3a, 0x40, 0x37,
    0x05, 0x01, 0x04, 0x03, 0x01, 0x4a, 0x00, 0x03, 0x00, 0x04, 0x05, 0x03, 0x04, 0x61, 0x00, 0x02,
    0x02, 0x00, 0x59, 0x06, 0x01, 0x00, 0x00, 0x29, 0x4b, 0x00, 0x05, 0x05, 0x01, 0x59, 0x00, 0x01,
    0x01, 0x2a, 0x01, 0x4c, 0x01, 0x00, 0x21, 0x1f, 0x1e, 0x1c, 0x1a, 0x18, 0x17, 0x15, 0x0d, 0x0a,
    0x00, 0x13, 0x01, 0x12, 0x07, 0x08, 0x14, 0x2b, 0x01, 0x32, 0x16, 0x15, 0x14, 0x07, 0x15, 0x16,
    0x15, 0x14, 0x06, 0x23, 0x21, 0x22, 0x26, 0x35, 0x11, 0x34, 0x36, 0x33, 0x05, 0x34, 0x2b, 0x01,
    0x15, 0x33, 0x32, 0x17, 0x34, 0x2b, 0x01, 0x15, 0x33, 0x32, 0x01, 0x82, 0x68, 0x75, 0x48, 0x65,
    0x89, 0x6d, 0xfe, 0xd7, 0x18, 0x13, 0x13, 0x18, 0x01, 0x39, 0x3d, 0x61, 0x61, 0x3d, 0x16, 0x40,
    0x74, 0x74, 0x40, 0x02, 0xc7, 0x63, 0x5b, 0x62, 0x31, 0x04, 0x2c, 0x80, 0x5e, 0x68, 0x13, 0x17,
    0x02, 0x72, 0x18, 0x13, 0xd9, 0x38, 0x6e, 0xdb, 0x3a, 0x75, 0x00, 0x00, 0x00, 0x01, 0x00, 0x21,
    0xff, 0xf1, 0x02, 0x7b, 0x02, 0xd5, 0x00, 0x23, 0x00, 0x1f, 0x40, 0x1c, 0x00, 0x01, 0x01, 0x00,
    0x5b, 0x00, 0x00, 0x00, 0x31, 0x4b, 0x00, 0x02, 0x02, 0x03, 0x5b, 0x00, 0x03, 0x03, 0x32, 0x03,
    0x4c, 0x29, 0x25, 0x29, 0x22, 0x04, 0x08, 0x18, 0x2b, 0x13, 0x34, 0x36, 0x33, 0x32, 0x17, 0x16,
    0x06, 0x0f, 0x01, 0x06, 0x26, 0x27, 0x26, 0x23, 0x22, 0x06, 0x1d, 0x01, 0x14, 0x16, 0x33, 0x32,
    0x37, 0x3e, 0x01, 0x1f, 0x01, 0x1e, 0x01, 0x07, 0x06, 0x23, 0x22, 0x26, 0x35, 0x21, 0xa1, 0x93,
    0xe2, 0x42, 0x08, 0x0d, 0x16, 0x6b, 0x17, 0x17, 0x08, 0x1a, 0x4e, 0x3a, 0x34, 0x34, 0x3a, 0x50,
    0x18, 0x09, 0x16, 0x17, 0x6b, 0x16, 0x0d, 0x08, 0x42, 0xe2, 0x93, 0xa1, 0x01, 0xbd, 0x83, 0x95,
    0xaf, 0x16, 0x19, 0x07, 0x26, 0x07, 0x0b, 0x17, 0x41, 0x33, 0x35, 0xb6, 0x35, 0x33, 0x41, 0x18,
    0x0b, 0x08, 0x26, 0x07, 0x19, 0x16, 0xaf, 0x95, 0x83, 0x00, 0x00, 0x00, 0x00, 0x02, 0x00, 0x32,
    0x00, 0x00, 0x02, 0x84, 0x02, 0xc6, 0x00, 0x0f, 0x00, 0x17, 0x00, 0x28, 0x40, 0x25, 0x00, 0x02,
    0x02, 0x00, 0x59, 0x04, 0x01, 0x00, 0x00, 0x29, 0x4b, 0x00, 0x03, 0x03, 0x01, 0x59, 0x00, 0x01,
    0x01, 0x2a, 0x01, 0x4c, 0x01, 0x00, 0x16, 0x14, 0x13, 0x11, 0x09, 0x06, 0x00, 0x0f, 0x01, 0x0e,
    0x05, 0x08, 0x14, 0x2b, 0x01, 0x32, 0x16, 0x1d, 0x01, 0x14, 0x06, 0x2b, 0x01, 0x22, 0x26, 0x35,
    0x11, 0x34, 0x36, 0x33, 0x01, 0x34, 0x2b, 0x01, 0x11, 0x33, 0x32, 0x35, 0x01, 0x51, 0x92, 0xa1,
    0xa1, 0x92, 0xf4, 0x18, 0x13, 0x13, 0x18, 0x01, 0x61, 0x74, 0x52, 0x52, 0x74, 0x02, 0xc6, 0x95,
    0x83, 0x96, 0x82, 0x96, 0x13, 0x17, 0x02, 0x72, 0x17, 0x13, 0xfe, 0xe5, 0x6c, 0xfe, 0x98, 0x6c,
    0x00, 0x01, 0x00, 0x32, 0x00, 0x00, 0x02, 0x33, 0x02, 0xc6, 0x00, 0x23, 0x00, 0x34, 0x40, 0x31,
    0x00, 0x02, 0x00, 0x03, 0x04, 0x02, 0x03, 0x61, 0x00, 0x01, 0x01, 0x00, 0x59, 0x06, 0x01, 0x00,
    0x00, 0x29, 0x4b, 0x00, 0x04, 0x04, 0x05, 0x59, 0x00, 0x05, 0x05, 0x2a, 0x05, 0x4c, 0x01, 0x00,
    0x1d, 0x1a, 0x15, 0x13, 0x12, 0x10, 0x0b, 0x09, 0x08, 0x06, 0x00, 0x23, 0x01, 0x22, 0x07, 0x08,
    0x14, 0x2b, 0x01, 0x32, 0x16, 0x1d, 0x01, 0x14, 0x06, 0x23, 0x21, 0x15, 0x33, 0x32, 0x16, 0x1d,
    0x01, 0x14, 0x06, 0x2b, 0x01, 0x15, 0x21, 0x32, 0x16, 0x1d, 0x01, 0x14, 0x06, 0x23, 0x21, 0x22,
    0x26, 0x35, 0x11, 0x34, 0x36, 0x33, 0x02, 0x00, 0x18, 0x13, 0x13, 0x18, 0xfe, 0xf8, 0xd3, 0x18,
    0x13, 0x13, 0x18, 0xd3, 0x01, 0x11, 0x17, 0x13, 0x13, 0x17, 0xfe, 0x54, 0x18, 0x13, 0x13, 0x18,
    0x02, 0xc6, 0x13, 0x17, 0x5a, 0x18, 0x13, 0x59, 0x13, 0x17, 0x5a, 0x18, 0x13, 0x60, 0x12, 0x18,
    0x5b, 0x17, 0x13, 0x13, 0x17, 0x02, 0x72, 0x17, 0x13, 0x00, 0x00, 0x00, 0x00, 0x01, 0x00, 0x32,
    0x00, 0x00, 0x02, 0x2b, 0x02, 0xc6, 0x00, 0x1e, 0x00, 0x2d, 0x40, 0x2a, 0x00, 0x02, 0x00, 0x03,
    0x04, 0x02, 0x03, 0x61, 0x00, 0x01, 0x01, 0x00, 0x59, 0x05, 0x01, 0x00, 0x00, 0x29, 0x4b, 0x00,
    0x04, 0x04, 0x2a, 0x04, 0x4c, 0x01, 0x00, 0x18, 0x15, 0x12, 0x10, 0x0b, 0x09, 0x08, 0x06, 0x00,
    0x1e, 0x01, 0x1d, 0x06, 0x08, 0x14, 0x2b, 0x01, 0x32, 0x16, 0x1d, 0x01, 0x14, 0x06, 0x23, 0x21,
    0x15, 0x33, 0x32, 0x16, 0x1d, 0x01, 0x14, 0x06, 0x2b, 0x01, 0x15, 0x14, 0x06, 0x2b, 0x01, 0x22,
    0x26, 0x35, 0x11, 0x34, 0x36, 0x33, 0x02, 0x00, 0x18, 0x13, 0x13, 0x18, 0xfe, 0xf8, 0xd3, 0x18,
    0x13, 0x13, 0x18, 0xd3, 0x12, 0x18, 0x71, 0x18, 0x13, 0x13, 0x18, 0x02, 0xc6, 0x13, 0x17, 0x5a,
    0x18, 0x13, 0x74, 0x13, 0x17, 0x5a, 0x18, 0x13, 0xca, 0x17, 0x13, 0x13, 0x17, 0x02, 0x72, 0x17,
    0x13, 0x00, 0x00, 0x00, 0x00, 0x01, 0x00, 0x21, 0xff, 0xf1, 0x02, 0x88, 0x02, 0xd5, 0x00, 0x2c,
    0x00, 0x34, 0x40, 0x31, 0x06, 0x01, 0x00, 0x00, 0x05, 0x04, 0x00, 0x05, 0x61, 0x00, 0x03, 0x03,
    0x02, 0x5b, 0x00, 0x02, 0x02, 0x31, 0x4b, 0x00, 0x04, 0x04, 0x01, 0x5b, 0x00, 0x01, 0x01, 0x32,
    0x01, 0x4c, 0x01, 0x00, 0x26, 0x24, 0x21, 0x1f, 0x1a, 0x18, 0x0f, 0x0d, 0x08, 0x06, 0x00, 0x2c,
    0x01, 0x2b, 0x07, 0x08, 0x14, 0x2b, 0x01, 0x32, 0x16, 0x1d, 0x01, 0x14, 0x06, 0x23, 0x22, 0x26,
    0x3d, 0x01, 0x34, 0x36, 0x33, 0x32, 0x17, 0x16, 0x06, 0x0f, 0x01, 0x06, 0x26, 0x27, 0x26, 0x23,
    0x22, 0x06, 0x1d, 0x01, 0x14, 0x16, 0x33, 0x32, 0x36, 0x3d, 0x01, 0x23, 0x22, 0x26, 0x3d, 0x01,
    0x34, 0x36, 0x33, 0x02, 0x5e, 0x18, 0x12, 0xa3, 0x90, 0x93, 0xa1, 0xa1, 0x93, 0xe2, 0x42, 0x08,
    0x0d, 0x16, 0x6b, 0x17, 0x17, 0x08, 0x1a, 0x4e, 0x3a, 0x34, 0x34, 0x3a, 0x32, 0x3a, 0x60, 0x17,
    0x13, 0x13, 0x17, 0x01, 0x98, 0x13, 0x18, 0x84, 0x6d, 0x8b, 0x95, 0x83, 0xb4, 0x83, 0x95, 0xaf,
    0x16, 0x19, 0x07, 0x26, 0x08, 0x0c, 0x17, 0x41, 0x33, 0x35, 0xb6, 0x35, 0x33, 0x24, 0x20, 0x14,
    0x12, 0x18, 0x4b, 0x18, 0x13, 0x00, 0x00, 0x00, 0x00, 0x01, 0x00, 0x32, 0x00, 0x00, 0x02, 0x80,
    0x02, 0xc7, 0x00, 0x23, 0x00, 0x2c, 0x40, 0x29, 0x00, 0x05, 0x00, 0x02, 0x01, 0x05, 0x02, 0x61,
    0x04, 0x06, 0x02, 0x00, 0x00, 0x29, 0x4b, 0x03, 0x01, 0x01, 0x01, 0x2a, 0x01, 0x4c, 0x01, 0x00,
    0x1f, 0x1e, 0x1b, 0x18, 0x13, 0x10, 0x0d, 0x0c, 0x09, 0x06, 0x00, 0x23, 0x01, 0x22, 0x07, 0x08,
    0x14, 0x2b, 0x01, 0x32, 0x16, 0x15, 0x11, 0x14, 0x06, 0x2b, 0x01, 0x22, 0x26, 0x3d, 0x01, 0x23,
    0x15, 0x14, 0x06, 0x2b, 0x01, 0x22, 0x26, 0x35, 0x11, 0x34, 0x36, 0x3b, 0x01, 0x32, 0x16, 0x1d,
    0x01, 0x33, 0x35, 0x34, 0x36, 0x33, 0x02, 0x56, 0x17, 0x13, 0x13, 0x17, 0x72, 0x17, 0x13, 0xc2,
    0x12, 0x18, 0x71, 0x18, 0x13, 0x13, 0x18, 0x71, 0x18, 0x12, 0xc2, 0x13, 0x17, 0x02, 0xc7, 0x13,
    0x18, 0xfd, 0x8e, 0x17, 0x13, 0x13, 0x17, 0xe6, 0xe6, 0x17, 0x13, 0x13, 0x17, 0x02, 0x72, 0x18,
    0x13, 0x13, 0x18, 0xdd, 0xdd, 0x18, 0x13, 0x00, 0x00, 0x01, 0x00, 0x32, 0x00, 0x00, 0x00, 0xf8,
    0x02, 0xc6, 0x00, 0x0f, 0x00, 0x13, 0x40, 0x10, 0x00, 0x00, 0x00, 0x29, 0x4b, 0x00, 0x01, 0x01,
    0x2a, 0x01, 0x4c, 0x35, 0x32, 0x02, 0x08, 0x16, 0x2b, 0x13, 0x34, 0x36, 0x3b, 0x01, 0x32, 0x16,
    0x15, 0x11, 0x14, 0x06, 0x2b, 0x01, 0x22, 0x26, 0x35, 0x32, 0x12, 0x16, 0x76, 0x16, 0x12, 0x12,
    0x16, 0x76, 0x16, 0x12, 0x02, 0x9e, 0x16, 0x12, 0x12, 0x16, 0xfd, 0x8a, 0x16, 0x12, 0x12, 0x16,
    0x00, 0x01, 0x00, 0x06, 0xff, 0xf1, 0x02, 0x1d, 0x02, 0xc7, 0x00, 0x17, 0x00, 0x21, 0x40, 0x1e,
    0x03, 0x01, 0x00, 0x00, 0x29, 0x4b, 0x00, 0x02, 0x02, 0x01, 0x5c, 0x00, 0x01, 0x01, 0x32, 0x01,
    0x4c, 0x01, 0x00, 0x12, 0x10, 0x08, 0x06, 0x00, 0x17, 0x01, 0x16, 0x04, 0x08, 0x14, 0x2b, 0x01,
    0x32, 0x16, 0x15, 0x11, 0x14, 0x06, 0x23, 0x22, 0x27, 0x26, 0x3f, 0x01, 0x36, 0x16, 0x17, 0x16,
    0x33, 0x32, 0x35, 0x11, 0x34, 0x36, 0x33, 0x01, 0xf4, 0x17, 0x12, 0x8d, 0x86, 0xc6, 0x3e, 0x0f,
    0x29, 0x68, 0x16, 0x19, 0x09, 0x1a, 0x34, 0x49, 0x12, 0x18, 0x02, 0xc7, 0x13, 0x17, 0xfe, 0x5a,
    0x7d, 0x89, 0xa9, 0x27, 0x0f, 0x25, 0x08, 0x0a, 0x16, 0x3d, 0x56, 0x01, 0xa7, 0x17, 0x13, 0x00,
    0x00, 0x01, 0x00, 0x32, 0x00, 0x00, 0x02, 0x89, 0x02, 0xc6, 0x00, 0x29, 0x00, 0x27, 0x40, 0x24,
    0x27, 0x01, 0x01, 0x04, 0x01, 0x4a, 0x00, 0x04, 0x00, 0x01, 0x00, 0x04, 0x01, 0x63, 0x05, 0x01,
    0x03, 0x03, 0x29, 0x4b, 0x02, 0x01, 0x00, 0x00, 0x2a, 0x00, 0x4c, 0x33, 0x13, 0x35, 0x33, 0x25,
    0x32, 0x06, 0x08, 0x1a, 0x2b, 0x25, 0x16, 0x06, 0x2b, 0x01, 0x22, 0x26, 0x2f, 0x01, 0x2e, 0x01,
    0x2b, 0x01, 0x15, 0x14, 0x06, 0x2b, 0x01, 0x22, 0x26, 0x35, 0x11, 0x34, 0x36, 0x3b, 0x01, 0x32,
    0x16, 0x1d, 0x01, 0x33, 0x37, 0x3e, 0x01, 0x3b, 0x01, 0x32, 0x16, 0x07, 0x03, 0x16, 0x17, 0x02,
    0x84, 0x0b, 0x0d, 0x18, 0x6c, 0x29, 0x24, 0x0c, 0x57, 0x0d, 0x1c, 0x1b, 0x12, 0x12, 0x18, 0x71,
    0x18, 0x13, 0x13, 0x18, 0x71, 0x18, 0x12, 0x16, 0x90, 0x0f, 0x1b, 0x26, 0x73, 0x17, 0x0d, 0x0c,
    0xb6, 0x23, 0x1a, 0x31, 0x14, 0x1d, 0x10, 0x1a, 0xb3, 0x1b, 0x17, 0xe5, 0x17, 0x13, 0x13, 0x17,
    0x02, 0x72, 0x17, 0x13, 0x13, 0x17, 0xde, 0xe3, 0x18, 0x0d, 0x18, 0x14, 0xfe, 0xde, 0x19, 0x34,
    0x00, 0x01, 0x00, 0x32, 0x00, 0x00, 0x02, 0x13, 0x02, 0xc6, 0x00, 0x14, 0x00, 0x21, 0x40, 0x1e,
    0x03, 0x01, 0x00, 0x00, 0x29, 0x4b, 0x00, 0x01, 0x01, 0x02, 0x5a, 0x00, 0x02, 0x02, 0x2a, 0x02,
    0x4c, 0x01, 0x00, 0x0e, 0x0b, 0x06, 0x04, 0x00, 0x14, 0x01, 0x13, 0x04, 0x08, 0x14, 0x2b, 0x13,
    0x32, 0x16, 0x15, 0x11, 0x33, 0x32, 0x16, 0x1d, 0x01, 0x14, 0x06, 0x23, 0x21, 0x22, 0x26, 0x35,
    0x11, 0x34, 0x36, 0x33, 0xce, 0x18, 0x12, 0xf1, 0x17, 0x13, 0x13, 0x17, 0xfe, 0x74, 0x18, 0x13,
    0x13, 0x18, 0x02, 0xc6, 0x13, 0x17, 0xfe, 0x13, 0x12, 0x18, 0x5b, 0x17, 0x13, 0x13, 0x17, 0x02,
    0x72, 0x17, 0x13, 0x00, 0x00, 0x01, 0x00, 0x32, 0x00, 0x00, 0x03, 0x07, 0x02, 0xc7, 0x00, 0x35,
    0x00, 0x3a, 0x40, 0x37, 0x31, 0x01, 0x03, 0x02, 0x01, 0x4a, 0x00, 0x03, 0x02, 0x01, 0x02, 0x03,
    0x01, 0x70, 0x04, 0x01, 0x02, 0x02, 0x00, 0x59, 0x06, 0x07, 0x02, 0x00, 0x00, 0x29, 0x4b, 0x05,
    0x01, 0x01, 0x01, 0x2a, 0x01, 0x4c, 0x01, 0x00, 0x2e, 0x2b, 0x26, 0x23, 0x1e, 0x1d, 0x18, 0x15,
    0x0f, 0x0e, 0x09, 0x06, 0x00, 0x35, 0x01, 0x34, 0x08, 0x08, 0x14, 0x2b, 0x01, 0x32, 0x16, 0x15,
    0x11, 0x14, 0x06, 0x2b, 0x01, 0x22, 0x26, 0x3d, 0x01, 0x34, 0x37, 0x23, 0x0e, 0x01, 0x0f, 0x01,
    0x0e, 0x01, 0x2b, 0x01, 0x22, 0x26, 0x2f, 0x01, 0x26, 0x27, 0x23, 0x16, 0x1d, 0x01, 0x14, 0x06,
    0x2b, 0x01, 0x22, 0x26, 0x35, 0x11, 0x34, 0x36, 0x3b, 0x01, 0x32, 0x16, 0x17, 0x1b, 0x01, 0x3e,
    0x01, 0x33, 0x02, 0xdc, 0x18, 0x13, 0x13, 0x18, 0x6d, 0x18, 0x12, 0x2c, 0x0b, 0x08, 0x2c, 0x0f,
    0x38, 0x09, 0x14, 0x13, 0x43, 0x14, 0x14, 0x08, 0x3b, 0x1f, 0x1f, 0x0a, 0x29, 0x13, 0x18, 0x66,
    0x18, 0x13, 0x13, 0x18, 0x5e, 0x1a, 0x16, 0x0b, 0xa5, 0xa5, 0x0a, 0x15, 0x19, 0x02, 0xc7, 0x12,
    0x18, 0xfd, 0x8c, 0x17, 0x12, 0x12, 0x17, 0x8f, 0x6c, 0x9a, 0x1a, 0x6e, 0x1d, 0x71, 0x10, 0x0d,
    0x0c, 0x11, 0x71, 0x38, 0x6d, 0xa4, 0x63, 0x8e, 0x17, 0x12, 0x12, 0x17, 0x02, 0x74, 0x18, 0x12,
    0x0c, 0x13, 0xfe, 0xbc, 0x01, 0x43, 0x14, 0x0c, 0x00, 0x01, 0x00, 0x32, 0x00, 0x00, 0x02, 0x8a,
    0x02, 0xc6, 0x00, 0x30, 0x00, 0x27, 0x40, 0x24, 0x28, 0x0e, 0x02, 0x01, 0x00, 0x01, 0x4a, 0x03,
    0x04, 0x02, 0x00, 0x00, 0x29, 0x4b, 0x02, 0x01, 0x01, 0x01, 0x2a, 0x01, 0x4c, 0x01, 0x00, 0x21,
    0x1e, 0x19, 0x16, 0x09, 0x06, 0x00, 0x30, 0x01, 0x2f, 0x05, 0x08, 0x14, 0x2b, 0x01, 0x32, 0x16,
    0x15, 0x11, 0x14, 0x06, 0x2b, 0x01, 0x22, 0x2f, 0x01, 0x2e, 0x01, 0x27, 0x23, 0x1e, 0x02, 0x1d,
    0x01, 0x14, 0x06, 0x2b, 0x01, 0x22, 0x26, 0x35, 0x11, 0x34, 0x36, 0x3b, 0x01, 0x32, 0x17, 0x13,
    0x1e, 0x03, 0x17, 0x33, 0x2e, 0x01, 0x3d, 0x01, 0x34, 0x36, 0x33, 0x02, 0x60, 0x17, 0x13, 0x13,
    0x17, 0x71, 0x1c, 0x0d, 0x9a, 0x1f, 0x23, 0x16, 0x08, 0x0e, 0x0a, 0x09, 0x13, 0x18, 0x65, 0x18,
    0x13, 0x13, 0x18, 0x76, 0x1d, 0x0d, 0xa4, 0x10, 0x18, 0x0d, 0x16, 0x09, 0x08, 0x1a, 0x13, 0x12,
    0x18, 0x02, 0xc6, 0x13, 0x17, 0xfd, 0x8e, 0x17, 0x13, 0x14, 0xed, 0x31, 0x54, 0x49, 0x3e, 0x34,
    0x5b, 0x35, 0xa3, 0x17, 0x13, 0x13, 0x17, 0x02, 0x72, 0x17, 0x13, 0x14, 0xff, 0x00, 0x18, 0x30,
    0x20, 0x3a, 0x15, 0x55, 0x60, 0x48, 0xa4, 0x17, 0x13, 0x00, 0x00, 0x00, 0x00, 0x02, 0x00, 0x21,
    0xff, 0xf1, 0x02, 0x88, 0x02, 0xd5, 0x00, 0x0d, 0x00, 0x1b, 0x00, 0x1f, 0x40, 0x1c, 0x00, 0x02,
    0x02, 0x00, 0x5b, 0x00, 0x00, 0x00, 0x31, 0x4b, 0x00, 0x03, 0x03, 0x01, 0x5b, 0x00, 0x01, 0x01,
    0x32, 0x01, 0x4c, 0x25, 0x25, 0x25, 0x22, 0x04, 0x08, 0x18, 0x2b, 0x13, 0x34, 0x36, 0x33, 0x32,
    0x16, 0x1d, 0x01, 0x14, 0x06, 0x23, 0x22, 0x26, 0x35, 0x25, 0x34, 0x26, 0x23, 0x22, 0x06, 0x1d,
    0x01, 0x14, 0x16, 0x33, 0x32, 0x36, 0x35, 0x21, 0xa1, 0x93, 0x92, 0xa1, 0xa1, 0x92, 0x93, 0xa1,
    0x01, 0xa1, 0x39, 0x34, 0x35, 0x39, 0x39, 0x35, 0x34, 0x39, 0x01, 0xbd, 0x83, 0x95, 0x95, 0x83,
    0xb4, 0x83, 0x95, 0x95, 0x83, 0xbd, 0x2f, 0x31, 0x31, 0x2f, 0xc6, 0x2f, 0x31, 0x31, 0x2f, 0x00,
    0x00, 0x02, 0x00, 0x32, 0x00, 0x00, 0x02, 0x73, 0x02, 0xc6, 0x00, 0x13, 0x00, 0x1b, 0x00, 0x32,
    0x40, 0x2f, 0x06, 0x01, 0x03, 0x00, 0x01, 0x02, 0x03, 0x01, 0x61, 0x00, 0x04, 0x04, 0x00, 0x59,
    0x05, 0x01, 0x00, 0x00, 0x29, 0x4b, 0x00, 0x02, 0x02, 0x2a, 0x02, 0x4c, 0x15, 0x14, 0x01, 0x00,
    0x1a, 0x18, 0x14, 0x1b, 0x15, 0x1b, 0x0d, 0x0a, 0x07, 0x05, 0x00, 0x13, 0x01, 0x12, 0x07, 0x08,
    0x14, 0x2b, 0x01, 0x32, 0x16, 0x15, 0x14, 0x06, 0x2b, 0x01, 0x15, 0x14, 0x06, 0x2b, 0x01, 0x22,
    0x26, 0x35, 0x11, 0x34, 0x36, 0x33, 0x13, 0x32, 0x36, 0x34, 0x26, 0x2b, 0x01, 0x15, 0x01, 0x71,
    0x76, 0x8c, 0x8a, 0x76, 0x7b, 0x12, 0x18, 0x71, 0x18, 0x13, 0x13, 0x18, 0xfe, 0x23, 0x28, 0x28,
    0x23, 0x63, 0x02, 0xc6, 0x84, 0x76, 0x75, 0x82, 0xab, 0x17, 0x13, 0x13, 0x17, 0x02, 0x72, 0x17,
    0x13, 0xfe, 0xbe, 0x28, 0x42, 0x29, 0x93, 0x00, 0x00, 0x02, 0x00, 0x21, 0xff, 0xad, 0x02, 0x9f,
    0x02, 0xd5, 0x00, 0x16, 0x00, 0x24, 0x00, 0x26, 0x40, 0x23, 0x16, 0x07, 0x02, 0x00, 0x02, 0x01,
    0x4a, 0x00, 0x03, 0x03, 0x01, 0x5b, 0x00, 0x01, 0x01, 0x31, 0x4b, 0x00, 0x02, 0x02, 0x00, 0x5b,
    0x00, 0x00, 0x00, 0x32, 0x00, 0x4c, 0x25, 0x28, 0x25, 0x28, 0x04, 0x08, 0x18, 0x2b, 0x25, 0x16,
    0x06, 0x0f, 0x01, 0x06, 0x2f, 0x01, 0x06, 0x23, 0x22, 0x26, 0x3d, 0x01, 0x34, 0x36, 0x33, 0x32,
    0x16, 0x1d, 0x01, 0x14, 0x07, 0x25, 0x14, 0x16, 0x33, 0x32, 0x36, 0x3d, 0x01, 0x34, 0x26, 0x23,
    0x22, 0x06, 0x15, 0x02, 0x91, 0x0f, 0x02, 0x12, 0x4a, 0x20, 0x1b, 0x41, 0x33, 0x3e, 0x93, 0xa1,
    0xa1, 0x93, 0x92, 0xa1, 0x2e, 0xfe, 0x8d, 0x39, 0x35, 0x34, 0x39, 0x39, 0x34, 0x35, 0x39, 0x23,
    0x12, 0x1a, 0x10, 0x3a, 0x1c, 0x21, 0x4d, 0x0e, 0x95, 0x83, 0xb4, 0x83, 0x95, 0x95, 0x83, 0xb4,
    0x64, 0x41, 0x9c, 0x2f, 0x31, 0x31, 0x2f, 0xc6, 0x2f, 0x31, 0x31, 0x2f, 0x00, 0x02, 0x00, 0x32,
    0x00, 0x00, 0x02, 0x81, 0x02, 0xc6, 0x00, 0x20, 0x00, 0x29, 0x00, 0x36, 0x40, 0x33, 0x05, 0x01,
    0x02, 0x05, 0x01, 0x4a, 0x00, 0x05, 0x00, 0x02, 0x01, 0x05, 0x02, 0x63, 0x00, 0x04, 0x04, 0x00,
    0x59, 0x06, 0x01, 0x00, 0x00, 0x29, 0x4b, 0x03, 0x01, 0x01, 0x01, 0x2a, 0x01, 0x4c, 0x01, 0x00,
    0x28, 0x26, 0x25, 0x23, 0x1a, 0x17, 0x14, 0x12, 0x0d, 0x0a, 0x00, 0x20, 0x01, 0x1f, 0x07, 0x08,
    0x14, 0x2b, 0x01, 0x32, 0x16, 0x15, 0x14, 0x07, 0x16, 0x1f, 0x01, 0x16, 0x06, 0x2b, 0x01, 0x22,
    0x26, 0x2f, 0x01, 0x2e, 0x01, 0x2b, 0x01, 0x15, 0x14, 0x06, 0x2b, 0x01, 0x22, 0x26, 0x35, 0x11,
    0x34, 0x36, 0x33, 0x05, 0x34, 0x26, 0x2b, 0x01, 0x15, 0x33, 0x32, 0x36, 0x01, 0x7a, 0x73, 0x86,
    0x6c, 0x10, 0x0b, 0x5a, 0x0b, 0x0d, 0x18, 0x6c, 0x27, 0x29, 0x0c, 0x40, 0x0e, 0x20, 0x1d, 0x17,
    0x12, 0x18, 0x71, 0x18, 0x13, 0x13, 0x18, 0x01, 0x49, 0x22, 0x20, 0x6c, 0x6c, 0x1f, 0x23, 0x02,
    0xc6, 0x7e, 0x73, 0x92, 0x3c, 0x14, 0x17, 0xab, 0x14, 0x1d, 0x15, 0x1b, 0x89, 0x1b, 0x18, 0xc2,
    0x17, 0x13, 0x13, 0x17, 0x02, 0x72, 0x17, 0x13, 0xf0, 0x1e, 0x23, 0x84, 0x24, 0x00, 0x00, 0x00,
    0x00, 0x01, 0x00, 0x18, 0xff, 0xf1, 0x02, 0x73, 0x02, 0xd5, 0x00, 0x35, 0x00, 0x1f, 0x40, 0x1c,
    0x00, 0x01, 0x01, 0x00, 0x5b, 0x00, 0x00, 0x00, 0x31, 0x4b, 0x00, 0x03, 0x03, 0x02, 0x5b, 0x00,
    0x02, 0x02, 0x32, 0x02, 0x4c, 0x29, 0x2c, 0x29, 0x22, 0x04, 0x08, 0x18, 0x2b, 0x13, 0x34, 0x36,
    0x33, 0x32, 0x16, 0x17, 0x16, 0x0f, 0x01, 0x06, 0x26, 0x27, 0x26, 0x23, 0x22, 0x15, 0x14, 0x16,
    0x17, 0x1e, 0x04, 0x15, 0x14, 0x06, 0x23, 0x22, 0x27, 0x26, 0x36, 0x3f, 0x01, 0x36, 0x16, 0x17,
    0x16, 0x33, 0x32, 0x35, 0x34, 0x26, 0x27, 0x2e, 0x08, 0x1c, 0x9d, 0x8c, 0x6e, 0x86, 0x23, 0x13,
    0x2b, 0x64, 0x14, 0x16, 0x0c, 0x1a, 0x4b, 0x5f, 0x40, 0x43, 0x2c, 0x3a, 0x51, 0x30, 0x23, 0xad,
    0x89, 0xea, 0x39, 0x08, 0x0d, 0x16, 0x5e, 0x16, 0x1a, 0x0b, 0x1b, 0x56, 0x6b, 0x3a, 0x3b, 0x1c,
    0x1a, 0x38, 0x1f, 0x30, 0x1c, 0x22, 0x11, 0x0d, 0x01, 0xf5, 0x65, 0x7b, 0x44, 0x48, 0x27, 0x11,
    0x2b, 0x09, 0x08, 0x16, 0x34, 0x34, 0x1d, 0x18, 0x08, 0x06, 0x0c, 0x21, 0x2e, 0x52, 0x36, 0x6b,
    0x79, 0x9b, 0x17, 0x18, 0x08, 0x22, 0x08, 0x09, 0x15, 0x35, 0x39, 0x1b, 0x18, 0x08, 0x04, 0x04,
    0x0b, 0x0a, 0x14, 0x16, 0x22, 0x29, 0x35, 0x00, 0x00, 0x01, 0x00, 0x0c, 0x00, 0x00, 0x02, 0x50,
    0x02, 0xc6, 0x00, 0x19, 0x00, 0x24, 0x40, 0x21, 0x03, 0x01, 0x01, 0x01, 0x00, 0x59, 0x04, 0x01,
    0x00, 0x00, 0x29, 0x4b, 0x00, 0x02, 0x02, 0x2a, 0x02, 0x4c, 0x01, 0x00, 0x13, 0x11, 0x0e, 0x0b,
    0x08, 0x06, 0x00, 0x19, 0x01, 0x18, 0x05, 0x08, 0x14, 0x2b, 0x01, 0x32, 0x16, 0x1d, 0x01, 0x14,
    0x06, 0x2b, 0x01, 0x11, 0x14, 0x06, 0x2b, 0x01, 0x22, 0x26, 0x35, 0x11, 0x23, 0x22, 0x26, 0x3d,
    0x01, 0x34, 0x36, 0x33, 0x02, 0x25, 0x18, 0x13, 0x13, 0x18, 0x94, 0x13, 0x18, 0x71, 0x18, 0x12,
    0x95, 0x18, 0x12, 0x12, 0x18, 0x02, 0xc6, 0x13, 0x17, 0x5a, 0x18, 0x13, 0xfe, 0x13, 0x17, 0x13,
    0x13, 0x17, 0x01, 0xed, 0x13, 0x18, 0x5a, 0x17, 0x13, 0x00, 0x00, 0x00, 0x00, 0x01, 0x00, 0x2d,
    0xff, 0xf1, 0x02, 0x88, 0x02, 0xc6, 0x00, 0x1b, 0x00, 0x1b, 0x40, 0x18, 0x03, 0x01, 0x01, 0x01,
    0x29, 0x4b, 0x00, 0x00, 0x00, 0x02, 0x5c, 0x00, 0x02, 0x02, 0x32, 0x02, 0x4c, 0x35, 0x25, 0x34,
    0x21, 0x04, 0x08, 0x18, 0x2b, 0x37, 0x14, 0x33, 0x32, 0x35, 0x11, 0x34, 0x36, 0x3b, 0x01, 0x32,
    0x16, 0x15, 0x11, 0x14, 0x06, 0x23, 0x22, 0x26, 0x35, 0x11, 0x34, 0x36, 0x3b, 0x01, 0x32, 0x16,
    0x15, 0xf3, 0x67, 0x68, 0x12, 0x18, 0x71, 0x18, 0x13, 0x9c, 0x92, 0x91, 0x9c, 0x12, 0x18, 0x71,
    0x18, 0x13, 0xfc, 0x5c, 0x5c, 0x01, 0xa0, 0x17, 0x13, 0x13, 0x17, 0xfe, 0x69, 0x80, 0x94, 0x94,
    0x80, 0x01, 0x97, 0x17, 0x13, 0x13, 0x17, 0x00, 0x00, 0x01, 0x00, 0x05, 0x00, 0x00, 0x02, 0xa5,
    0x02, 0xc6, 0x00, 0x1d, 0x00, 0x24, 0x40, 0x21, 0x02, 0x04, 0x02, 0x00, 0x00, 0x29, 0x4b, 0x00,
    0x03, 0x03, 0x01, 0x59, 0x00, 0x01, 0x01, 0x2a, 0x01, 0x4c, 0x01, 0x00, 0x17, 0x16, 0x0f, 0x0c,
    0x08, 0x05, 0x00, 0x1d, 0x01, 0x1c, 0x05, 0x08, 0x14, 0x2b, 0x01, 0x32, 0x07, 0x03, 0x0e, 0x01,
    0x2b, 0x01, 0x22, 0x26, 0x27, 0x03, 0x26, 0x3b, 0x01, 0x32, 0x16, 0x17, 0x13, 0x1e, 0x01, 0x1f,
    0x01, 0x33, 0x36, 0x37, 0x13, 0x3e, 0x01, 0x33, 0x02, 0x8a, 0x2a, 0x0f, 0xdd, 0x07, 0x16, 0x17,
    0x7d, 0x16, 0x17, 0x07, 0xde, 0x0f, 0x2c, 0x72, 0x26, 0x1f, 0x06, 0x5f, 0x07, 0x0b, 0x02, 0x02,
    0x09, 0x04, 0x11, 0x5f, 0x06, 0x1e, 0x24, 0x02, 0xc6, 0x29, 0xfd, 0x86, 0x15, 0x0e, 0x0e, 0x13,
    0x02, 0x7c, 0x29, 0x12, 0x18, 0xfe, 0xaa, 0x1a, 0x41, 0x13, 0x13, 0x45, 0x3b, 0x01, 0x57, 0x18,
    0x12, 0x00, 0x00, 0x00, 0x00, 0x01, 0x00, 0x0d, 0x00, 0x00, 0x03, 0x9f, 0x02, 0xc6, 0x00, 0x37,
    0x00, 0x2b, 0x40, 0x28, 0x30, 0x22, 0x0d, 0x03, 0x01, 0x00, 0x01, 0x4a, 0x04, 0x03, 0x05, 0x03,
    0x00, 0x00, 0x29, 0x4b, 0x02, 0x01, 0x01, 0x01, 0x2a, 0x01, 0x4c, 0x01, 0x00, 0x2b, 0x28, 0x1d,
    0x1a, 0x16, 0x13, 0x09, 0x06, 0x00, 0x37, 0x01, 0x36, 0x06, 0x08, 0x14, 0x2b, 0x01, 0x32, 0x16,
    0x07, 0x03, 0x0e, 0x01, 0x2b, 0x01, 0x22, 0x2f, 0x01, 0x26, 0x27, 0x23, 0x06, 0x0f, 0x01, 0x0e,
    0x01, 0x2b, 0x01, 0x22, 0x27, 0x03, 0x26, 0x36, 0x3b, 0x01, 0x32, 0x16, 0x17, 0x13, 0x16, 0x15,
    0x33, 0x34, 0x37, 0x13, 0x3e, 0x01, 0x3b, 0x01, 0x32, 0x16, 0x17, 0x13, 0x16, 0x17, 0x33, 0x36,
    0x37, 0x13, 0x3e, 0x01, 0x33, 0x03, 0x83, 0x16, 0x0b, 0x06, 0x9f, 0x05, 0x17, 0x17, 0x75, 0x2c,
    0x08, 0x36, 0x11, 0x02, 0x08, 0x03, 0x13, 0x35, 0x06, 0x17, 0x17, 0x73, 0x2d, 0x07, 0x9e, 0x06,
    0x0b, 0x16, 0x7b, 0x1c, 0x18, 0x04, 0x2c, 0x0e, 0x07, 0x13, 0x3e, 0x05, 0x19, 0x1a, 0x6c, 0x19,
    0x1a, 0x05, 0x3d, 0x10, 0x03, 0x08, 0x03, 0x0c, 0x2a, 0x04, 0x19, 0x1c, 0x02, 0xc6, 0x14, 0x15,
    0xfd, 0x86, 0x15, 0x0e, 0x21, 0xe9, 0x54, 0x60, 0x5d, 0x57, 0xe7, 0x15, 0x0e, 0x21, 0x02, 0x7c,
    0x15, 0x14, 0x0f, 0x16, 0xfe, 0xfa, 0x51, 0x60, 0x5c, 0x55, 0x01, 0x06, 0x17, 0x0e, 0x0f, 0x16,
    0xfe, 0xfa, 0x4a, 0x67, 0x62, 0x4f, 0x01, 0x06, 0x16, 0x0f, 0x00, 0x00, 0x00, 0x01, 0x00, 0x02,
    0x00, 0x00, 0x02, 0x97, 0x02, 0xc6, 0x00, 0x23, 0x00, 0x20, 0x40, 0x1d, 0x23, 0x1a, 0x11, 0x08,
    0x04, 0x00, 0x02, 0x01, 0x4a, 0x03, 0x01, 0x02, 0x02, 0x29, 0x4b, 0x01, 0x01, 0x00, 0x00, 0x2a,
    0x00, 0x4c, 0x36, 0x36, 0x36, 0x32, 0x04, 0x08, 0x18, 0x2b, 0x25, 0x16, 0x06, 0x2b, 0x01, 0x22,
    0x26, 0x2f, 0x01, 0x07, 0x0e, 0x01, 0x2b, 0x01, 0x22, 0x26, 0x37, 0x13, 0x03, 0x26, 0x36, 0x3b,
    0x01, 0x32, 0x16, 0x1f, 0x01, 0x37, 0x3e, 0x01, 0x3b, 0x01, 0x32, 0x16, 0x07, 0x03, 0x02, 0x8f,
    0x0d, 0x0b, 0x17, 0x81, 0x27, 0x1d, 0x0e, 0x5f, 0x5c, 0x0f, 0x1c, 0x28, 0x7b, 0x16, 0x0b, 0x0c,
    0xcd, 0xc4, 0x0b, 0x0b, 0x15, 0x77, 0x28, 0x1d, 0x0e, 0x5a, 0x59, 0x0e, 0x1b, 0x24, 0x80, 0x14,
    0x0b, 0x0b, 0xc6, 0x2a, 0x10, 0x1a, 0x0c, 0x19, 0xa4, 0xa4, 0x18, 0x0d, 0x18, 0x12, 0x01, 0x40,
    0x01, 0x34, 0x10, 0x18, 0x0c, 0x17, 0x9a, 0x9a, 0x18, 0x0b, 0x18, 0x10, 0xfe, 0xcc, 0x00, 0x00,
    0x00, 0x01, 0x00, 0x02, 0x00, 0x00, 0x02, 0xa1, 0x02, 0xc6, 0x00, 0x1a, 0x00, 0x25, 0x40, 0x22,
    0x16, 0x0d, 0x04, 0x03, 0x01, 0x00, 0x01, 0x4a, 0x02, 0x03, 0x02, 0x00, 0x00, 0x29, 0x4b, 0x00,
    0x01, 0x01, 0x2a, 0x01, 0x4c, 0x01, 0x00, 0x13, 0x10, 0x0a, 0x07, 0x00, 0x1a, 0x01, 0x19, 0x04,
    0x08, 0x14, 0x2b, 0x01, 0x32, 0x16, 0x07, 0x03, 0x15, 0x14, 0x06, 0x2b, 0x01, 0x22, 0x26, 0x3d,
    0x01, 0x03, 0x26, 0x36, 0x3b, 0x01, 0x32, 0x16, 0x1f, 0x01, 0x37, 0x3e, 0x01, 0x33, 0x02, 0x86,
    0x16, 0x0a, 0x0b, 0xe7, 0x12, 0x18, 0x71, 0x18, 0x13, 0xe6, 0x0b, 0x0a, 0x16, 0x78, 0x28, 0x1d,
    0x0e, 0x6b, 0x6e, 0x0e, 0x1d, 0x27, 0x02, 0xc6, 0x19, 0x11, 0xfe, 0x77, 0xe9, 0x17, 0x13, 0x13,
    0x17, 0xe9, 0x01, 0x89, 0x11, 0x19, 0x0c, 0x19, 0xcc, 0xcc, 0x19, 0x0c, 0x00, 0x01, 0x00, 0x1a,
    0x00, 0x00, 0x02, 0x48, 0x02, 0xc6, 0x00, 0x1f, 0x00, 0x28, 0x40, 0x25, 0x00, 0x03, 0x03, 0x00,
    0x59, 0x04, 0x01, 0x00, 0x00, 0x29, 0x4b, 0x00, 0x01, 0x01, 0x02, 0x59, 0x00, 0x02, 0x02, 0x2a,
    0x02, 0x4c, 0x01, 0x00, 0x19, 0x17, 0x11, 0x0e, 0x09, 0x07, 0x00, 0x1f, 0x01, 0x1e, 0x05, 0x08,
    0x14, 0x2b, 0x01, 0x32, 0x16, 0x1d, 0x01, 0x14, 0x07, 0x01, 0x33, 0x32, 0x16, 0x1d, 0x01, 0x14,
    0x06, 0x23, 0x21, 0x22, 0x26, 0x3d, 0x01, 0x34, 0x37, 0x01, 0x23, 0x22, 0x26, 0x3d, 0x01, 0x34,
    0x36, 0x33, 0x02, 0x19, 0x18, 0x12, 0x0d, 0xfe, 0xeb, 0xfd, 0x18, 0x12, 0x12, 0x18, 0xfe, 0x26,
    0x17, 0x13, 0x0e, 0x01, 0x15, 0xf4, 0x17, 0x13, 0x13, 0x17, 0x02, 0xc6, 0x13, 0x17, 0x3c, 0x19,
    0x13, 0xfe, 0x7b, 0x12, 0x18, 0x5b, 0x17, 0x13, 0x13, 0x17, 0x3d, 0x17, 0x13, 0x01, 0x86, 0x13,
    0x18, 0x5a, 0x17, 0x13, 0x00, 0x01, 0x00, 0x04, 0xff, 0x6d, 0x01, 0x89, 0x03, 0x58, 0x00, 0x30,
    0x00, 0x3d, 0x40, 0x3a, 0x0e, 0x01, 0x04, 0x05, 0x01, 0x4a, 0x06, 0x01, 0x00, 0x00, 0x01, 0x05,
    0x00, 0x01, 0x63, 0x00, 0x05, 0x00, 0x04, 0x02, 0x05, 0x04, 0x63, 0x00, 0x02, 0x03, 0x03, 0x02,
    0x57, 0x00, 0x02, 0x02, 0x03, 0x59, 0x00, 0x03, 0x02, 0x03, 0x4d, 0x01, 0x00, 0x2b, 0x28, 0x25,
    0x22, 0x1e, 0x1b, 0x16, 0x13, 0x09, 0x06, 0x00, 0x30, 0x01, 0x2f, 0x07, 0x08, 0x14, 0x2b, 0x01,
    0x32, 0x16, 0x1d, 0x01, 0x14, 0x06, 0x2b, 0x01, 0x22, 0x06, 0x1d, 0x01, 0x14, 0x07, 0x16, 0x1d,
    0x01, 0x14, 0x16, 0x3b, 0x01, 0x32, 0x16, 0x1d, 0x01, 0x14, 0x06, 0x2b, 0x01, 0x22, 0x26, 0x3d,
    0x01, 0x34, 0x2b, 0x01, 0x22, 0x3d, 0x01, 0x34, 0x3b, 0x01, 0x32, 0x3d, 0x01, 0x34, 0x36, 0x33,
    0x01, 0x63, 0x15, 0x11, 0x11, 0x15, 0x31, 0x0a, 0x0d, 0x4d, 0x4d, 0x0d, 0x0a, 0x31, 0x15, 0x11,
    0x11, 0x15, 0x60, 0x55, 0x45, 0x3f, 0x06, 0x20, 0x20, 0x06, 0x3f, 0x44, 0x53, 0x03, 0x58, 0x11,
    0x15, 0x54, 0x16, 0x10, 0x0d, 0x0a, 0xb9, 0x59, 0x2f, 0x20, 0x69, 0xb3, 0x0a, 0x0d, 0x10, 0x16,
    0x54, 0x15, 0x11, 0x42, 0x4d, 0xb7, 0x54, 0x26, 0x65, 0x26, 0x54, 0xbc, 0x4c, 0x44, 0x00, 0x00,
    0x00, 0x01, 0x00, 0x32, 0xff, 0x6d, 0x00, 0xe6, 0x03, 0x58, 0x00, 0x0f, 0x00, 0x20, 0x40, 0x1d,
    0x02, 0x01, 0x00, 0x01, 0x01, 0x00, 0x55, 0x02, 0x01, 0x00, 0x00, 0x01, 0x59, 0x00, 0x01, 0x00,
    0x01, 0x4d, 0x01, 0x00, 0x09, 0x06, 0x00, 0x0f, 0x01, 0x0e, 0x03, 0x08, 0x14, 0x2b, 0x13, 0x32,
    0x16, 0x15, 0x11, 0x14, 0x06, 0x2b, 0x01, 0x22, 0x26, 0x35, 0x11, 0x34, 0x36, 0x33, 0xc0, 0x16,
    0x10, 0x10, 0x16, 0x68, 0x16, 0x10, 0x10, 0x16, 0x03, 0x58, 0x11, 0x15, 0xfc, 0x61, 0x15, 0x11,
    0x11, 0x15, 0x03, 0x9f, 0x15, 0x11, 0x00, 0x00, 0x00, 0x01, 0x00, 0x12, 0xff, 0x6d, 0x01, 0x96,
    0x03, 0x58, 0x00, 0x30, 0x00, 0x3d, 0x40, 0x3a, 0x22, 0x01, 0x02, 0x01, 0x01, 0x4a, 0x06, 0x01,
    0x00, 0x00, 0x05, 0x01, 0x00, 0x05, 0x63, 0x00, 0x01, 0x00, 0x02, 0x04, 0x01, 0x02, 0x63, 0x00,
    0x04, 0x03, 0x03, 0x04, 0x57, 0x00, 0x04, 0x04, 0x03, 0x59, 0x00, 0x03, 0x04, 0x03, 0x4d, 0x01,
    0x00, 0x2a, 0x27, 0x1d, 0x1a, 0x15, 0x12, 0x0e, 0x0b, 0x08, 0x05, 0x00, 0x30, 0x01, 0x2f, 0x07,
    0x08, 0x14, 0x2b, 0x13, 0x32, 0x16, 0x1d, 0x01, 0x14, 0x3b, 0x01, 0x32, 0x1d, 0x01, 0x14, 0x2b,
    0x01, 0x22, 0x1d, 0x01, 0x14, 0x06, 0x2b, 0x01, 0x22, 0x26, 0x3d, 0x01, 0x34, 0x36, 0x3b, 0x01,
    0x32, 0x36, 0x3d, 0x01, 0x34, 0x37, 0x26, 0x3d, 0x01, 0x34, 0x26, 0x2b, 0x01, 0x22, 0x26, 0x3d,
    0x01, 0x34, 0x36, 0x33, 0x9a, 0x53, 0x45, 0x3e, 0x07, 0x1f, 0x20, 0x06, 0x3e, 0x45, 0x55, 0x60,
    0x16, 0x10, 0x10, 0x16, 0x31, 0x0a, 0x0d, 0x4c, 0x4c, 0x0e, 0x0a, 0x30, 0x16, 0x10, 0x10, 0x16,
    0x03, 0x58, 0x44, 0x4c, 0xbc, 0x54, 0x26, 0x65, 0x26, 0x54, 0xb7, 0x4c, 0x43, 0x11, 0x15, 0x54,
    0x16, 0x10, 0x0d, 0x0a, 0xb3, 0x69, 0x20, 0x2f, 0x59, 0xb9, 0x0a, 0x0d, 0x10, 0x16, 0x54, 0x15,
    0x11, 0x00, 0x00, 0x00, 0x00, 0x01, 0x00, 0x31, 0x00, 0xea, 0x02, 0x1a, 0x01, 0xa5, 0x00, 0x1a,
    0x00, 0x2e, 0xb1, 0x06, 0x64, 0x44, 0x40, 0x23, 0x00, 0x01, 0x04, 0x03, 0x01, 0x57, 0x02, 0x01,
    0x00, 0x00, 0x04, 0x03, 0x00, 0x04, 0x63, 0x00, 0x01, 0x01, 0x03, 0x5c, 0x05, 0x01, 0x03, 0x01,
    0x03, 0x50, 0x12, 0x21, 0x26, 0x12, 0x21, 0x21, 0x06, 0x08, 0x1a, 0x2b, 0xb1, 0x06, 0x00, 0x44,
    0x13, 0x36, 0x33, 0x32, 0x16, 0x33, 0x32, 0x37, 0x36, 0x16, 0x1f, 0x01, 0x16, 0x14, 0x07, 0x06,
    0x23, 0x22, 0x26, 0x23, 0x22, 0x07, 0x06, 0x26, 0x2f, 0x01, 0x26, 0x31, 0x38, 0x4c, 0x2d, 0x61,
    0x17, 0x1f, 0x19, 0x12, 0x14, 0x11, 0x3f, 0x12, 0x12, 0x38, 0x4c, 0x2d, 0x60, 0x17, 0x20, 0x18,
    0x13, 0x14, 0x10, 0x40, 0x20, 0x01, 0x71, 0x33, 0x22, 0x14, 0x0f, 0x01, 0x10, 0x3b, 0x10, 0x1b,
    0x11, 0x33, 0x22, 0x13, 0x0f, 0x01, 0x10, 0x3b, 0x1f, 0x00, 0x00, 0x00, 0x00, 0x03, 0x00, 0x32,
    0x00, 0x00, 0x02, 0x33, 0x03, 0x8a, 0x00, 0x0f, 0x00, 0x1f, 0x00, 0x43, 0x00, 0x50, 0x40, 0x4d,
    0x0b, 0x02, 0x0a, 0x03, 0x00, 0x03, 0x01, 0x01, 0x04, 0x00, 0x01, 0x63, 0x00, 0x06, 0x00, 0x07,
    0x08, 0x06, 0x07, 0x61, 0x00, 0x05, 0x05, 0x04, 0x59, 0x0c, 0x01, 0x04, 0x04, 0x19, 0x4b, 0x00,
    0x08, 0x08, 0x09, 0x59, 0x00, 0x09, 0x09, 0x18, 0x09, 0x4c, 0x21, 0x20, 0x11, 0x10, 0x01, 0x00,
    0x3d, 0x3a, 0x35, 0x33, 0x32, 0x30, 0x2b, 0x29, 0x28, 0x26, 0x20, 0x43, 0x21, 0x42, 0x19, 0x16,
    0x10, 0x1f, 0x11, 0x1e, 0x09, 0x06, 0x00, 0x0f, 0x01, 0x0e, 0x0d, 0x07, 0x14, 0x2b, 0x13, 0x32,
    0x16, 0x1d, 0x01, 0x14, 0x06, 0x2b, 0x01, 0x22, 0x26, 0x3d, 0x01, 0x34, 0x36, 0x3b, 0x01, 0x32,
    0x16, 0x1d, 0x01, 0x14, 0x06, 0x2b, 0x01, 0x22, 0x26, 0x3d, 0x01, 0x34, 0x36, 0x33, 0x17, 0x32,
    0x16, 0x1d, 0x01, 0x14, 0x06, 0x23, 0x21, 0x15, 0x33, 0x32, 0x16, 0x1d, 0x01, 0x14, 0x06, 0x2b,
    0x01, 0x15, 0x21, 0x32, 0x16, 0x1d, 0x01, 0x14, 0x06, 0x23, 0x21, 0x22, 0x26, 0x35, 0x11, 0x34,
    0x36, 0x33, 0xc3, 0x29, 0x20, 0x20, 0x29, 0x08, 0x29, 0x1f, 0x1f, 0x29, 0xdf, 0x29, 0x1f, 0x1f,
    0x29, 0x07, 0x2a, 0x20, 0x20, 0x2a, 0x6d, 0x18, 0x13, 0x13, 0x18, 0xfe, 0xf8, 0xd3, 0x18, 0x13,
    0x13, 0x18, 0xd3, 0x01, 0x11, 0x17, 0x13, 0x13, 0x17, 0xfe, 0x54, 0x18, 0x13, 0x13, 0x18, 0x03,
    0x8a, 0x1f, 0x28, 0x0d, 0x28, 0x20, 0x20, 0x28, 0x0d, 0x29, 0x1e, 0x1e, 0x29, 0x0d, 0x28, 0x20,
    0x20, 0x28, 0x0d, 0x28, 0x1f, 0xc4, 0x13, 0x17, 0x5a, 0x18, 0x13, 0x59, 0x13, 0x17, 0x5a, 0x18,
    0x13, 0x60, 0x12, 0x18, 0x5b, 0x17, 0x13, 0x13, 0x17, 0x02, 0x72, 0x17, 0x13, 0x00, 0x00, 0x00,
    0x00, 0x02, 0x00, 0x05, 0x00, 0x00, 0x02, 0xac, 0x02, 0xc6, 0x00, 0x17, 0x00, 0x21, 0x00, 0x25,
    0x40, 0x22, 0x00, 0x05, 0x00, 0x01, 0x00, 0x05, 0x01, 0x61, 0x00, 0x04, 0x04, 0x03, 0x59, 0x00,
    0x03, 0x03, 0x19, 0x4b, 0x02, 0x01, 0x00, 0x00, 0x18, 0x00, 0x4c, 0x13, 0x17, 0x34, 0x33, 0x13,
    0x31, 0x06, 0x07, 0x1a, 0x2b, 0x25, 0x16, 0x2b, 0x01, 0x22, 0x26, 0x2f, 0x01, 0x23, 0x07, 0x0e,
    0x01, 0x2b, 0x01, 0x22, 0x37, 0x13, 0x3e, 0x01, 0x3b, 0x01, 0x32, 0x16, 0x17, 0x03, 0x2e, 0x01,
    0x2f, 0x01, 0x23, 0x16, 0x0f, 0x01, 0x33, 0x02, 0xac, 0x0f, 0x2c, 0x6c, 0x26, 0x1f, 0x06, 0x17,
    0xd8, 0x17, 0x08, 0x1d, 0x24, 0x69, 0x2a, 0x0f, 0xe6, 0x07, 0x16, 0x17, 0x72, 0x16, 0x17, 0x07,
    0x56, 0x09, 0x0b, 0x01, 0x01, 0x0a, 0x01, 0x14, 0x25, 0x7d, 0x29, 0x29, 0x12, 0x18, 0x48, 0x48,
    0x18, 0x12, 0x29, 0x02, 0x7a, 0x15, 0x0e, 0x0e, 0x13, 0xfe, 0xdf, 0x1e, 0x46, 0x14, 0x14, 0x48,
    0x43, 0x76, 0x00, 0x00, 0x00, 0x02, 0x00, 0x32, 0x00, 0x00, 0x02, 0x70, 0x02, 0xc7, 0x00, 0x18,
    0x00, 0x1f, 0x00, 0x34, 0x40, 0x31, 0x00, 0x02, 0x00, 0x04, 0x05, 0x02, 0x04, 0x61, 0x00, 0x01,
    0x01, 0x00, 0x59, 0x06, 0x01, 0x00, 0x00, 0x17, 0x4b, 0x00, 0x05, 0x05, 0x03, 0x59, 0x00, 0x03,
    0x03, 0x18, 0x03, 0x4c, 0x01, 0x00, 0x1f, 0x1d, 0x1c, 0x1a, 0x12, 0x0f, 0x0b, 0x09, 0x08, 0x06,
    0x00, 0x18, 0x01, 0x17, 0x07, 0x07, 0x14, 0x2b, 0x01, 0x32, 0x16, 0x1d, 0x01, 0x14, 0x06, 0x23,
    0x21, 0x15, 0x33, 0x32, 0x16, 0x15, 0x14, 0x06, 0x23, 0x21, 0x22, 0x26, 0x35, 0x11, 0x34, 0x36,
    0x33, 0x01, 0x34, 0x2b, 0x01, 0x15, 0x33, 0x32, 0x02, 0x16, 0x17, 0x13, 0x13, 0x17, 0xfe, 0xe2,
    0x8f, 0x6a, 0x7f, 0x7f, 0x6a, 0xfe, 0xd5, 0x17, 0x13, 0x13, 0x18, 0x01, 0x49, 0x49, 0x65, 0x65,
    0x49, 0x02, 0xc7, 0x13, 0x18, 0x4e, 0x18, 0x12, 0x59, 0x7b, 0x6b, 0x69, 0x7c, 0x12, 0x16, 0x02,
    0x74, 0x18, 0x13, 0xfe, 0x1f, 0x42, 0x85, 0x00, 0x00, 0x03, 0x00, 0x32, 0x00, 0x00, 0x02, 0x7c,
    0x02, 0xc7, 0x00, 0x13, 0x00, 0x1a, 0x00, 0x21, 0x00, 0x3a, 0x40, 0x37, 0x05, 0x01, 0x04, 0x03,
    0x01, 0x4a, 0x00, 0x03, 0x00, 0x04, 0x05, 0x03, 0x04, 0x61, 0x00, 0x02, 0x02, 0x00, 0x59, 0x06,
    0x01, 0x00, 0x00, 0x17, 0x4b, 0x00, 0x05, 0x05, 0x01, 0x59, 0x00, 0x01, 0x01, 0x18, 0x01, 0x4c,
    0x01, 0x00, 0x21, 0x1f, 0x1e, 0x1c, 0x1a, 0x18, 0x17, 0x15, 0x0d, 0x0a, 0x00, 0x13, 0x01, 0x12,
    0x07, 0x07, 0x14, 0x2b, 0x01, 0x32, 0x16, 0x15, 0x14, 0x07, 0x15, 0x16, 0x15, 0x14, 0x06, 0x23,
    0x21, 0x22, 0x26, 0x35, 0x11, 0x34, 0x36, 0x33, 0x05, 0x34, 0x2b, 0x01, 0x15, 0x33, 0x32, 0x17,
    0x34, 0x2b, 0x01, 0x15, 0x33, 0x32, 0x01, 0x82, 0x68, 0x75, 0x48, 0x65, 0x89, 0x6d, 0xfe, 0xd7,
    0x18, 0x13, 0x13, 0x18, 0x01, 0x39, 0x3d, 0x61, 0x61, 0x3d, 0x16, 0x40, 0x74, 0x74, 0x40, 0x02,
    0xc7, 0x63, 0x5b, 0x62, 0x31, 0x04, 0x2c, 0x80, 0x5e, 0x68, 0x13, 0x17, 0x02, 0x72, 0x18, 0x13,
    0xd9, 0x38, 0x6e, 0xdb, 0x3a, 0x75, 0x00, 0x00, 0x00, 0x01, 0x00, 0x32, 0x00, 0x00, 0x02, 0x08,
    0x02, 0xc6, 0x00, 0x14, 0x00, 0x21, 0x40, 0x1e, 0x00, 0x01, 0x01, 0x00, 0x59, 0x03, 0x01, 0x00,
    0x00, 0x19, 0x4b, 0x00, 0x02, 0x02, 0x18, 0x02, 0x4c, 0x01, 0x00, 0x0e, 0x0b, 0x08, 0x06, 0x00,
    0x14, 0x01, 0x13, 0x04, 0x07, 0x14, 0x2b, 0x01, 0x32, 0x16, 0x1d, 0x01, 0x14, 0x06, 0x2b, 0x01,
    0x11, 0x14, 0x06, 0x2b, 0x01, 0x22, 0x26, 0x35, 0x11, 0x34, 0x36, 0x33, 0x01, 0xdd, 0x18, 0x13,
    0x13, 0x18, 0xe5, 0x12, 0x18, 0x71, 0x18, 0x13, 0x13, 0x18, 0x02, 0xc6, 0x13, 0x17, 0x5a, 0x18,
    0x13, 0xfe, 0x13, 0x17, 0x13, 0x13, 0x17, 0x02, 0x72, 0x17, 0x13, 0x00, 0x00, 0x02, 0x00, 0x11,
    0xff, 0x67, 0x03, 0x05, 0x02, 0xc6, 0x00, 0x26, 0x00, 0x2c, 0x00, 0x38, 0x40, 0x35, 0x04, 0x01,
    0x02, 0x01, 0x02, 0x51, 0x00, 0x07, 0x07, 0x00, 0x59, 0x08, 0x01, 0x00, 0x00, 0x19, 0x4b, 0x06,
    0x05, 0x02, 0x01, 0x01, 0x03, 0x59, 0x00, 0x03, 0x03, 0x18, 0x03, 0x4c, 0x01, 0x00, 0x2c, 0x2b,
    0x2a, 0x29, 0x1f, 0x1d, 0x18, 0x15, 0x12, 0x11, 0x0e, 0x0b, 0x06, 0x04, 0x00, 0x26, 0x01, 0x25,
    0x09, 0x07, 0x14, 0x2b, 0x01, 0x32, 0x16, 0x15, 0x11, 0x33, 0x32, 0x16, 0x1d, 0x01, 0x14, 0x06,
    0x2b, 0x01, 0x22, 0x26, 0x3d, 0x01, 0x21, 0x15, 0x14, 0x06, 0x2b, 0x01, 0x22, 0x26, 0x3d, 0x01,
    0x34, 0x36, 0x3b, 0x01, 0x3e, 0x01, 0x3d, 0x01, 0x34, 0x36, 0x33, 0x13, 0x14, 0x07, 0x33, 0x11,
    0x23, 0x02, 0x80, 0x18, 0x13, 0x30, 0x18, 0x12, 0x12, 0x18, 0x6e, 0x18, 0x13, 0xfe, 0x92, 0x13,
    0x17, 0x6f, 0x17, 0x13, 0x13, 0x17, 0x16, 0x29, 0x27, 0x13, 0x18, 0x97, 0x2f, 0xb1, 0x82, 0x02,
    0xc6, 0x13, 0x17, 0xfe, 0x13, 0x12, 0x17, 0xf5, 0x17, 0x13, 0x13, 0x17, 0x6f, 0x6f, 0x17, 0x13,
    0x13, 0x17, 0xf5, 0x17, 0x12, 0x23, 0x75, 0x71, 0xe4, 0x17, 0x13, 0xfe, 0xf3, 0xa7, 0x63, 0x01,
    0x68, 0x00, 0x00, 0x00, 0x00, 0x01, 0x00, 0x32, 0x00, 0x00, 0x02, 0x33, 0x02, 0xc6, 0x00, 0x23,
    0x00, 0x34, 0x40, 0x31, 0x00, 0x02, 0x00, 0x03, 0x04, 0x02, 0x03, 0x61, 0x00, 0x01, 0x01, 0x00,
    0x59, 0x06, 0x01, 0x00, 0x00, 0x19, 0x4b, 0x00, 0x04, 0x04, 0x05, 0x59, 0x00, 0x05, 0x05, 0x18,
    0x05, 0x4c, 0x01, 0x00, 0x1d, 0x1a, 0x15, 0x13, 0x12, 0x10, 0x0b, 0x09, 0x08, 0x06, 0x00, 0x23,
    0x01, 0x22, 0x07, 0x07, 0x14, 0x2b, 0x01, 0x32, 0x16, 0x1d, 0x01, 0x14, 0x06, 0x23, 0x21, 0x15,
    0x33, 0x32, 0x16, 0x1d, 0x01, 0x14, 0x06, 0x2b, 0x01, 0x15, 0x21, 0x32, 0x16, 0x1d, 0x01, 0x14,
    0x06, 0x23, 0x21, 0x22, 0x26, 0x35, 0x11, 0x34, 0x36, 0x33, 0x02, 0x00, 0x18, 0x13, 0x13, 0x18,
    0xfe, 0xf8, 0xd3, 0x18, 0x13, 0x13, 0x18, 0xd3, 0x01, 0x11, 0x17, 0x13, 0x13, 0x17, 0xfe, 0x54,
    0x18, 0x13, 0x13, 0x18, 0x02, 0xc6, 0x13, 0x17, 0x5a, 0x18, 0x13, 0x59, 0x13, 0x17, 0x5a, 0x18,
    0x13, 0x60, 0x12, 0x18, 0x5b, 0x17, 0x13, 0x13, 0x17, 0x02, 0x72, 0x17, 0x13, 0x00, 0x00, 0x00,
    0x00, 0x01, 0x00, 0x07, 0x00, 0x00, 0x03, 0xcb, 0x02, 0xc6, 0x00, 0x46, 0x00, 0x3f, 0x40, 0x3c,
    0x2b, 0x04, 0x02, 0x02, 0x07, 0x01, 0x4a, 0x09, 0x01, 0x07, 0x04, 0x01, 0x02, 0x01, 0x07, 0x02,
    0x63, 0x08, 0x06, 0x0a, 0x03, 0x00, 0x00, 0x19, 0x4b, 0x05, 0x03, 0x02, 0x01, 0x01, 0x18, 0x01,
    0x4c, 0x01, 0x00, 0x41, 0x3f, 0x3c, 0x39, 0x35, 0x34, 0x30, 0x2d, 0x26, 0x23, 0x1e, 0x1c, 0x19,
    0x16, 0x12, 0x11, 0x0c, 0x09, 0x00, 0x46, 0x01, 0x45, 0x0b, 0x07, 0x14, 0x2b, 0x01, 0x32, 0x16,
    0x07, 0x03, 0x16, 0x1f, 0x01, 0x16, 0x06, 0x2b, 0x01, 0x22, 0x26, 0x2f, 0x01, 0x2e, 0x01, 0x2b,
    0x01, 0x15, 0x14, 0x06, 0x2b, 0x01, 0x22, 0x26, 0x3d, 0x01, 0x23, 0x22, 0x06, 0x0f, 0x01, 0x0e,
    0x01, 0x2b, 0x01, 0x22, 0x26, 0x3f, 0x01, 0x36, 0x37, 0x03, 0x26, 0x3b, 0x01, 0x32, 0x16, 0x1f,
    0x01, 0x36, 0x3b, 0x01, 0x35, 0x34, 0x36, 0x3b, 0x01, 0x32, 0x16, 0x1d, 0x01, 0x33, 0x32, 0x17,
    0x37, 0x3e, 0x01, 0x33, 0x03, 0xa3, 0x16, 0x0d, 0x0b, 0xa0, 0x18, 0x15, 0x7e, 0x0b, 0x0d, 0x18,
    0x6c, 0x29, 0x24, 0x0c, 0x52, 0x0c, 0x19, 0x1c, 0x08, 0x13, 0x17, 0x72, 0x17, 0x13, 0x08, 0x1b,
    0x1a, 0x0c, 0x52, 0x0c, 0x24, 0x29, 0x6c, 0x18, 0x0d, 0x0b, 0x7e, 0x15, 0x18, 0xa0, 0x15, 0x2d,
    0x73, 0x28, 0x1c, 0x0c, 0x76, 0x09, 0x0d, 0x08, 0x13, 0x17, 0x72, 0x17, 0x13, 0x08, 0x0e, 0x08,
    0x76, 0x0c, 0x1c, 0x28, 0x02, 0xc6, 0x18, 0x14, 0xfe, 0xd4, 0x1a, 0x29, 0xfa, 0x14, 0x1d, 0x10,
    0x1a, 0xb8, 0x1a, 0x14, 0xe6, 0x17, 0x13, 0x13, 0x17, 0xe6, 0x14, 0x1a, 0xb8, 0x1a, 0x10, 0x1d,
    0x14, 0xfa, 0x29, 0x1a, 0x01, 0x2c, 0x2c, 0x0d, 0x18, 0xe4, 0x01, 0xde, 0x17, 0x13, 0x13, 0x17,
    0xde, 0x01, 0xe4, 0x18, 0x0d, 0x00, 0x00, 0x00, 0x00, 0x01, 0x00, 0x13, 0xff, 0xf1, 0x02, 0x70,
    0x02, 0xd5, 0x00, 0x30, 0x00, 0x2f, 0x40, 0x2c, 0x02, 0x01, 0x02, 0x03, 0x01, 0x4a, 0x00, 0x03,
    0x00, 0x02, 0x01, 0x03, 0x02, 0x61, 0x00, 0x04, 0x04, 0x05, 0x5b, 0x00, 0x05, 0x05, 0x1e, 0x4b,
    0x00, 0x01, 0x01, 0x00, 0x5b, 0x00, 0x00, 0x00, 0x1f, 0x00, 0x4c, 0x28, 0x23, 0x35, 0x33, 0x29,
    0x26, 0x06, 0x07, 0x1a, 0x2b, 0x01, 0x14, 0x07, 0x1e, 0x01, 0x15, 0x14, 0x21, 0x22, 0x27, 0x26,
    0x36, 0x3f, 0x01, 0x36, 0x16, 0x17, 0x16, 0x33, 0x32, 0x36, 0x34, 0x26, 0x2b, 0x01, 0x22, 0x26,
    0x3d, 0x01, 0x34, 0x36, 0x3b, 0x01, 0x32, 0x36, 0x35, 0x34, 0x23, 0x22, 0x07, 0x0e, 0x01, 0x2f,
    0x01, 0x26, 0x37, 0x36, 0x33, 0x20, 0x02, 0x58, 0x4e, 0x3a, 0x2c, 0xfe, 0xe5, 0xfe, 0x42, 0x08,
    0x0d, 0x16, 0x62, 0x17, 0x17, 0x08, 0x1a, 0x63, 0x32, 0x29, 0x1e, 0x20, 0x5f, 0x18, 0x13, 0x13,
    0x18, 0x4f, 0x1f, 0x1e, 0x4e, 0x5d, 0x19, 0x09, 0x16, 0x17, 0x63, 0x29, 0x0f, 0x40, 0xfc, 0x01,
    0x04, 0x02, 0x05, 0x66, 0x2b, 0x1b, 0x53, 0x3c, 0xd9, 0xaf, 0x16, 0x19, 0x07, 0x23, 0x08, 0x0c,
    0x17, 0x41, 0x1c, 0x3e, 0x1c, 0x13, 0x17, 0x53, 0x18, 0x13, 0x1a, 0x1d, 0x37, 0x41, 0x17, 0x0b,
    0x07, 0x23, 0x0e, 0x28, 0xaf, 0x00, 0x00, 0x00, 0x00, 0x01, 0x00, 0x32, 0x00, 0x00, 0x02, 0x8f,
    0x02, 0xc7, 0x00, 0x31, 0x00, 0x27, 0x40, 0x24, 0x2b, 0x14, 0x02, 0x01, 0x00, 0x01, 0x4a, 0x03,
    0x04, 0x02, 0x00, 0x00, 0x17, 0x4b, 0x02, 0x01, 0x01, 0x01, 0x18, 0x01, 0x4c, 0x01, 0x00, 0x25,
    0x22, 0x1d, 0x1a, 0x09, 0x06, 0x00, 0x31, 0x01, 0x30, 0x05, 0x07, 0x14, 0x2b, 0x01, 0x32, 0x16,
    0x15, 0x11, 0x14, 0x06, 0x2b, 0x01, 0x22, 0x26, 0x3d, 0x01, 0x34, 0x3e, 0x05, 0x37, 0x23, 0x0e,
    0x01, 0x0f, 0x01, 0x06, 0x2b, 0x01, 0x22, 0x26, 0x35, 0x11, 0x34, 0x36, 0x3b, 0x01, 0x32, 0x16,
    0x1d, 0x01, 0x14, 0x06, 0x07, 0x33, 0x36, 0x3f, 0x01, 0x36, 0x33, 0x02, 0x64, 0x18, 0x13, 0x13,
    0x18, 0x70, 0x18, 0x13, 0x01, 0x04, 0x02, 0x09, 0x05, 0x0e, 0x03, 0x08, 0x1c, 0x21, 0x21, 0x8a,
    0x0b, 0x1e, 0x79, 0x18, 0x13, 0x13, 0x18, 0x71, 0x18, 0x12, 0x0d, 0x18, 0x07, 0x36, 0x2a, 0x88,
    0x0d, 0x1d, 0x02, 0xc7, 0x13, 0x18, 0xfd, 0x8e, 0x17, 0x13, 0x13, 0x18, 0xaa, 0x18, 0x25, 0x26,
    0x15, 0x29, 0x12, 0x38, 0x0d, 0x4d, 0x4a, 0x37, 0xeb, 0x14, 0x13, 0x17, 0x02, 0x72, 0x17, 0x13,
    0x13, 0x17, 0xab, 0x51, 0x56, 0x50, 0x89, 0x47, 0xe9, 0x14, 0x00, 0x00, 0x00, 0x02, 0x00, 0x32,
    0x00, 0x00, 0x02, 0x8f, 0x03, 0x9e, 0x00, 0x15, 0x00, 0x47, 0x00, 0x31, 0x40, 0x2e, 0x41, 0x2a,
    0x02, 0x03, 0x02, 0x01, 0x4a, 0x00, 0x01, 0x00, 0x00, 0x02, 0x01, 0x00, 0x63, 0x05, 0x06, 0x02,
    0x02, 0x02, 0x17, 0x4b, 0x04, 0x01, 0x03, 0x03, 0x18, 0x03, 0x4c, 0x17, 0x16, 0x3b, 0x38, 0x33,
    0x30, 0x1f, 0x1c, 0x16, 0x47, 0x17, 0x46, 0x29, 0x21, 0x07, 0x07, 0x16, 0x2b, 0x01, 0x06, 0x23,
    0x22, 0x27, 0x26, 0x36, 0x3f, 0x01, 0x36, 0x16, 0x17, 0x16, 0x33, 0x32, 0x37, 0x3e, 0x01, 0x1f,
    0x01, 0x1e, 0x01, 0x17, 0x32, 0x16, 0x15, 0x11, 0x14, 0x06, 0x2b, 0x01, 0x22, 0x26, 0x3d, 0x01,
    0x34, 0x3e, 0x05, 0x37, 0x23, 0x0e, 0x01, 0x0f, 0x01, 0x06, 0x2b, 0x01, 0x22, 0x26, 0x35, 0x11,
    0x34, 0x36, 0x3b, 0x01, 0x32, 0x16, 0x1d, 0x01, 0x14, 0x06, 0x07, 0x33, 0x36, 0x3f, 0x01, 0x36,
    0x33, 0x02, 0x2f, 0x2e, 0x9c, 0x9a, 0x2e, 0x06, 0x09, 0x11, 0x4b, 0x12, 0x11, 0x08, 0x15, 0x29,
    0x28, 0x16, 0x09, 0x0e, 0x11, 0x50, 0x11, 0x09, 0x2f, 0x18, 0x13, 0x13, 0x18, 0x70, 0x18, 0x13,
    0x01, 0x04, 0x02, 0x09, 0x05, 0x0e, 0x03, 0x08, 0x1c, 0x21, 0x21, 0x8a, 0x0b, 0x1e, 0x79, 0x18,
    0x13, 0x13, 0x18, 0x71, 0x18, 0x12, 0x0d, 0x18, 0x07, 0x36, 0x2a, 0x88, 0x0d, 0x1d, 0x03, 0x5b,
    0x70, 0x70, 0x0f, 0x0f, 0x07, 0x1a, 0x06, 0x05, 0x0e, 0x22, 0x22, 0x0e, 0x05, 0x05, 0x1b, 0x06,
    0x10, 0xa3, 0x13, 0x18, 0xfd, 0x8e, 0x17, 0x13, 0x13, 0x18, 0xaa, 0x18, 0x25, 0x26, 0x15, 0x29,
    0x12, 0x38, 0x0d, 0x4d, 0x4a, 0x37, 0xeb, 0x14, 0x13, 0x17, 0x02, 0x72, 0x17, 0x13, 0x13, 0x17,
    0xab, 0x51, 0x56, 0x50, 0x89, 0x47, 0xe9, 0x14, 0x00, 0x01, 0x00, 0x32, 0x00, 0x00, 0x02, 0x89,
    0x02, 0xc6, 0x00, 0x29, 0x00, 0x27, 0x40, 0x24, 0x27, 0x01, 0x01, 0x04, 0x01, 0x4a, 0x00, 0x04,
    0x00, 0x01, 0x00, 0x04, 0x01, 0x63, 0x05, 0x01, 0x03, 0x03, 0x19, 0x4b, 0x02, 0x01, 0x00, 0x00,
    0x18, 0x00, 0x4c, 0x33, 0x13, 0x35, 0x33, 0x25, 0x32, 0x06, 0x07, 0x1a, 0x2b, 0x25, 0x16, 0x06,
    0x2b, 0x01, 0x22, 0x26, 0x2f, 0x01, 0x2e, 0x01, 0x2b, 0x01, 0x15, 0x14, 0x06, 0x2b, 0x01, 0x22,
    0x26, 0x35, 0x11, 0x34, 0x36, 0x3b, 0x01, 0x32, 0x16, 0x1d, 0x01, 0x33, 0x37, 0x3e, 0x01, 0x3b,
    0x01, 0x32, 0x16, 0x07, 0x03, 0x16, 0x17, 0x02, 0x84, 0x0b, 0x0d, 0x18, 0x6c, 0x29, 0x24, 0x0c,
    0x57, 0x0d, 0x1c, 0x1b, 0x12, 0x12, 0x18, 0x71, 0x18, 0x13, 0x13, 0x18, 0x71, 0x18, 0x12, 0x16,
    0x90, 0x0f, 0x1b, 0x26, 0x73, 0x17, 0x0d, 0x0c, 0xb6, 0x23, 0x1a, 0x31, 0x14, 0x1d, 0x10, 0x1a,
    0xb3, 0x1b, 0x17, 0xe5, 0x17, 0x13, 0x13, 0x17, 0x02, 0x72, 0x17, 0x13, 0x13, 0x17, 0xde, 0xe3,
    0x18, 0x0d, 0x18, 0x14, 0xfe, 0xde, 0x19, 0x34, 0x00, 0x01, 0x00, 0x00, 0xff, 0xf2, 0x02, 0x88,
    0x02, 0xc6, 0x00, 0x23, 0x00, 0x21, 0x40, 0x1e, 0x00, 0x02, 0x02, 0x00, 0x59, 0x03, 0x01, 0x00,
    0x00, 0x19, 0x4b, 0x00, 0x01, 0x01, 0x18, 0x01, 0x4c, 0x01, 0x00, 0x0d, 0x0c, 0x09, 0x06, 0x00,
    0x23, 0x01, 0x22, 0x04, 0x07, 0x14, 0x2b, 0x01, 0x32, 0x16, 0x15, 0x11, 0x14, 0x06, 0x2b, 0x01,
    0x22, 0x26, 0x35, 0x11, 0x23, 0x15, 0x14, 0x0e, 0x02, 0x07, 0x06, 0x26, 0x2f, 0x01, 0x26, 0x36,
    0x37, 0x3e, 0x03, 0x3d, 0x01, 0x34, 0x36, 0x33, 0x02, 0x5d, 0x18, 0x13, 0x13, 0x18, 0x71, 0x18,
    0x12, 0x78, 0x1e, 0x3d, 0x45, 0x31, 0x15, 0x18, 0x0c, 0x39, 0x0b, 0x09, 0x16, 0x1a, 0x21, 0x21,
    0x10, 0x13, 0x18, 0x02, 0xc6, 0x13, 0x17, 0xfd, 0x8e, 0x17, 0x13, 0x13, 0x17, 0x01, 0xed, 0x5e,
    0x6a, 0x9b, 0x65, 0x3e, 0x18, 0x0b, 0x09, 0x16, 0x66, 0x15, 0x19, 0x0c, 0x0f, 0x1f, 0x3a, 0x5f,
    0x44, 0xe4, 0x17, 0x13, 0x00, 0x01, 0x00, 0x32, 0x00, 0x00, 0x03, 0x07, 0x02, 0xc7, 0x00, 0x35,
    0x00, 0x3a, 0x40, 0x37, 0x31, 0x01, 0x03, 0x02, 0x01, 0x4a, 0x00, 0x03, 0x02, 0x01, 0x02, 0x03,
    0x01, 0x70, 0x04, 0x01, 0x02, 0x02, 0x00, 0x59, 0x06, 0x07, 0x02, 0x00, 0x00, 0x17, 0x4b, 0x05,
    0x01, 0x01, 0x01, 0x18, 0x01, 0x4c, 0x01, 0x00, 0x2e, 0x2b, 0x26, 0x23, 0x1e, 0x1d, 0x18, 0x15,
    0x0f, 0x0e, 0x09, 0x06, 0x00, 0x35, 0x01, 0x34, 0x08, 0x07, 0x14, 0x2b, 0x01, 0x32, 0x16, 0x15,
    0x11, 0x14, 0x06, 0x2b, 0x01, 0x22, 0x26, 0x3d, 0x01, 0x34, 0x37, 0x23, 0x0e, 0x01, 0x0f, 0x01,
    0x0e, 0x01, 0x2b, 0x01, 0x22, 0x26, 0x2f, 0x01, 0x26, 0x27, 0x23, 0x16, 0x1d, 0x01, 0x14, 0x06,
    0x2b, 0x01, 0x22, 0x26, 0x35, 0x11, 0x34, 0x36, 0x3b, 0x01, 0x32, 0x16, 0x17, 0x1b, 0x01, 0x3e,
    0x01, 0x33, 0x02, 0xdc, 0x18, 0x13, 0x13, 0x18, 0x6d, 0x18, 0x12, 0x2c, 0x0b, 0x08, 0x2c, 0x0f,
    0x38, 0x09, 0x14, 0x13, 0x43, 0x14, 0x14, 0x08, 0x3b, 0x1f, 0x1f, 0x0a, 0x29, 0x13, 0x18, 0x66,
    0x18, 0x13, 0x13, 0x18, 0x5e, 0x1a, 0x16, 0x0b, 0xa5, 0xa5, 0x0a, 0x15, 0x19, 0x02, 0xc7, 0x12,
    0x18, 0xfd, 0x8c, 0x17, 0x12, 0x12, 0x17, 0x8f, 0x6c, 0x9a, 0x1a, 0x6e, 0x1d, 0x71, 0x10, 0x0d,
    0x0c, 0x11, 0x71, 0x38, 0x6d, 0xa4, 0x63, 0x8e, 0x17, 0x12, 0x12, 0x17, 0x02, 0x74, 0x18, 0x12,
    0x0c, 0x13, 0xfe, 0xbc, 0x01, 0x43, 0x14, 0x0c, 0x00, 0x01, 0x00, 0x32, 0x00, 0x00, 0x02, 0x80,
    0x02, 0xc7, 0x00, 0x23, 0x00, 0x2c, 0x40, 0x29, 0x00, 0x05, 0x00, 0x02, 0x01, 0x05, 0x02, 0x61,
    0x04, 0x06, 0x02, 0x00, 0x00, 0x17, 0x4b, 0x03, 0x01, 0x01, 0x01, 0x18, 0x01, 0x4c, 0x01, 0x00,
    0x1f, 0x1e, 0x1b, 0x18, 0x13, 0x10, 0x0d, 0x0c, 0x09, 0x06, 0x00, 0x23, 0x01, 0x22, 0x07, 0x07,
    0x14, 0x2b, 0x01, 0x32, 0x16, 0x15, 0x11, 0x14, 0x06, 0x2b, 0x01, 0x22, 0x26, 0x3d, 0x01, 0x23,
    0x15, 0x14, 0x06, 0x2b, 0x01, 0x22, 0x26, 0x35, 0x11, 0x34, 0x36, 0x3b, 0x01, 0x32, 0x16, 0x1d,
    0x01, 0x33, 0x35, 0x34, 0x36, 0x33, 0x02, 0x56, 0x17, 0x13, 0x13, 0x17, 0x72, 0x17, 0x13, 0xc2,
    0x12, 0x18, 0x71, 0x18, 0x13, 0x13, 0x18, 0x71, 0x18, 0x12, 0xc2, 0x13, 0x17, 0x02, 0xc7, 0x13,
    0x18, 0xfd, 0x8e, 0x17, 0x13, 0x13, 0x17, 0xe6, 0xe6, 0x17, 0x13, 0x13, 0x17, 0x02, 0x72, 0x18,
    0x13, 0x13, 0x18, 0xdd, 0xdd, 0x18, 0x13, 0x00, 0x00, 0x02, 0x00, 0x21, 0xff, 0xf1, 0x02, 0x88,
    0x02, 0xd5, 0x00, 0x0d, 0x00, 0x1b, 0x00, 0x1f, 0x40, 0x1c, 0x00, 0x02, 0x02, 0x00, 0x5b, 0x00,
    0x00, 0x00, 0x1e, 0x4b, 0x00, 0x03, 0x03, 0x01, 0x5b, 0x00, 0x01, 0x01, 0x1f, 0x01, 0x4c, 0x25,
    0x25, 0x25, 0x22, 0x04, 0x07, 0x18, 0x2b, 0x13, 0x34, 0x36, 0x33, 0x32, 0x16, 0x1d, 0x01, 0x14,
    0x06, 0x23, 0x22, 0x26, 0x35, 0x25, 0x34, 0x26, 0x23, 0x22, 0x06, 0x1d, 0x01, 0x14, 0x16, 0x33,
    0x32, 0x36, 0x35, 0x21, 0xa1, 0x93, 0x92, 0xa1, 0xa1, 0x92, 0x93, 0xa1, 0x01, 0xa1, 0x39, 0x34,
    0x35, 0x39, 0x39, 0x35, 0x34, 0x39, 0x01, 0xbd, 0x83, 0x95, 0x95, 0x83, 0xb4, 0x83, 0x95, 0x95,
    0x83, 0xbd, 0x2f, 0x31, 0x31, 0x2f, 0xc6, 0x2f, 0x31, 0x31, 0x2f, 0x00, 0x00, 0x01, 0x00, 0x32,
    0x00, 0x00, 0x02, 0x7b, 0x02, 0xc6, 0x00, 0x19, 0x00, 0x24, 0x40, 0x21, 0x00, 0x02, 0x02, 0x00,
    0x59, 0x04, 0x01, 0x00, 0x00, 0x19, 0x4b, 0x03, 0x01, 0x01, 0x01, 0x18, 0x01, 0x4c, 0x01, 0x00,
    0x13, 0x10, 0x0d, 0x0c, 0x09, 0x06, 0x00, 0x19, 0x01, 0x18, 0x05, 0x07, 0x14, 0x2b, 0x01, 0x32,
    0x16, 0x15, 0x11, 0x14, 0x06, 0x2b, 0x01, 0x22, 0x26, 0x35, 0x11, 0x23, 0x11, 0x14, 0x06, 0x2b,
    0x01, 0x22, 0x26, 0x35, 0x11, 0x34, 0x36, 0x33, 0x02, 0x51, 0x17, 0x13, 0x13, 0x17, 0x72, 0x17,
    0x13, 0xbd, 0x12, 0x18, 0x71, 0x18, 0x13, 0x13, 0x18, 0x02, 0xc6, 0x13, 0x17, 0xfd, 0x8e, 0x17,
    0x13, 0x13, 0x17, 0x01, 0xed, 0xfe, 0x13, 0x17, 0x13, 0x13, 0x17, 0x02, 0x72, 0x17, 0x13, 0x00,
    0x00, 0x02, 0x00, 0x32, 0x00, 0x00, 0x02, 0x73, 0x02, 0xc6, 0x00, 0x13, 0x00, 0x1b, 0x00, 0x32,
    0x40, 0x2f, 0x06, 0x01, 0x03, 0x00, 0x01, 0x02, 0x03, 0x01, 0x61, 0x00, 0x04, 0x04, 0x00, 0x59,
    0x05, 0x01, 0x00, 0x00, 0x19, 0x4b, 0x00, 0x02, 0x02, 0x18, 0x02, 0x4c, 0x15, 0x14, 0x01, 0x00,
    0x1a, 0x18, 0x14, 0x1b, 0x15, 0x1b, 0x0d, 0x0a, 0x07, 0x05, 0x00, 0x13, 0x01, 0x12, 0x07, 0x07,
    0x14, 0x2b, 0x01, 0x32, 0x16, 0x15, 0x14, 0x06, 0x2b, 0x01, 0x15, 0x14, 0x06, 0x2b, 0x01, 0x22,
    0x26, 0x35, 0x11, 0x34, 0x36, 0x33, 0x13, 0x32, 0x36, 0x34, 0x26, 0x2b, 0x01, 0x15, 0x01, 0x71,
    0x76, 0x8c, 0x8a, 0x76, 0x7b, 0x12, 0x18, 0x71, 0x18, 0x13, 0x13, 0x18, 0xfe, 0x23, 0x28, 0x28,
    0x23, 0x63, 0x02, 0xc6, 0x84, 0x76, 0x75, 0x82, 0xab, 0x17, 0x13, 0x13, 0x17, 0x02, 0x72, 0x17,
    0x13, 0xfe, 0xbe, 0x28, 0x42, 0x29, 0x93, 0x00, 0x00, 0x01, 0x00, 0x21, 0xff, 0xf1, 0x02, 0x7b,
    0x02, 0xd5, 0x00, 0x23, 0x00, 0x1f, 0x40, 0x1c, 0x00, 0x01, 0x01, 0x00, 0x5b, 0x00, 0x00, 0x00,
    0x1e, 0x4b, 0x00, 0x02, 0x02, 0x03, 0x5b, 0x00, 0x03, 0x03, 0x1f, 0x03, 0x4c, 0x29, 0x25, 0x29,
    0x22, 0x04, 0x07, 0x18, 0x2b, 0x13, 0x34, 0x36, 0x33, 0x32, 0x17, 0x16, 0x06, 0x0f, 0x01, 0x06,
    0x26, 0x27, 0x26, 0x23, 0x22, 0x06, 0x1d, 0x01, 0x14, 0x16, 0x33, 0x32, 0x37, 0x3e, 0x01, 0x1f,
    0x01, 0x1e, 0x01, 0x07, 0x06, 0x23, 0x22, 0x26, 0x35, 0x21, 0xa1, 0x93, 0xe2, 0x42, 0x08, 0x0d,
    0x16, 0x6b, 0x17, 0x17, 0x08, 0x1a, 0x4e, 0x3a, 0x34, 0x34, 0x3a, 0x50, 0x18, 0x09, 0x16, 0x17,
    0x6b, 0x16, 0x0d, 0x08, 0x42, 0xe2, 0x93, 0xa1, 0x01, 0xbd, 0x83, 0x95, 0xaf, 0x16, 0x19, 0x07,
    0x26, 0x07, 0x0b, 0x17, 0x41, 0x33, 0x35, 0xb6, 0x35, 0x33, 0x41, 0x18, 0x0b, 0x08, 0x26, 0x07,
    0x19, 0x16, 0xaf, 0x95, 0x83, 0x00, 0x00, 0x00, 0x00, 0x01, 0x00, 0x0c, 0x00, 0x00, 0x02, 0x50,
    0x02, 0xc6, 0x00, 0x19, 0x00, 0x24, 0x40, 0x21, 0x03, 0x01, 0x01, 0x01, 0x00, 0x59, 0x04, 0x01,
    0x00, 0x00, 0x19, 0x4b, 0x00, 0x02, 0x02, 0x18, 0x02, 0x4c, 0x01, 0x00, 0x13, 0x11, 0x0e, 0x0b,
    0x08, 0x06, 0x00, 0x19, 0x01, 0x18, 0x05, 0x07, 0x14, 0x2b, 0x01, 0x32, 0x16, 0x1d, 0x01, 0x14,
    0x06, 0x2b, 0x01, 0x11, 0x14, 0x06, 0x2b, 0x01, 0x22, 0x26, 0x35, 0x11, 0x23, 0x22, 0x26, 0x3d,
    0x01, 0x34, 0x36, 0x33, 0x02, 0x25, 0x18, 0x13, 0x13, 0x18, 0x94, 0x13, 0x18, 0x71, 0x18, 0x12,
    0x95, 0x18, 0x12, 0x12, 0x18, 0x02, 0xc6, 0x13, 0x17, 0x5a, 0x18, 0x13, 0xfe, 0x13, 0x17, 0x13,
    0x13, 0x17, 0x01, 0xed, 0x13, 0x18, 0x5a, 0x17, 0x13, 0x00, 0x00, 0x00, 0x00, 0x01, 0x00, 0x02,
    0x00, 0x00, 0x02, 0x6c, 0x02, 0xc6, 0x00, 0x16, 0x00, 0x24, 0x40, 0x21, 0x12, 0x0a, 0x02, 0x01,
    0x00, 0x01, 0x4a, 0x02, 0x03, 0x02, 0x00, 0x00, 0x19, 0x4b, 0x00, 0x01, 0x01, 0x18, 0x01, 0x4c,
    0x01, 0x00, 0x0f, 0x0c, 0x08, 0x05, 0x00, 0x16, 0x01, 0x15, 0x04, 0x07, 0x14, 0x2b, 0x01, 0x32,
    0x07, 0x01, 0x0e, 0x01, 0x2b, 0x01, 0x22, 0x3f, 0x01, 0x03, 0x26, 0x3b, 0x01, 0x32, 0x16, 0x1f,
    0x01, 0x37, 0x3e, 0x01, 0x33, 0x02, 0x57, 0x27, 0x12, 0xfe, 0xf8, 0x0a, 0x1a, 0x21, 0x7f, 0x28,
    0x13, 0x4b, 0xd4, 0x14, 0x2c, 0x76, 0x26, 0x1d, 0x0a, 0x61, 0x5c, 0x09, 0x1a, 0x23, 0x02, 0xc6,
    0x2a, 0xfd, 0x89, 0x17, 0x0e, 0x2a, 0xa8, 0x01, 0xca, 0x2a, 0x0c, 0x19, 0xde, 0xde, 0x19, 0x0c,
    0x00, 0x03, 0x00, 0x10, 0xff, 0xeb, 0x03, 0x4e, 0x02, 0xdf, 0x00, 0x23, 0x00, 0x2b, 0x00, 0x33,
    0x00, 0xc9, 0x4b, 0xb0, 0x0a, 0x50, 0x58, 0x40, 0x21, 0x05, 0x01, 0x01, 0x08, 0x0b, 0x02, 0x06,
    0x07, 0x01, 0x06, 0x63, 0x09, 0x01, 0x07, 0x04, 0x01, 0x02, 0x03, 0x07, 0x02, 0x63, 0x0a, 0x01,
    0x00, 0x00, 0x03, 0x59, 0x00, 0x03, 0x03, 0x18, 0x03, 0x4c, 0x1b, 0x4b, 0xb0, 0x14, 0x50, 0x58,
    0x40, 0x21, 0x05, 0x01, 0x01, 0x08, 0x0b, 0x02, 0x06, 0x07, 0x01, 0x06, 0x63, 0x09, 0x01, 0x07,
    0x04, 0x01, 0x02, 0x03, 0x07, 0x02, 0x63, 0x0a, 0x01, 0x00, 0x00, 0x17, 0x4b, 0x00, 0x03, 0x03,
    0x18, 0x03, 0x4c, 0x1b, 0x4b, 0xb0, 0x17, 0x50, 0x58, 0x40, 0x21, 0x05, 0x01, 0x01, 0x08, 0x0b,
    0x02, 0x06, 0x07, 0x01, 0x06, 0x63, 0x09, 0x01, 0x07, 0x04, 0x01, 0x02, 0x03, 0x07, 0x02, 0x63,
    0x0a, 0x01, 0x00, 0x00, 0x03, 0x59, 0x00, 0x03, 0x03, 0x18, 0x03, 0x4c, 0x1b, 0x40, 0x27, 0x0a,
    0x01, 0x00, 0x01, 0x03, 0x00, 0x55, 0x05, 0x01, 0x01, 0x08, 0x0b, 0x02, 0x06, 0x07, 0x01, 0x06,
    0x63, 0x09, 0x01, 0x07, 0x04, 0x01, 0x02, 0x03, 0x07, 0x02, 0x63, 0x0a, 0x01, 0x00, 0x00, 0x03,
    0x59, 0x00, 0x03, 0x00, 0x03, 0x4d, 0x59, 0x59, 0x59, 0x40, 0x1f, 0x25, 0x24, 0x01, 0x00, 0x32,
    0x30, 0x2f, 0x2d, 0x2a, 0x28, 0x24, 0x2b, 0x25, 0x2b, 0x1f, 0x1d, 0x18, 0x16, 0x13, 0x10, 0x0d,
    0x0b, 0x06, 0x04, 0x00, 0x23, 0x01, 0x22, 0x0c, 0x07, 0x14, 0x2b, 0x01, 0x32, 0x16, 0x1d, 0x01,
    0x33, 0x32, 0x16, 0x1d, 0x01, 0x14, 0x06, 0x2b, 0x01, 0x15, 0x14, 0x06, 0x2b, 0x01, 0x22, 0x26,
    0x3d, 0x01, 0x23, 0x22, 0x26, 0x3d, 0x01, 0x34, 0x36, 0x3b, 0x01, 0x35, 0x34, 0x36, 0x33, 0x07,
    0x22, 0x1d, 0x01, 0x14, 0x3b, 0x01, 0x35, 0x05, 0x34, 0x2b, 0x01, 0x15, 0x33, 0x32, 0x35, 0x01,
    0xe7, 0x18, 0x13, 0x1e, 0x8b, 0x93, 0x94, 0x8a, 0x1e, 0x13, 0x18, 0x70, 0x18, 0x13, 0x1e, 0x8b,
    0x93, 0x93, 0x8b, 0x1e, 0x13, 0x18, 0x40, 0x5d, 0x5d, 0x15, 0x01, 0x38, 0x5d, 0x15, 0x15, 0x5d,
    0x02, 0xdf, 0x13, 0x17, 0x2b, 0x8b, 0x7f, 0x36, 0x7e, 0x8b, 0x2b, 0x18, 0x13, 0x13, 0x18, 0x2b,
    0x8b, 0x7e, 0x36, 0x7f, 0x8b, 0x2b, 0x17, 0x13, 0xff, 0x58, 0x45, 0x58, 0xf5, 0x58, 0x58, 0xf5,
    0x58, 0x00, 0x00, 0x00, 0x00, 0x01, 0x00, 0x02, 0x00, 0x00, 0x02, 0x97, 0x02, 0xc6, 0x00, 0x23,
    0x00, 0x20, 0x40, 0x1d, 0x23, 0x1a, 0x11, 0x08, 0x04, 0x00, 0x02, 0x01, 0x4a, 0x03, 0x01, 0x02,
    0x02, 0x19, 0x4b, 0x01, 0x01, 0x00, 0x00, 0x18, 0x00, 0x4c, 0x36, 0x36, 0x36, 0x32, 0x04, 0x07,
    0x18, 0x2b, 0x25, 0x16, 0x06, 0x2b, 0x01, 0x22, 0x26, 0x2f, 0x01, 0x07, 0x0e, 0x01, 0x2b, 0x01,
    0x22, 0x26, 0x37, 0x13, 0x03, 0x26, 0x36, 0x3b, 0x01, 0x32, 0x16, 0x1f, 0x01, 0x37, 0x3e, 0x01,
    0x3b, 0x01, 0x32, 0x16, 0x07, 0x03, 0x02, 0x8f, 0x0d, 0x0b, 0x17, 0x81, 0x27, 0x1d, 0x0e, 0x5f,
    0x5c, 0x0f, 0x1c, 0x28, 0x7b, 0x16, 0x0b, 0x0c, 0xcd, 0xc4, 0x0b, 0x0b, 0x15, 0x77, 0x28, 0x1d,
    0x0e, 0x5a, 0x59, 0x0e, 0x1b, 0x24, 0x80, 0x14, 0x0b, 0x0b, 0xc6, 0x2a, 0x10, 0x1a, 0x0c, 0x19,
    0xa4, 0xa4, 0x18, 0x0d, 0x18, 0x12, 0x01, 0x40, 0x01, 0x34, 0x10, 0x18, 0x0c, 0x17, 0x9a, 0x9a,
    0x18, 0x0b, 0x18, 0x10, 0xfe, 0xcc, 0x00, 0x00, 0x00, 0x01, 0x00, 0x32, 0xff, 0x66, 0x02, 0xcc,
    0x02, 0xc6, 0x00, 0x23, 0x00, 0x2e, 0x40, 0x2b, 0x00, 0x01, 0x00, 0x01, 0x52, 0x05, 0x01, 0x03,
    0x03, 0x19, 0x4b, 0x04, 0x06, 0x02, 0x00, 0x00, 0x02, 0x5a, 0x00, 0x02, 0x02, 0x18, 0x02, 0x4c,
    0x01, 0x00, 0x20, 0x1d, 0x1a, 0x19, 0x16, 0x13, 0x0e, 0x0c, 0x09, 0x06, 0x00, 0x23, 0x01, 0x23,
    0x07, 0x07, 0x14, 0x2b, 0x25, 0x32, 0x16, 0x1d, 0x01, 0x14, 0x06, 0x2b, 0x01, 0x22, 0x26, 0x3d,
    0x01, 0x21, 0x22, 0x26, 0x35, 0x11, 0x34, 0x36, 0x3b, 0x01, 0x32, 0x16, 0x15, 0x11, 0x33, 0x11,
    0x34, 0x36, 0x3b, 0x01, 0x32, 0x16, 0x15, 0x11, 0x02, 0xa1, 0x18, 0x13, 0x13, 0x18, 0x67, 0x18,
    0x12, 0xfe, 0x4d, 0x18, 0x13, 0x13, 0x18, 0x71, 0x18, 0x12, 0xba, 0x13, 0x18, 0x71, 0x18, 0x12,
    0xaf, 0x12, 0x17, 0xf5, 0x18, 0x13, 0x13, 0x18, 0x6f, 0x13, 0x17, 0x02, 0x72, 0x17, 0x13, 0x13,
    0x17, 0xfe, 0x13, 0x01, 0xed, 0x17, 0x13, 0x13, 0x17, 0xfe, 0x13, 0x00, 0x00, 0x01, 0x00, 0x1c,
    0x00, 0x00, 0x02, 0x5f, 0x02, 0xc6, 0x00, 0x22, 0x00, 0x33, 0x40, 0x30, 0x1e, 0x01, 0x04, 0x00,
    0x0c, 0x01, 0x02, 0x04, 0x02, 0x4a, 0x00, 0x04, 0x00, 0x02, 0x01, 0x04, 0x02, 0x64, 0x03, 0x05,
    0x02, 0x00, 0x00, 0x19, 0x4b, 0x00, 0x01, 0x01, 0x18, 0x01, 0x4c, 0x01, 0x00, 0x1d, 0x1b, 0x17,
    0x14, 0x0f, 0x0d, 0x09, 0x06, 0x00, 0x22, 0x01, 0x21, 0x06, 0x07, 0x14, 0x2b, 0x01, 0x32, 0x16,
    0x15, 0x11, 0x14, 0x06, 0x2b, 0x01, 0x22, 0x26, 0x3d, 0x01, 0x06, 0x23, 0x22, 0x26, 0x3d, 0x01,
    0x34, 0x36, 0x3b, 0x01, 0x32, 0x16, 0x1d, 0x01, 0x14, 0x33, 0x32, 0x37, 0x35, 0x34, 0x36, 0x33,
    0x02, 0x35, 0x18, 0x12, 0x12, 0x18, 0x71, 0x18, 0x13, 0x2f, 0x37, 0x91, 0x86, 0x12, 0x18, 0x71,
    0x18, 0x13, 0x6f, 0x2a, 0x1e, 0x13, 0x18, 0x02, 0xc6, 0x13, 0x17, 0xfd, 0x8e, 0x17, 0x13, 0x13,
    0x17, 0xc3, 0x07, 0x8b, 0x8b, 0xa0, 0x17, 0x13, 0x13, 0x17, 0xa0, 0x5c, 0x07, 0xf5, 0x17, 0x13,
    0x00, 0x01, 0x00, 0x32, 0x00, 0x00, 0x03, 0x84, 0x02, 0xc6, 0x00, 0x23, 0x00, 0x2a, 0x40, 0x27,
    0x04, 0x02, 0x06, 0x03, 0x00, 0x00, 0x19, 0x4b, 0x05, 0x01, 0x03, 0x03, 0x01, 0x5a, 0x00, 0x01,
    0x01, 0x18, 0x01, 0x4c, 0x01, 0x00, 0x1f, 0x1e, 0x1b, 0x18, 0x15, 0x14, 0x11, 0x0e, 0x09, 0x06,
    0x00, 0x23, 0x01, 0x22, 0x07, 0x07, 0x14, 0x2b, 0x01, 0x32, 0x16, 0x15, 0x11, 0x14, 0x06, 0x23,
    0x21, 0x22, 0x26, 0x35, 0x11, 0x34, 0x36, 0x3b, 0x01, 0x32, 0x16, 0x15, 0x11, 0x33, 0x11, 0x34,
    0x36, 0x3b, 0x01, 0x32, 0x16, 0x15, 0x11, 0x33, 0x11, 0x34, 0x36, 0x33, 0x03, 0x5a, 0x17, 0x13,
    0x13, 0x17, 0xfd, 0x03, 0x18, 0x13, 0x13, 0x18, 0x71, 0x18, 0x12, 0x80, 0x13, 0x18, 0x71, 0x18,
    0x12, 0x80, 0x13, 0x17, 0x02, 0xc6, 0x13, 0x17, 0xfd, 0x8e, 0x17, 0x13, 0x13, 0x17, 0x02, 0x72,
    0x17, 0x13, 0x13, 0x17, 0xfe, 0x13, 0x01, 0xed, 0x17, 0x13, 0x13, 0x17, 0xfe, 0x13, 0x01, 0xed,
    0x17, 0x13, 0x00, 0x00, 0x00, 0x01, 0x00, 0x32, 0xff, 0x66, 0x03, 0xd7, 0x02, 0xc6, 0x00, 0x2d,
    0x00, 0x34, 0x40, 0x31, 0x00, 0x01, 0x00, 0x01, 0x52, 0x07, 0x05, 0x02, 0x03, 0x03, 0x19, 0x4b,
    0x06, 0x04, 0x08, 0x03, 0x00, 0x00, 0x02, 0x5a, 0x00, 0x02, 0x02, 0x18, 0x02, 0x4c, 0x01, 0x00,
    0x2a, 0x27, 0x24, 0x23, 0x20, 0x1d, 0x1a, 0x19, 0x16, 0x13, 0x0e, 0x0c, 0x09, 0x06, 0x00, 0x2d,
    0x01, 0x2d, 0x09, 0x07, 0x14, 0x2b, 0x25, 0x32, 0x16, 0x1d, 0x01, 0x14, 0x06, 0x2b, 0x01, 0x22,
    0x26, 0x3d, 0x01, 0x21, 0x22, 0x26, 0x35, 0x11, 0x34, 0x36, 0x3b, 0x01, 0x32, 0x16, 0x15, 0x11,
    0x33, 0x11, 0x34, 0x36, 0x3b, 0x01, 0x32, 0x16, 0x15, 0x11, 0x33, 0x11, 0x34, 0x36, 0x3b, 0x01,
    0x32, 0x16, 0x15, 0x11, 0x03, 0xad, 0x18, 0x12, 0x12, 0x18, 0x67, 0x18, 0x13, 0xfd, 0x42, 0x18,
    0x13, 0x13, 0x18, 0x71, 0x18, 0x12, 0x80, 0x13, 0x18, 0x71, 0x18, 0x12, 0x80, 0x13, 0x17, 0x72,
    0x17, 0x13, 0xaf, 0x12, 0x17, 0xf6, 0x18, 0x12, 0x12, 0x18, 0x70, 0x13, 0x17, 0x02, 0x72, 0x17,
    0x13, 0x13, 0x17, 0xfe, 0x13, 0x01, 0xed, 0x17, 0x13, 0x13, 0x17, 0xfe, 0x13, 0x01, 0xed, 0x17,
    0x13, 0x13, 0x17, 0xfe, 0x13, 0x00, 0x00, 0x00, 0x00, 0x02, 0x00, 0x0c, 0x00, 0x00, 0x02, 0xf9,
    0x02, 0xc6, 0x00, 0x18, 0x00, 0x21, 0x00, 0x39, 0x40, 0x36, 0x06, 0x01, 0x00, 0x00, 0x05, 0x04,
    0x00, 0x05, 0x61, 0x00, 0x02, 0x02, 0x03, 0x59, 0x00, 0x03, 0x03, 0x19, 0x4b, 0x07, 0x01, 0x04,
    0x04, 0x01, 0x59, 0x00, 0x01, 0x01, 0x18, 0x01, 0x4c, 0x1a, 0x19, 0x01, 0x00, 0x20, 0x1e, 0x19,
    0x21, 0x1a, 0x21, 0x15, 0x12, 0x0d, 0x0b, 0x08, 0x05, 0x00, 0x18, 0x01, 0x18, 0x08, 0x07, 0x14,
    0x2b, 0x01, 0x32, 0x16, 0x15, 0x14, 0x06, 0x23, 0x21, 0x22, 0x26, 0x35, 0x11, 0x23, 0x22, 0x26,
    0x3d, 0x01, 0x34, 0x36, 0x33, 0x21, 0x32, 0x16, 0x1d, 0x01, 0x13, 0x32, 0x36, 0x35, 0x34, 0x26,
    0x2b, 0x01, 0x15, 0x01, 0xf9, 0x76, 0x8a, 0x8b, 0x76, 0xfe, 0xeb, 0x18, 0x12, 0x83, 0x17, 0x13,
    0x13, 0x17, 0x01, 0x1e, 0x18, 0x13, 0x62, 0x23, 0x28, 0x28, 0x23, 0x62, 0x01, 0xf1, 0x82, 0x75,
    0x76, 0x84, 0x13, 0x17, 0x01, 0xed, 0x12, 0x18, 0x5b, 0x17, 0x13, 0x13, 0x17, 0xab, 0xfe, 0xbe,
    0x28, 0x22, 0x21, 0x28, 0x93, 0x00, 0x00, 0x00, 0x00, 0x03, 0x00, 0x32, 0x00, 0x00, 0x03, 0x78,
    0x02, 0xc6, 0x00, 0x13, 0x00, 0x23, 0x00, 0x2b, 0x00, 0x38, 0x40, 0x35, 0x00, 0x02, 0x00, 0x06,
    0x05, 0x02, 0x06, 0x61, 0x03, 0x01, 0x01, 0x01, 0x19, 0x4b, 0x08, 0x01, 0x05, 0x05, 0x00, 0x5a,
    0x04, 0x07, 0x02, 0x00, 0x00, 0x18, 0x00, 0x4c, 0x25, 0x24, 0x01, 0x00, 0x2a, 0x28, 0x24, 0x2b,
    0x25, 0x2b, 0x21, 0x1e, 0x19, 0x16, 0x0e, 0x0c, 0x09, 0x06, 0x00, 0x13, 0x01, 0x12, 0x09, 0x07,
    0x14, 0x2b, 0x33, 0x22, 0x26, 0x35, 0x11, 0x34, 0x36, 0x3b, 0x01, 0x32, 0x16, 0x1d, 0x01, 0x33,
    0x32, 0x16, 0x15, 0x14, 0x06, 0x23, 0x01, 0x34, 0x36, 0x3b, 0x01, 0x32, 0x16, 0x15, 0x11, 0x14,
    0x06, 0x2b, 0x01, 0x22, 0x26, 0x35, 0x25, 0x32, 0x36, 0x34, 0x26, 0x2b, 0x01, 0x15, 0x5d, 0x18,
    0x13, 0x13, 0x18, 0x71, 0x18, 0x12, 0x7b, 0x76, 0x8a, 0x8c, 0x76, 0x01, 0x41, 0x12, 0x16, 0x76,
    0x16, 0x12, 0x12, 0x16, 0x76, 0x16, 0x12, 0xfe, 0xa9, 0x23, 0x28, 0x28, 0x23, 0x63, 0x13, 0x17,
    0x02, 0x72, 0x17, 0x13, 0x13, 0x17, 0xab, 0x82, 0x75, 0x76, 0x84, 0x02, 0x9e, 0x16, 0x12, 0x12,
    0x16, 0xfd, 0x8a, 0x16, 0x12, 0x12, 0x16, 0x87, 0x29, 0x42, 0x28, 0x93, 0x00, 0x02, 0x00, 0x32,
    0x00, 0x00, 0x02, 0x73, 0x02, 0xc6, 0x00, 0x13, 0x00, 0x1b, 0x00, 0x32, 0x40, 0x2f, 0x00, 0x02,
    0x00, 0x04, 0x03, 0x02, 0x04, 0x61, 0x00, 0x01, 0x01, 0x19, 0x4b, 0x06, 0x01, 0x03, 0x03, 0x00,
    0x5a, 0x05, 0x01, 0x00, 0x00, 0x18, 0x00, 0x4c, 0x15, 0x14, 0x01, 0x00, 0x1a, 0x18, 0x14, 0x1b,
    0x15, 0x1b, 0x0e, 0x0c, 0x09, 0x06, 0x00, 0x13, 0x01, 0x12, 0x07, 0x07, 0x14, 0x2b, 0x33, 0x22,
    0x26, 0x35, 0x11, 0x34, 0x36, 0x3b, 0x01, 0x32, 0x16, 0x1d, 0x01, 0x33, 0x32, 0x16, 0x15, 0x14,
    0x06, 0x23, 0x27, 0x32, 0x36, 0x34, 0x26, 0x2b, 0x01, 0x15, 0x5d, 0x18, 0x13, 0x13, 0x18, 0x71,
    0x18, 0x12, 0x7b, 0x76, 0x8a, 0x8c, 0x76, 0x16, 0x23, 0x28, 0x28, 0x23, 0x63, 0x13, 0x17, 0x02,
    0x72, 0x17, 0x13, 0x13, 0x17, 0xab, 0x82, 0x75, 0x76, 0x84, 0xaf, 0x29, 0x42, 0x28, 0x93, 0x00,
    0x00, 0x01, 0x00, 0x14, 0xff, 0xf1, 0x02, 0x6e, 0x02, 0xd5, 0x00, 0x2b, 0x00, 0x29, 0x40, 0x26,
    0x00, 0x04, 0x00, 0x03, 0x02, 0x04, 0x03, 0x61, 0x00, 0x05, 0x05, 0x00, 0x5b, 0x00, 0x00, 0x00,
    0x1e, 0x4b, 0x00, 0x02, 0x02, 0x01, 0x5b, 0x00, 0x01, 0x01, 0x1f, 0x01, 0x4c, 0x22, 0x25, 0x22,
    0x29, 0x25, 0x21, 0x06, 0x07, 0x1a, 0x2b, 0x13, 0x36, 0x33, 0x32, 0x16, 0x1d, 0x01, 0x14, 0x06,
    0x23, 0x22, 0x27, 0x26, 0x36, 0x3f, 0x01, 0x36, 0x16, 0x17, 0x16, 0x33, 0x32, 0x3d, 0x01, 0x23,
    0x22, 0x26, 0x3d, 0x01, 0x34, 0x36, 0x3b, 0x01, 0x35, 0x34, 0x23, 0x22, 0x07, 0x0e, 0x01, 0x2f,
    0x01, 0x2e, 0x01, 0x16, 0x42, 0xe2, 0x93, 0xa1, 0xa1, 0x93, 0xe2, 0x42, 0x08, 0x0d, 0x16, 0x62,
    0x17, 0x17, 0x08, 0x1a, 0x57, 0x6e, 0xa7, 0x18, 0x12, 0x12, 0x18, 0xa7, 0x6e, 0x57, 0x1a, 0x08,
    0x17, 0x17, 0x62, 0x16, 0x0d, 0x02, 0x26, 0xaf, 0x95, 0x83, 0xb4, 0x83, 0x95, 0xaf, 0x16, 0x19,
    0x07, 0x23, 0x08, 0x0c, 0x17, 0x41, 0x60, 0x15, 0x13, 0x18, 0x54, 0x18, 0x13, 0x11, 0x5c, 0x41,
    0x17, 0x0c, 0x08, 0x23, 0x07, 0x19, 0x00, 0x00, 0x00, 0x02, 0x00, 0x32, 0xff, 0xf1, 0x03, 0xa7,
    0x02, 0xd5, 0x00, 0x21, 0x00, 0x2d, 0x00, 0x5f, 0x4b, 0xb0, 0x10, 0x50, 0x58, 0x40, 0x1f, 0x00,
    0x05, 0x00, 0x02, 0x07, 0x05, 0x02, 0x61, 0x00, 0x06, 0x06, 0x00, 0x5b, 0x04, 0x01, 0x00, 0x00,
    0x1e, 0x4b, 0x00, 0x07, 0x07, 0x01, 0x5b, 0x03, 0x01, 0x01, 0x01, 0x1f, 0x01, 0x4c, 0x1b, 0x40,
    0x27, 0x00, 0x05, 0x00, 0x02, 0x07, 0x05, 0x02, 0x61, 0x00, 0x04, 0x04, 0x19, 0x4b, 0x00, 0x06,
    0x06, 0x00, 0x5b, 0x00, 0x00, 0x00, 0x1e, 0x4b, 0x00, 0x03, 0x03, 0x18, 0x4b, 0x00, 0x07, 0x07,
    0x01, 0x5b, 0x00, 0x01, 0x01, 0x1f, 0x01, 0x4c, 0x59, 0x40, 0x0b, 0x25, 0x22, 0x13, 0x35, 0x33,
    0x13, 0x25, 0x22, 0x08, 0x07, 0x1c, 0x2b, 0x01, 0x34, 0x36, 0x33, 0x32, 0x16, 0x1d, 0x01, 0x14,
    0x06, 0x23, 0x22, 0x26, 0x3d, 0x01, 0x23, 0x15, 0x14, 0x06, 0x2b, 0x01, 0x22, 0x26, 0x35, 0x11,
    0x34, 0x36, 0x3b, 0x01, 0x32, 0x16, 0x1d, 0x01, 0x33, 0x25, 0x34, 0x23, 0x22, 0x06, 0x1d, 0x01,
    0x14, 0x16, 0x33, 0x32, 0x35, 0x01, 0x52, 0x9e, 0x8b, 0x90, 0x9c, 0x9c, 0x90, 0x8b, 0x9f, 0x59,
    0x12, 0x18, 0x71, 0x18, 0x13, 0x13, 0x18, 0x71, 0x18, 0x12, 0x5a, 0x01, 0x8f, 0x66, 0x30, 0x34,
    0x34, 0x30, 0x66, 0x01, 0xd3, 0x79, 0x89, 0x95, 0x83, 0xb4, 0x83, 0x95, 0x8e, 0x7b, 0x16, 0xe6,
    0x17, 0x13, 0x13, 0x17, 0x02, 0x72, 0x17, 0x13, 0x13, 0x17, 0xdd, 0x08, 0x5f, 0x31, 0x2e, 0xc8,
    0x2e, 0x31, 0x5f, 0x00, 0x00, 0x02, 0x00, 0x1a, 0x00, 0x00, 0x02, 0x62, 0x02, 0xc6, 0x00, 0x1f,
    0x00, 0x27, 0x00, 0x32, 0x40, 0x2f, 0x1e, 0x01, 0x02, 0x05, 0x01, 0x4a, 0x00, 0x05, 0x00, 0x02,
    0x01, 0x05, 0x02, 0x63, 0x06, 0x01, 0x04, 0x04, 0x00, 0x59, 0x00, 0x00, 0x00, 0x19, 0x4b, 0x03,
    0x01, 0x01, 0x01, 0x18, 0x01, 0x4c, 0x21, 0x20, 0x26, 0x24, 0x20, 0x27, 0x21, 0x27, 0x35, 0x23,
    0x35, 0x32, 0x07, 0x07, 0x18, 0x2b, 0x13, 0x34, 0x36, 0x33, 0x21, 0x32, 0x16, 0x15, 0x11, 0x14,
    0x06, 0x2b, 0x01, 0x22, 0x26, 0x3d, 0x01, 0x23, 0x22, 0x06, 0x0f, 0x01, 0x0e, 0x01, 0x2b, 0x01,
    0x22, 0x3f, 0x01, 0x36, 0x37, 0x26, 0x25, 0x22, 0x06, 0x15, 0x14, 0x3b, 0x01, 0x35, 0x22, 0x85,
    0x73, 0x01, 0x1e, 0x17, 0x13, 0x13, 0x17, 0x72, 0x17, 0x13, 0x1b, 0x22, 0x1f, 0x0c, 0x3b, 0x0b,
    0x24, 0x29, 0x6d, 0x31, 0x17, 0x52, 0x0e, 0x0e, 0x66, 0x01, 0x0f, 0x20, 0x22, 0x42, 0x6b, 0x01,
    0xd5, 0x73, 0x7e, 0x13, 0x17, 0xfd, 0x8e, 0x17, 0x13, 0x13, 0x17, 0xc2, 0x16, 0x1d, 0x8f, 0x1a,
    0x10, 0x31, 0xab, 0x1a, 0x14, 0x3c, 0xd1, 0x23, 0x1e, 0x40, 0x81, 0x00, 0x00, 0x02, 0x00, 0x05,
    0x00, 0x00, 0x02, 0xac, 0x02, 0xc6, 0x00, 0x17, 0x00, 0x21, 0x00, 0x25, 0x40, 0x22, 0x00, 0x05,
    0x00, 0x01, 0x00, 0x05, 0x01, 0x61, 0x00, 0x04, 0x04, 0x03, 0x59, 0x00, 0x03, 0x03, 0x19, 0x4b,
    0x02, 0x01, 0x00, 0x00, 0x18, 0x00, 0x4c, 0x13, 0x17, 0x34, 0x33, 0x13, 0x31, 0x06, 0x07, 0x1a,
    0x2b, 0x25, 0x16, 0x2b, 0x01, 0x22, 0x26, 0x2f, 0x01, 0x23, 0x07, 0x0e, 0x01, 0x2b, 0x01, 0x22,
    0x37, 0x13, 0x3e, 0x01, 0x3b, 0x01, 0x32, 0x16, 0x17, 0x03, 0x2e, 0x01, 0x2f, 0x01, 0x23, 0x16,
    0x0f, 0x01, 0x33, 0x02, 0xac, 0x0f, 0x2c, 0x6c, 0x26, 0x1f, 0x06, 0x17, 0xd8, 0x17, 0x08, 0x1d,
    0x24, 0x69, 0x2a, 0x0f, 0xe6, 0x07, 0x16, 0x17, 0x72, 0x16, 0x17, 0x07, 0x56, 0x09, 0x0b, 0x01,
    0x01, 0x0a, 0x01, 0x14, 0x25, 0x7d, 0x29, 0x29, 0x12, 0x18, 0x48, 0x48, 0x18, 0x12, 0x29, 0x02,
    0x7a, 0x15, 0x0e, 0x0e, 0x13, 0xfe, 0xdf, 0x1e, 0x46, 0x14, 0x14, 0x48, 0x43, 0x76, 0x00, 0x00,
    0x00, 0x02, 0x00, 0x32, 0x00, 0x00, 0x02, 0x70, 0x02, 0xc7, 0x00, 0x18, 0x00, 0x1f, 0x00, 0x34,
    0x40, 0x31, 0x00, 0x02, 0x00, 0x04, 0x05, 0x02, 0x04, 0x61, 0x00, 0x01, 0x01, 0x00, 0x59, 0x06,
    0x01, 0x00, 0x00, 0x17, 0x4b, 0x00, 0x05, 0x05, 0x03, 0x59, 0x00, 0x03, 0x03, 0x18, 0x03, 0x4c,
    0x01, 0x00, 0x1f, 0x1d, 0x1c, 0x1a, 0x12, 0x0f, 0x0b, 0x09, 0x08, 0x06, 0x00, 0x18, 0x01, 0x17,
    0x07, 0x07, 0x14, 0x2b, 0x01, 0x32, 0x16, 0x1d, 0x01, 0x14, 0x06, 0x23, 0x21, 0x15, 0x33, 0x32,
    0x16, 0x15, 0x14, 0x06, 0x23, 0x21, 0x22, 0x26, 0x35, 0x11, 0x34, 0x36, 0x33, 0x01, 0x34, 0x2b,
    0x01, 0x15, 0x33, 0x32, 0x02, 0x16, 0x17, 0x13, 0x13, 0x17, 0xfe, 0xe2, 0x8f, 0x6a, 0x7f, 0x7f,
    0x6a, 0xfe, 0xd5, 0x17, 0x13, 0x13, 0x18, 0x01, 0x49, 0x49, 0x65, 0x65, 0x49, 0x02, 0xc7, 0x13,
    0x18, 0x4e, 0x18, 0x12, 0x59, 0x7b, 0x6b, 0x69, 0x7c, 0x12, 0x16, 0x02, 0x74, 0x18, 0x13, 0xfe,
    0x1f, 0x42, 0x85, 0x00, 0x00, 0x03, 0x00, 0x32, 0x00, 0x00, 0x02, 0x7c, 0x02, 0xc7, 0x00, 0x13,
    0x00, 0x1a, 0x00, 0x21, 0x00, 0x3a, 0x40, 0x37, 0x05, 0x01, 0x04, 0x03, 0x01, 0x4a, 0x00, 0x03,
    0x00, 0x04, 0x05, 0x03, 0x04, 0x61, 0x00, 0x02, 0x02, 0x00, 0x59, 0x06, 0x01, 0x00, 0x00, 0x17,
    0x4b, 0x00, 0x05, 0x05, 0x01, 0x59, 0x00, 0x01, 0x01, 0x18, 0x01, 0x4c, 0x01, 0x00, 0x21, 0x1f,
    0x1e, 0x1c, 0x1a, 0x18, 0x17, 0x15, 0x0d, 0x0a, 0x00, 0x13, 0x01, 0x12, 0x07, 0x07, 0x14, 0x2b,
    0x01, 0x32, 0x16, 0x15, 0x14, 0x07, 0x15, 0x16, 0x15, 0x14, 0x06, 0x23, 0x21, 0x22, 0x26, 0x35,
    0x11, 0x34, 0x36, 0x33, 0x05, 0x34, 0x2b, 0x01, 0x15, 0x33, 0x32, 0x17, 0x34, 0x2b, 0x01, 0x15,
    0x33, 0x32, 0x01, 0x82, 0x68, 0x75, 0x48, 0x65, 0x89, 0x6d, 0xfe, 0xd7, 0x18, 0x13, 0x13, 0x18,
    0x01, 0x39, 0x3d, 0x61, 0x61, 0x3d, 0x16, 0x40, 0x74, 0x74, 0x40, 0x02, 0xc7, 0x63, 0x5b, 0x62,
    0x31, 0x04, 0x2c, 0x80, 0x5e, 0x68, 0x13, 0x17, 0x02, 0x72, 0x18, 0x13, 0xd9, 0x38, 0x6e, 0xdb,
    0x3a, 0x75, 0x00, 0x00, 0x00, 0x01, 0x00, 0x32, 0x00, 0x00, 0x02, 0x08, 0x02, 0xc6, 0x00, 0x14,
    0x00, 0x21, 0x40, 0x1e, 0x00, 0x01, 0x01, 0x00, 0x59, 0x03, 0x01, 0x00, 0x00, 0x19, 0x4b, 0x00,
    0x02, 0x02, 0x18, 0x02, 0x4c, 0x01, 0x00, 0x0e, 0x0b, 0x08, 0x06, 0x00, 0x14, 0x01, 0x13, 0x04,
    0x07, 0x14, 0x2b, 0x01, 0x32, 0x16, 0x1d, 0x01, 0x14, 0x06, 0x2b, 0x01, 0x11, 0x14, 0x06, 0x2b,
    0x01, 0x22, 0x26, 0x35, 0x11, 0x34, 0x36, 0x33, 0x01, 0xdd, 0x18, 0x13, 0x13, 0x18, 0xe5, 0x12,
    0x18, 0x71, 0x18, 0x13, 0x13, 0x18, 0x02, 0xc6, 0x13, 0x17, 0x5a, 0x18, 0x13, 0xfe, 0x13, 0x17,
    0x13, 0x13, 0x17, 0x02, 0x72, 0x17, 0x13, 0x00, 0x00, 0x02, 0x00, 0x11, 0xff, 0x67, 0x03, 0x05,
    0x02, 0xc6, 0x00, 0x26, 0x00, 0x2c, 0x00, 0x38, 0x40, 0x35, 0x04, 0x01, 0x02, 0x01, 0x02, 0x51,
    0x00, 0x07, 0x07, 0x00, 0x59, 0x08, 0x01, 0x00, 0x00, 0x19, 0x4b, 0x06, 0x05, 0x02, 0x01, 0x01,
    0x03, 0x59, 0x00, 0x03, 0x03, 0x18, 0x03, 0x4c, 0x01, 0x00, 0x2c, 0x2b, 0x2a, 0x29, 0x1f, 0x1d,
    0x18, 0x15, 0x12, 0x11, 0x0e, 0x0b, 0x06, 0x04, 0x00, 0x26, 0x01, 0x25, 0x09, 0x07, 0x14, 0x2b,
    0x01, 0x32, 0x16, 0x15, 0x11, 0x33, 0x32, 0x16, 0x1d, 0x01, 0x14, 0x06, 0x2b, 0x01, 0x22, 0x26,
    0x3d, 0x01, 0x21, 0x15, 0x14, 0x06, 0x2b, 0x01, 0x22, 0x26, 0x3d, 0x01, 0x34, 0x36, 0x3b, 0x01,
    0x3e, 0x01, 0x3d, 0x01, 0x34, 0x36, 0x33, 0x13, 0x14, 0x07, 0x33, 0x11, 0x23, 0x02, 0x80, 0x18,
    0x13, 0x30, 0x18, 0x12, 0x12, 0x18, 0x6e, 0x18, 0x13, 0xfe, 0x92, 0x13, 0x17, 0x6f, 0x17, 0x13,
    0x13, 0x17, 0x16, 0x29, 0x27, 0x13, 0x18, 0x97, 0x2f, 0xb1, 0x82, 0x02, 0xc6, 0x13, 0x17, 0xfe,
    0x13, 0x12, 0x17, 0xf5, 0x17, 0x13, 0x13, 0x17, 0x6f, 0x6f, 0x17, 0x13, 0x13, 0x17, 0xf5, 0x17,
    0x12, 0x23, 0x75, 0x71, 0xe4, 0x17, 0x13, 0xfe, 0xf3, 0xa7, 0x63, 0x01, 0x68, 0x00, 0x00, 0x00,
    0x00, 0x01, 0x00, 0x32, 0x00, 0x00, 0x02, 0x33, 0x02, 0xc6, 0x00, 0x23, 0x00, 0x34, 0x40, 0x31,
    0x00, 0x02, 0x00, 0x03, 0x04, 0x02, 0x03, 0x61, 0x00, 0x01, 0x01, 0x00, 0x59, 0x06, 0x01, 0x00,
    0x00, 0x19, 0x4b, 0x00, 0x04, 0x04, 0x05, 0x59, 0x00, 0x05, 0x05, 0x18, 0x05, 0x4c, 0x01, 0x00,
    0x1d, 0x1a, 0x15, 0x13, 0x12, 0x10, 0x0b, 0x09, 0x08, 0x06, 0x00, 0x23, 0x01, 0x22, 0x07, 0x07,
    0x14, 0x2b, 0x01, 0x32, 0x16, 0x1d, 0x01, 0x14, 0x06, 0x23, 0x21, 0x15, 0x33, 0x32, 0x16, 0x1d,
    0x01, 0x14, 0x06, 0x2b, 0x01, 0x15, 0x21, 0x32, 0x16, 0x1d, 0x01, 0x14, 0x06, 0x23, 0x21, 0x22,
    0x26, 0x35, 0x11, 0x34, 0x36, 0x33, 0x02, 0x00, 0x18, 0x13, 0x13, 0x18, 0xfe, 0xf8, 0xd3, 0x18,
    0x13, 0x13, 0x18, 0xd3, 0x01, 0x11, 0x17, 0x13, 0x13, 0x17, 0xfe, 0x54, 0x18, 0x13, 0x13, 0x18,
    0x02, 0xc6, 0x13, 0x17, 0x5a, 0x18, 0x13, 0x59, 0x13, 0x17, 0x5a, 0x18, 0x13, 0x60, 0x12, 0x18,
    0x5b, 0x17, 0x13, 0x13, 0x17, 0x02, 0x72, 0x17, 0x13, 0x00, 0x00, 0x00, 0x00, 0x01, 0x00, 0x07,
    0x00, 0x00, 0x03, 0xcb, 0x02, 0xc6, 0x00, 0x46, 0x00, 0x3f, 0x40, 0x3c, 0x2b, 0x04, 0x02, 0x02,
    0x07, 0x01, 0x4a, 0x09, 0x01, 0x07, 0x04, 0x01, 0x02, 0x01, 0x07, 0x02, 0x63, 0x08, 0x06, 0x0a,
    0x03, 0x00, 0x00, 0x19, 0x4b, 0x05, 0x03, 0x02, 0x01, 0x01, 0x18, 0x01, 0x4c, 0x01, 0x00, 0x41,
    0x3f, 0x3c, 0x39, 0x35, 0x34, 0x30, 0x2d, 0x26, 0x23, 0x1e, 0x1c, 0x19, 0x16, 0x12, 0x11, 0x0c,
    0x09, 0x00, 0x46, 0x01, 0x45, 0x0b, 0x07, 0x14, 0x2b, 0x01, 0x32, 0x16, 0x07, 0x03, 0x16, 0x1f,
    0x01, 0x16, 0x06, 0x2b, 0x01, 0x22, 0x26, 0x2f, 0x01, 0x2e, 0x01, 0x2b, 0x01, 0x15, 0x14, 0x06,
    0x2b, 0x01, 0x22, 0x26, 0x3d, 0x01, 0x23, 0x22, 0x06, 0x0f, 0x01, 0x0e, 0x01, 0x2b, 0x01, 0x22,
    0x26, 0x3f, 0x01, 0x36, 0x37, 0x03, 0x26, 0x3b, 0x01, 0x32, 0x16, 0x1f, 0x01, 0x36, 0x3b, 0x01,
    0x35, 0x34, 0x36, 0x3b, 0x01, 0x32, 0x16, 0x1d, 0x01, 0x33, 0x32, 0x17, 0x37, 0x3e, 0x01, 0x33,
    0x03, 0xa3, 0x16, 0x0d, 0x0b, 0xa0, 0x18, 0x15, 0x7e, 0x0b, 0x0d, 0x18, 0x6c, 0x29, 0x24, 0x0c,
    0x52, 0x0c, 0x19, 0x1c, 0x08, 0x13, 0x17, 0x72, 0x17, 0x13, 0x08, 0x1b, 0x1a, 0x0c, 0x52, 0x0c,
    0x24, 0x29, 0x6c, 0x18, 0x0d, 0x0b, 0x7e, 0x15, 0x18, 0xa0, 0x15, 0x2d, 0x73, 0x28, 0x1c, 0x0c,
    0x76, 0x09, 0x0d, 0x08, 0x13, 0x17, 0x72, 0x17, 0x13, 0x08, 0x0e, 0x08, 0x76, 0x0c, 0x1c, 0x28,
    0x02, 0xc6, 0x18, 0x14, 0xfe, 0xd4, 0x1a, 0x29, 0xfa, 0x14, 0x1d, 0x10, 0x1a, 0xb8, 0x1a, 0x14,
    0xe6, 0x17, 0x13, 0x13, 0x17, 0xe6, 0x14, 0x1a, 0xb8, 0x1a, 0x10, 0x1d, 0x14, 0xfa, 0x29, 0x1a,
    0x01, 0x2c, 0x2c, 0x0d, 0x18, 0xe4, 0x01, 0xde, 0x17, 0x13, 0x13, 0x17, 0xde, 0x01, 0xe4, 0x18,
    0x0d, 0x00, 0x00, 0x00, 0x00, 0x01, 0x00, 0x13, 0xff, 0xf1, 0x02, 0x70, 0x02, 0xd5, 0x00, 0x30,
    0x00, 0x2f, 0x40, 0x2c, 0x02, 0x01, 0x02, 0x03, 0x01, 0x4a, 0x00, 0x03, 0x00, 0x02, 0x01, 0x03,
    0x02, 0x61, 0x00, 0x04, 0x04, 0x05, 0x5b, 0x00, 0x05, 0x05, 0x1e, 0x4b, 0x00, 0x01, 0x01, 0x00,
    0x5b, 0x00, 0x00, 0x00, 0x1f, 0x00, 0x4c, 0x28, 0x23, 0x35, 0x33, 0x29, 0x26, 0x06, 0x07, 0x1a,
    0x2b, 0x01, 0x14, 0x07, 0x1e, 0x01, 0x15, 0x14, 0x21, 0x22, 0x27, 0x26, 0x36, 0x3f, 0x01, 0x36,
    0x16, 0x17, 0x16, 0x33, 0x32, 0x36, 0x34, 0x26, 0x2b, 0x01, 0x22, 0x26, 0x3d, 0x01, 0x34, 0x36,
    0x3b, 0x01, 0x32, 0x36, 0x35, 0x34, 0x23, 0x22, 0x07, 0x0e, 0x01, 0x2f, 0x01, 0x26, 0x37, 0x36,
    0x33, 0x20, 0x02, 0x58, 0x4e, 0x3a, 0x2c, 0xfe, 0xe5, 0xfe, 0x42, 0x08, 0x0d, 0x16, 0x62, 0x17,
    0x17, 0x08, 0x1a, 0x63, 0x32, 0x29, 0x1e, 0x20, 0x5f, 0x18, 0x13, 0x13, 0x18, 0x4f, 0x1f, 0x1e,
    0x4e, 0x5d, 0x19, 0x09, 0x16, 0x17, 0x63, 0x29, 0x0f, 0x40, 0xfc, 0x01, 0x04, 0x02, 0x05, 0x66,
    0x2b, 0x1b, 0x53, 0x3c, 0xd9, 0xaf, 0x16, 0x19, 0x07, 0x23, 0x08, 0x0c, 0x17, 0x41, 0x1c, 0x3e,
    0x1c, 0x13, 0x17, 0x53, 0x18, 0x13, 0x1a, 0x1d, 0x37, 0x41, 0x17, 0x0b, 0x07, 0x23, 0x0e, 0x28,
    0xaf, 0x00, 0x00, 0x00, 0x00, 0x01, 0x00, 0x32, 0x00, 0x00, 0x02, 0x8f, 0x02, 0xc7, 0x00, 0x31,
    0x00, 0x27, 0x40, 0x24, 0x2b, 0x14, 0x02, 0x01, 0x00, 0x01, 0x4a, 0x03, 0x04, 0x02, 0x00, 0x00,
    0x17, 0x4b, 0x02, 0x01, 0x01, 0x01, 0x18, 0x01, 0x4c, 0x01, 0x00, 0x25, 0x22, 0x1d, 0x1a, 0x09,
    0x06, 0x00, 0x31, 0x01, 0x30, 0x05, 0x07, 0x14, 0x2b, 0x01, 0x32, 0x16, 0x15, 0x11, 0x14, 0x06,
    0x2b, 0x01, 0x22, 0x26, 0x3d, 0x01, 0x34, 0x3e, 0x05, 0x37, 0x23, 0x0e, 0x01, 0x0f, 0x01, 0x06,
    0x2b, 0x01, 0x22, 0x26, 0x35, 0x11, 0x34, 0x36, 0x3b, 0x01, 0x32, 0x16, 0x1d, 0x01, 0x14, 0x06,
    0x07, 0x33, 0x36, 0x3f, 0x01, 0x36, 0x33, 0x02, 0x64, 0x18, 0x13, 0x13, 0x18, 0x70, 0x18, 0x13,
    0x01, 0x04, 0x02, 0x09, 0x05, 0x0e, 0x03, 0x08, 0x1c, 0x21, 0x21, 0x8a, 0x0b, 0x1e, 0x79, 0x18,
    0x13, 0x13, 0x18, 0x71, 0x18, 0x12, 0x0d, 0x18, 0x07, 0x36, 0x2a, 0x88, 0x0d, 0x1d, 0x02, 0xc7,
    0x13, 0x18, 0xfd, 0x8e, 0x17, 0x13, 0x13, 0x18, 0xaa, 0x18, 0x25, 0x26, 0x15, 0x29, 0x12, 0x38,
    0x0d, 0x4d, 0x4a, 0x37, 0xeb, 0x14, 0x13, 0x17, 0x02, 0x72, 0x17, 0x13, 0x13, 0x17, 0xab, 0x51,
    0x56, 0x50, 0x89, 0x47, 0xe9, 0x14, 0x00, 0x00, 0x00, 0x02, 0x00, 0x32, 0x00, 0x00, 0x02, 0x8f,
    0x03, 0x9e, 0x00, 0x15, 0x00, 0x47, 0x00, 0x31, 0x40, 0x2e, 0x41, 0x2a, 0x02, 0x03, 0x02, 0x01,
    0x4a, 0x00, 0x01, 0x00, 0x00, 0x02, 0x01, 0x00, 0x63, 0x05, 0x06, 0x02, 0x02, 0x02, 0x17, 0x4b,
    0x04, 0x01, 0x03, 0x03, 0x18, 0x03, 0x4c, 0x17, 0x16, 0x3b, 0x38, 0x33, 0x30, 0x1f, 0x1c, 0x16,
    0x47, 0x17, 0x46, 0x29, 0x21, 0x07, 0x07, 0x16, 0x2b, 0x01, 0x06, 0x23, 0x22, 0x27, 0x26, 0x36,
    0x3f, 0x01, 0x36, 0x16, 0x17, 0x16, 0x33, 0x32, 0x37, 0x3e, 0x01, 0x1f, 0x01, 0x1e, 0x01, 0x17,
    0x32, 0x16, 0x15, 0x11, 0x14, 0x06, 0x2b, 0x01, 0x22, 0x26, 0x3d, 0x01, 0x34, 0x3e, 0x05, 0x37,
    0x23, 0x0e, 0x01, 0x0f, 0x01, 0x06, 0x2b, 0x01, 0x22, 0x26, 0x35, 0x11, 0x34, 0x36, 0x3b, 0x01,
    0x32, 0x16, 0x1d, 0x01, 0x14, 0x06, 0x07, 0x33, 0x36, 0x3f, 0x01, 0x36, 0x33, 0x02, 0x2f, 0x2e,
    0x9c, 0x9a, 0x2e, 0x06, 0x09, 0x11, 0x4b, 0x12, 0x11, 0x08, 0x15, 0x29, 0x28, 0x16, 0x09, 0x0e,
    0x11, 0x50, 0x11, 0x09, 0x2f, 0x18, 0x13, 0x13, 0x18, 0x70, 0x18, 0x13, 0x01, 0x04, 0x02, 0x09,
    0x05, 0x0e, 0x03, 0x08, 0x1c, 0x21, 0x21, 0x8a, 0x0b, 0x1e, 0x79, 0x18, 0x13, 0x13, 0x18, 0x71,
    0x18, 0x12, 0x0d, 0x18, 0x07, 0x36, 0x2a, 0x88, 0x0d, 0x1d, 0x03, 0x5b, 0x70, 0x70, 0x0f, 0x0f,
    0x07, 0x1a, 0x06, 0x05, 0x0e, 0x22, 0x22, 0x0e, 0x05, 0x05, 0x1b, 0x06, 0x10, 0xa3, 0x13, 0x18,
    0xfd, 0x8e, 0x17, 0x13, 0x13, 0x18, 0xaa, 0x18, 0x25, 0x26, 0x15, 0x29, 0x12, 0x38, 0x0d, 0x4d,
    0x4a, 0x37, 0xeb, 0x14, 0x13, 0x17, 0x02, 0x72, 0x17, 0x13, 0x13, 0x17, 0xab, 0x51, 0x56, 0x50,
    0x89, 0x47, 0xe9, 0x14, 0x00, 0x01, 0x00, 0x32, 0x00, 0x00, 0x02, 0x89, 0x02, 0xc6, 0x00, 0x29,
    0x00, 0x27, 0x40, 0x24, 0x27, 0x01, 0x01, 0x04, 0x01, 0x4a, 0x00, 0x04, 0x00, 0x01, 0x00, 0x04,
    0x01, 0x63, 0x05, 0x01, 0x03, 0x03, 0x19, 0x4b, 0x02, 0x01, 0x00, 0x00, 0x18, 0x00, 0x4c, 0x33,
    0x13, 0x35, 0x33, 0x25, 0x32, 0x06, 0x07, 0x1a, 0x2b, 0x25, 0x16, 0x06, 0x2b, 0x01, 0x22, 0x26,
    0x2f, 0x01, 0x2e, 0x01, 0x2b, 0x01, 0x15, 0x14, 0x06, 0x2b, 0x01, 0x22, 0x26, 0x35, 0x11, 0x34,
    0x36, 0x3b, 0x01, 0x32, 0x16, 0x1d, 0x01, 0x33, 0x37, 0x3e, 0x01, 0x3b, 0x01, 0x32, 0x16, 0x07,
    0x03, 0x16, 0x17, 0x02, 0x84, 0x0b, 0x0d, 0x18, 0x6c, 0x29, 0x24, 0x0c, 0x57, 0x0d, 0x1c, 0x1b,
    0x12, 0x12, 0x18, 0x71, 0x18, 0x13, 0x13, 0x18, 0x71, 0x18, 0x12, 0x16, 0x90, 0x0f, 0x1b, 0x26,
    0x73, 0x17, 0x0d, 0x0c, 0xb6, 0x23, 0x1a, 0x31, 0x14, 0x1d, 0x10, 0x1a, 0xb3, 0x1b, 0x17, 0xe5,
    0x17, 0x13, 0x13, 0x17, 0x02, 0x72, 0x17, 0x13, 0x13, 0x17, 0xde, 0xe3, 0x18, 0x0d, 0x18, 0x14,
    0xfe, 0xde, 0x19, 0x34, 0x00, 0x01, 0x00, 0x00, 0xff, 0xf2, 0x02, 0x88, 0x02, 0xc6, 0x00, 0x23,
    0x00, 0x21, 0x40, 0x1e, 0x00, 0x02, 0x02, 0x00, 0x59, 0x03, 0x01, 0x00, 0x00, 0x19, 0x4b, 0x00,
    0x01, 0x01, 0x18, 0x01, 0x4c, 0x01, 0x00, 0x0d, 0x0c, 0x09, 0x06, 0x00, 0x23, 0x01, 0x22, 0x04,
    0x07, 0x14, 0x2b, 0x01, 0x32, 0x16, 0x15, 0x11, 0x14, 0x06, 0x2b, 0x01, 0x22, 0x26, 0x35, 0x11,
    0x23, 0x15, 0x14, 0x0e, 0x02, 0x07, 0x06, 0x26, 0x2f, 0x01, 0x26, 0x36, 0x37, 0x3e, 0x03, 0x3d,
    0x01, 0x34, 0x36, 0x33, 0x02, 0x5d, 0x18, 0x13, 0x13, 0x18, 0x71, 0x18, 0x12, 0x78, 0x1e, 0x3d,
    0x45, 0x31, 0x15, 0x18, 0x0c, 0x39, 0x0b, 0x09, 0x16, 0x1a, 0x21, 0x21, 0x10, 0x13, 0x18, 0x02,
    0xc6, 0x13, 0x17, 0xfd, 0x8e, 0x17, 0x13, 0x13, 0x17, 0x01, 0xed, 0x5e, 0x6a, 0x9b, 0x65, 0x3e,
    0x18, 0x0b, 0x09, 0x16, 0x66, 0x15, 0x19, 0x0c, 0x0f, 0x1f, 0x3a, 0x5f, 0x44, 0xe4, 0x17, 0x13,
    0x00, 0x01, 0x00, 0x32, 0x00, 0x00, 0x03, 0x07, 0x02, 0xc7, 0x00, 0x35, 0x00, 0x3a, 0x40, 0x37,
    0x31, 0x01, 0x03, 0x02, 0x01, 0x4a, 0x00, 0x03, 0x02, 0x01, 0x02, 0x03, 0x01, 0x70, 0x04, 0x01,
    0x02, 0x02, 0x00, 0x59, 0x06, 0x07, 0x02, 0x00, 0x00, 0x17, 0x4b, 0x05, 0x01, 0x01, 0x01, 0x18,
    0x01, 0x4c, 0x01, 0x00, 0x2e, 0x2b, 0x26, 0x23, 0x1e, 0x1d, 0x18, 0x15, 0x0f, 0x0e, 0x09, 0x06,
    0x00, 0x35, 0x01, 0x34, 0x08, 0x07, 0x14, 0x2b, 0x01, 0x32, 0x16, 0x15, 0x11, 0x14, 0x06, 0x2b,
    0x01, 0x22, 0x26, 0x3d, 0x01, 0x34, 0x37, 0x23, 0x0e, 0x01, 0x0f, 0x01, 0x0e, 0x01, 0x2b, 0x01,
    0x22, 0x26, 0x2f, 0x01, 0x26, 0x27, 0x23, 0x16, 0x1d, 0x01, 0x14, 0x06, 0x2b, 0x01, 0x22, 0x26,
    0x35, 0x11, 0x34, 0x36, 0x3b, 0x01, 0x32, 0x16, 0x17, 0x1b, 0x01, 0x3e, 0x01, 0x33, 0x02, 0xdc,
    0x18, 0x13, 0x13, 0x18, 0x6d, 0x18, 0x12, 0x2c, 0x0b, 0x08, 0x2c, 0x0f, 0x38, 0x09, 0x14, 0x13,
    0x43, 0x14, 0x14, 0x08, 0x3b, 0x1f, 0x1f, 0x0a, 0x29, 0x13, 0x18, 0x66, 0x18, 0x13, 0x13, 0x18,
    0x5e, 0x1a, 0x16, 0x0b, 0xa5, 0xa5, 0x0a, 0x15, 0x19, 0x02, 0xc7, 0x12, 0x18, 0xfd, 0x8c, 0x17,
    0x12, 0x12, 0x17, 0x8f, 0x6c, 0x9a, 0x1a, 0x6e, 0x1d, 0x71, 0x10, 0x0d, 0x0c, 0x11, 0x71, 0x38,
    0x6d, 0xa4, 0x63, 0x8e, 0x17, 0x12, 0x12, 0x17, 0x02, 0x74, 0x18, 0x12, 0x0c, 0x13, 0xfe, 0xbc,
    0x01, 0x43, 0x14, 0x0c, 0x00, 0x01, 0x00, 0x32, 0x00, 0x00, 0x02, 0x80, 0x02, 0xc7, 0x00, 0x23,
    0x00, 0x2c, 0x40, 0x29, 0x00, 0x05, 0x00, 0x02, 0x01, 0x05, 0x02, 0x61, 0x04, 0x06, 0x02, 0x00,
    0x00, 0x17, 0x4b, 0x03, 0x01, 0x01, 0x01, 0x18, 0x01, 0x4c, 0x01, 0x00, 0x1f, 0x1e, 0x1b, 0x18,
    0x13, 0x10, 0x0d, 0x0c, 0x09, 0x06, 0x00, 0x23, 0x01, 0x22, 0x07, 0x07, 0x14, 0x2b, 0x01, 0x32,
    0x16, 0x15, 0x11, 0x14, 0x06, 0x2b, 0x01, 0x22, 0x26, 0x3d, 0x01, 0x23, 0x15, 0x14, 0x06, 0x2b,
    0x01, 0x22, 0x26, 0x35, 0x11, 0x34, 0x36, 0x3b, 0x01, 0x32, 0x16, 0x1d, 0x01, 0x33, 0x35, 0x34,
    0x36, 0x33, 0x02, 0x56, 0x17, 0x13, 0x13, 0x17, 0x72, 0x17, 0x13, 0xc2, 0x12, 0x18, 0x71, 0x18,
    0x13, 0x13, 0x18, 0x71, 0x18, 0x12, 0xc2, 0x13, 0x17, 0x02, 0xc7, 0x13, 0x18, 0xfd, 0x8e, 0x17,
    0x13, 0x13, 0x17, 0xe6, 0xe6, 0x17, 0x13, 0x13, 0x17, 0x02, 0x72, 0x18, 0x13, 0x13, 0x18, 0xdd,
    0xdd, 0x18, 0x13, 0x00, 0x00, 0x02, 0x00, 0x21, 0xff, 0xf1, 0x02, 0x88, 0x02, 0xd5, 0x00, 0x0d,
    0x00, 0x1b, 0x00, 0x1f, 0x40, 0x1c, 0x00, 0x02, 0x02, 0x00, 0x5b, 0x00, 0x00, 0x00, 0x1e, 0x4b,
    0x00, 0x03, 0x03, 0x01, 0x5b, 0x00, 0x01, 0x01, 0x1f, 0x01, 0x4c, 0x25, 0x25, 0x25, 0x22, 0x04,
    0x07, 0x18, 0x2b, 0x13, 0x34, 0x36, 0x33, 0x32, 0x16, 0x1d, 0x01, 0x14, 0x06, 0x23, 0x22, 0x26,
    0x35, 0x25, 0x34, 0x26, 0x23, 0x22, 0x06, 0x1d, 0x01, 0x14, 0x16, 0x33, 0x32, 0x36, 0x35, 0x21,
    0xa1, 0x93, 0x92, 0xa1, 0xa1, 0x92, 0x93, 0xa1, 0x01, 0xa1, 0x39, 0x34, 0x35, 0x39, 0x39, 0x35,
    0x34, 0x39, 0x01, 0xbd, 0x83, 0x95, 0x95, 0x83, 0xb4, 0x83, 0x95, 0x95, 0x83, 0xbd, 0x2f, 0x31,
    0x31, 0x2f, 0xc6, 0x2f, 0x31, 0x31, 0x2f, 0x00, 0x00, 0x01, 0x00, 0x32, 0x00, 0x00, 0x02, 0x7b,
    0x02, 0xc6, 0x00, 0x19, 0x00, 0x24, 0x40, 0x21, 0x00, 0x02, 0x02, 0x00, 0x59, 0x04, 0x01, 0x00,
    0x00, 0x19, 0x4b, 0x03, 0x01, 0x01, 0x01, 0x18, 0x01, 0x4c, 0x01, 0x00, 0x13, 0x10, 0x0d, 0x0c,
    0x09, 0x06, 0x00, 0x19, 0x01, 0x18, 0x05, 0x07, 0x14, 0x2b, 0x01, 0x32, 0x16, 0x15, 0x11, 0x14,
    0x06, 0x2b, 0x01, 0x22, 0x26, 0x35, 0x11, 0x23, 0x11, 0x14, 0x06, 0x2b, 0x01, 0x22, 0x26, 0x35,
    0x11, 0x34, 0x36, 0x33, 0x02, 0x51, 0x17, 0x13, 0x13, 0x17, 0x72, 0x17, 0x13, 0xbd, 0x12, 0x18,
    0x71, 0x18, 0x13, 0x13, 0x18, 0x02, 0xc6, 0x13, 0x17, 0xfd, 0x8e, 0x17, 0x13, 0x13, 0x17, 0x01,
    0xed, 0xfe, 0x13, 0x17, 0x13, 0x13, 0x17, 0x02, 0x72, 0x17, 0x13, 0x00, 0x00, 0x02, 0x00, 0x32,
    0x00, 0x00, 0x02, 0x73, 0x02, 0xc6, 0x00, 0x13, 0x00, 0x1b, 0x00, 0x32, 0x40, 0x2f, 0x06, 0x01,
    0x03, 0x00, 0x01, 0x02, 0x03, 0x01, 0x61, 0x00, 0x04, 0x04, 0x00, 0x59, 0x05, 0x01, 0x00, 0x00,
    0x19, 0x4b, 0x00, 0x02, 0x02, 0x18, 0x02, 0x4c, 0x15, 0x14, 0x01, 0x00, 0x1a, 0x18, 0x14, 0x1b,
    0x15, 0x1b, 0x0d, 0x0a, 0x07, 0x05, 0x00, 0x13, 0x01, 0x12, 0x07, 0x07, 0x14, 0x2b, 0x01, 0x32,
    0x16, 0x15, 0x14, 0x06, 0x2b, 0x01, 0x15, 0x14, 0x06, 0x2b, 0x01, 0x22, 0x26, 0x35, 0x11, 0x34,
    0x36, 0x33, 0x13, 0x32, 0x36, 0x34, 0x26, 0x2b, 0x01, 0x15, 0x01, 0x71, 0x76, 0x8c, 0x8a, 0x76,
    0x7b, 0x12, 0x18, 0x71, 0x18, 0x13, 0x13, 0x18, 0xfe, 0x23, 0x28, 0x28, 0x23, 0x63, 0x02, 0xc6,
    0x84, 0x76, 0x75, 0x82, 0xab, 0x17, 0x13, 0x13, 0x17, 0x02, 0x72, 0x17, 0x13, 0xfe, 0xbe, 0x28,
    0x42, 0x29, 0x93, 0x00, 0x00, 0x01, 0x00, 0x21, 0xff, 0xf1, 0x02, 0x7b, 0x02, 0xd5, 0x00, 0x23,
    0x00, 0x1f, 0x40, 0x1c, 0x00, 0x01, 0x01, 0x00, 0x5b, 0x00, 0x00, 0x00, 0x1e, 0x4b, 0x00, 0x02,
    0x02, 0x03, 0x5b, 0x00, 0x03, 0x03, 0x1f, 0x03, 0x4c, 0x29, 0x25, 0x29, 0x22, 0x04, 0x07, 0x18,
    0x2b, 0x13, 0x34, 0x36, 0x33, 0x32, 0x17, 0x16, 0x06, 0x0f, 0x01, 0x06, 0x26, 0x27, 0x26, 0x23,
    0x22, 0x06, 0x1d, 0x01, 0x14, 0x16, 0x33, 0x32, 0x37, 0x3e, 0x01, 0x1f, 0x01, 0x1e, 0x01, 0x07,
    0x06, 0x23, 0x22, 0x26, 0x35, 0x21, 0xa1, 0x93, 0xe2, 0x42, 0x08, 0x0d, 0x16, 0x6b, 0x17, 0x17,
    0x08, 0x1a, 0x4e, 0x3a, 0x34, 0x34, 0x3a, 0x50, 0x18, 0x09, 0x16, 0x17, 0x6b, 0x16, 0x0d, 0x08,
    0x42, 0xe2, 0x93, 0xa1, 0x01, 0xbd, 0x83, 0x95, 0xaf, 0x16, 0x19, 0x07, 0x26, 0x07, 0x0b, 0x17,
    0x41, 0x33, 0x35, 0xb6, 0x35, 0x33, 0x41, 0x18, 0x0b, 0x08, 0x26, 0x07, 0x19, 0x16, 0xaf, 0x95,
    0x83, 0x00, 0x00, 0x00, 0x00, 0x01, 0x00, 0x0c, 0x00, 0x00, 0x02, 0x50, 0x02, 0xc6, 0x00, 0x19,
    0x00, 0x24, 0x40, 0x21, 0x03, 0x01, 0x01, 0x01, 0x00, 0x59, 0x04, 0x01, 0x00, 0x00, 0x19, 0x4b,
    0x00, 0x02, 0x02, 0x18, 0x02, 0x4c, 0x01, 0x00, 0x13, 0x11, 0x0e, 0x0b, 0x08, 0x06, 0x00, 0x19,
    0x01, 0x18, 0x05, 0x07, 0x14, 0x2b, 0x01, 0x32, 0x16, 0x1d, 0x01, 0x14, 0x06, 0x2b, 0x01, 0x11,
    0x14, 0x06, 0x2b, 0x01, 0x22, 0x26, 0x35, 0x11, 0x23, 0x22, 0x26, 0x3d, 0x01, 0x34, 0x36, 0x33,
    0x02, 0x25, 0x18, 0x13, 0x13, 0x18, 0x94, 0x13, 0x18, 0x71, 0x18, 0x12, 0x95, 0x18, 0x12, 0x12,
    0x18, 0x02, 0xc6, 0x13, 0x17, 0x5a, 0x18, 0x13, 0xfe, 0x13, 0x17, 0x13, 0x13, 0x17, 0x01, 0xed,
    0x13, 0x18, 0x5a, 0x17, 0x13, 0x00, 0x00, 0x00, 0x00, 0x01, 0x00, 0x02, 0x00, 0x00, 0x02, 0x6c,
    0x02, 0xc6, 0x00, 0x16, 0x00, 0x24, 0x40, 0x21, 0x12, 0x0a, 0x02, 0x01, 0x00, 0x01, 0x4a, 0x02,
    0x03, 0x02, 0x00, 0x00, 0x19, 0x4b, 0x00, 0x01, 0x01, 0x18, 0x01, 0x4c, 0x01, 0x00, 0x0f, 0x0c,
    0x08, 0x05, 0x00, 0x16, 0x01, 0x15, 0x04, 0x07, 0x14, 0x2b, 0x01, 0x32, 0x07, 0x01, 0x0e, 0x01,
    0x2b, 0x01, 0x22, 0x3f, 0x01, 0x03, 0x26, 0x3b, 0x01, 0x32, 0x16, 0x1f, 0x01, 0x37, 0x3e, 0x01,
    0x33, 0x02, 0x57, 0x27, 0x12, 0xfe, 0xf8, 0x0a, 0x1a, 0x21, 0x7f, 0x28, 0x13, 0x4b, 0xd4, 0x14,
    0x2c, 0x76, 0x26, 0x1d, 0x0a, 0x61, 0x5c, 0x09, 0x1a, 0x23, 0x02, 0xc6, 0x2a, 0xfd, 0x89, 0x17,
    0x0e, 0x2a, 0xa8, 0x01, 0xca, 0x2a, 0x0c, 0x19, 0xde, 0xde, 0x19, 0x0c, 0x00, 0x03, 0x00, 0x10,
    0xff, 0xeb, 0x03, 0x4e, 0x02, 0xdf, 0x00, 0x23, 0x00, 0x2b, 0x00, 0x33, 0x00, 0xc9, 0x4b, 0xb0,
    0x0a, 0x50, 0x58, 0x40, 0x21, 0x05, 0x01, 0x01, 0x08, 0x0b, 0x02, 0x06, 0x07, 0x01, 0x06, 0x63,
    0x09, 0x01, 0x07, 0x04, 0x01, 0x02, 0x03, 0x07, 0x02, 0x63, 0x0a, 0x01, 0x00, 0x00, 0x03, 0x59,
    0x00, 0x03, 0x03, 0x18, 0x03, 0x4c, 0x1b, 0x4b, 0xb0, 0x14, 0x50, 0x58, 0x40, 0x21, 0x05, 0x01,
    0x01, 0x08, 0x0b, 0x02, 0x06, 0x07, 0x01, 0x06, 0x63, 0x09, 0x01, 0x07, 0x04, 0x01, 0x02, 0x03,
    0x07, 0x02, 0x63, 0x0a, 0x01, 0x00, 0x00, 0x17, 0x4b, 0x00, 0x03, 0x03, 0x18, 0x03, 0x4c, 0x1b,
    0x4b, 0xb0, 0x17, 0x50, 0x58, 0x40, 0x21, 0x05, 0x01, 0x01, 0x08, 0x0b, 0x02, 0x06, 0x07, 0x01,
    0x06, 0x63, 0x09, 0x01, 0x07, 0x04, 0x01, 0x02, 0x03, 0x07, 0x02, 0x63, 0x0a, 0x01, 0x00, 0x00,
    0x03, 0x59, 0x00, 0x03, 0x03, 0x18, 0x03, 0x4c, 0x1b, 0x40, 0x27, 0x0a, 0x01, 0x00, 0x01, 0x03,
    0x00, 0x55, 0x05, 0x01, 0x01, 0x08, 0x0b, 0x02, 0x06, 0x07, 0x01, 0x06, 0x63, 0x09, 0x01, 0x07,
    0x04, 0x01, 0x02, 0x03, 0x07, 0x02, 0x63, 0x0a, 0x01, 0x00, 0x00, 0x03, 0x59, 0x00, 0x03, 0x00,
    0x03, 0x4d, 0x59, 0x59, 0x59, 0x40, 0x1f, 0x25, 0x24, 0x01, 0x00, 0x32, 0x30, 0x2f, 0x2d, 0x2a,
    0x28, 0x24, 0x2b, 0x25, 0x2b, 0x1f, 0x1d, 0x18, 0x16, 0x13, 0x10, 0x0d, 0x0b, 0x06, 0x04, 0x00,
    0x23, 0x01, 0x22, 0x0c, 0x07, 0x14, 0x2b, 0x01, 0x32, 0x16, 0x1d, 0x01, 0x33, 0x32, 0x16, 0x1d,
    0x01, 0x14, 0x06, 0x2b, 0x01, 0x15, 0x14, 0x06, 0x2b, 0x01, 0x22, 0x26, 0x3d, 0x01, 0x23, 0x22,
    0x26, 0x3d, 0x01, 0x34, 0x36, 0x3b, 0x01, 0x35, 0x34, 0x36, 0x33, 0x07, 0x22, 0x1d, 0x01, 0x14,
    0x3b, 0x01, 0x35, 0x05, 0x34, 0x2b, 0x01, 0x15, 0x33, 0x32, 0x35, 0x01, 0xe7, 0x18, 0x13, 0x1e,
    0x8b, 0x93, 0x94, 0x8a, 0x1e, 0x13, 0x18, 0x70, 0x18, 0x13, 0x1e, 0x8b, 0x93, 0x93, 0x8b, 0x1e,
    0x13, 0x18, 0x40, 0x5d, 0x5d, 0x15, 0x01, 0x38, 0x5d, 0x15, 0x15, 0x5d, 0x02, 0xdf, 0x13, 0x17,
    0x2b, 0x8b, 0x7f, 0x36, 0x7e, 0x8b, 0x2b, 0x18, 0x13, 0x13, 0x18, 0x2b, 0x8b, 0x7e, 0x36, 0x7f,
    0x8b, 0x2b, 0x17, 0x13, 0xff, 0x58, 0x45, 0x58, 0xf5, 0x58, 0x58, 0xf5, 0x58, 0x00, 0x00, 0x00,
    0x00, 0x01, 0x00, 0x02, 0x00, 0x00, 0x02, 0x97, 0x02, 0xc6, 0x00, 0x23, 0x00, 0x20, 0x40, 0x1d,
    0x23, 0x1a, 0x11, 0x08, 0x04, 0x00, 0x02, 0x01, 0x4a, 0x03, 0x01, 0x02, 0x02, 0x19, 0x4b, 0x01,
    0x01, 0x00, 0x00, 0x18, 0x00, 0x4c, 0x36, 0x36, 0x36, 0x32, 0x04, 0x07, 0x18, 0x2b, 0x25, 0x16,
    0x06, 0x2b, 0x01, 0x22, 0x26, 0x2f, 0x01, 0x07, 0x0e, 0x01, 0x2b, 0x01, 0x22, 0x26, 0x37, 0x13,
    0x03, 0x26, 0x36, 0x3b, 0x01, 0x32, 0x16, 0x1f, 0x01, 0x37, 0x3e, 0x01, 0x3b, 0x01, 0x32, 0x16,
    0x07, 0x03, 0x02, 0x8f, 0x0d, 0x0b, 0x17, 0x81, 0x27, 0x1d, 0x0e, 0x5f, 0x5c, 0x0f, 0x1c, 0x28,
    0x7b, 0x16, 0x0b, 0x0c, 0xcd, 0xc4, 0x0b, 0x0b, 0x15, 0x77, 0x28, 0x1d, 0x0e, 0x5a, 0x59, 0x0e,
    0x1b, 0x24, 0x80, 0x14, 0x0b, 0x0b, 0xc6, 0x2a, 0x10, 0x1a, 0x0c, 0x19, 0xa4, 0xa4, 0x18, 0x0d,
    0x18, 0x12, 0x01, 0x40, 0x01, 0x34, 0x10, 0x18, 0x0c, 0x17, 0x9a, 0x9a, 0x18, 0x0b, 0x18, 0x10,
    0xfe, 0xcc, 0x00, 0x00, 0x00, 0x01, 0x00, 0x32, 0xff, 0x66, 0x02, 0xcc, 0x02, 0xc6, 0x00, 0x23,
    0x00, 0x2e, 0x40, 0x2b, 0x00, 0x01, 0x00, 0x01, 0x52, 0x05, 0x01, 0x03, 0x03, 0x19, 0x4b, 0x04,
    0x06, 0x02, 0x00, 0x00, 0x02, 0x5a, 0x00, 0x02, 0x02, 0x18, 0x02, 0x4c, 0x01, 0x00, 0x20, 0x1d,
    0x1a, 0x19, 0x16, 0x13, 0x0e, 0x0c, 0x09, 0x06, 0x00, 0x23, 0x01, 0x23, 0x07, 0x07, 0x14, 0x2b,
    0x25, 0x32, 0x16, 0x1d, 0x01, 0x14, 0x06, 0x2b, 0x01, 0x22, 0x26, 0x3d, 0x01, 0x21, 0x22, 0x26,
    0x35, 0x11, 0x34, 0x36, 0x3b, 0x01, 0x32, 0x16, 0x15, 0x11, 0x33, 0x11, 0x34, 0x36, 0x3b, 0x01,
    0x32, 0x16, 0x15, 0x11, 0x02, 0xa1, 0x18, 0x13, 0x13, 0x18, 0x67, 0x18, 0x12, 0xfe, 0x4d, 0x18,
    0x13, 0x13, 0x18, 0x71, 0x18, 0x12, 0xba, 0x13, 0x18, 0x71, 0x18, 0x12, 0xaf, 0x12, 0x17, 0xf5,
    0x18, 0x13, 0x13, 0x18, 0x6f, 0x13, 0x17, 0x02, 0x72, 0x17, 0x13, 0x13, 0x17, 0xfe, 0x13, 0x01,
    0xed, 0x17, 0x13, 0x13, 0x17, 0xfe, 0x13, 0x00, 0x00, 0x01, 0x00, 0x1c, 0x00, 0x00, 0x02, 0x5f,
    0x02, 0xc6, 0x00, 0x22, 0x00, 0x33, 0x40, 0x30, 0x1e, 0x01, 0x04, 0x00, 0x0c, 0x01, 0x02, 0x04,
    0x02, 0x4a, 0x00, 0x04, 0x00, 0x02, 0x01, 0x04, 0x02, 0x64, 0x03, 0x05, 0x02, 0x00, 0x00, 0x19,
    0x4b, 0x00, 0x01, 0x01, 0x18, 0x01, 0x4c, 0x01, 0x00, 0x1d, 0x1b, 0x17, 0x14, 0x0f, 0x0d, 0x09,
    0x06, 0x00, 0x22, 0x01, 0x21, 0x06, 0x07, 0x14, 0x2b, 0x01, 0x32, 0x16, 0x15, 0x11, 0x14, 0x06,
    0x2b, 0x01, 0x22, 0x26, 0x3d, 0x01, 0x06, 0x23, 0x22, 0x26, 0x3d, 0x01, 0x34, 0x36, 0x3b, 0x01,
    0x32, 0x16, 0x1d, 0x01, 0x14, 0x33, 0x32, 0x37, 0x35, 0x34, 0x36, 0x33, 0x02, 0x35, 0x18, 0x12,
    0x12, 0x18, 0x71, 0x18, 0x13, 0x2f, 0x37, 0x91, 0x86, 0x12, 0x18, 0x71, 0x18, 0x13, 0x6f, 0x2a,
    0x1e, 0x13, 0x18, 0x02, 0xc6, 0x13, 0x17, 0xfd, 0x8e, 0x17, 0x13, 0x13, 0x17, 0xc3, 0x07, 0x8b,
    0x8b, 0xa0, 0x17, 0x13, 0x13, 0x17, 0xa0, 0x5c, 0x07, 0xf5, 0x17, 0x13, 0x00, 0x01, 0x00, 0x32,
    0x00, 0x00, 0x03, 0x84, 0x02, 0xc6, 0x00, 0x23, 0x00, 0x2a, 0x40, 0x27, 0x04, 0x02, 0x06, 0x03,
    0x00, 0x00, 0x19, 0x4b, 0x05, 0x01, 0x03, 0x03, 0x01, 0x5a, 0x00, 0x01, 0x01, 0x18, 0x01, 0x4c,
    0x01, 0x00, 0x1f, 0x1e, 0x1b, 0x18, 0x15, 0x14, 0x11, 0x0e, 0x09, 0x06, 0x00, 0x23, 0x01, 0x22,
    0x07, 0x07, 0x14, 0x2b, 0x01, 0x32, 0x16, 0x15, 0x11, 0x14, 0x06, 0x23, 0x21, 0x22, 0x26, 0x35,
    0x11, 0x34, 0x36, 0x3b, 0x01, 0x32, 0x16, 0x15, 0x11, 0x33, 0x11, 0x34, 0x36, 0x3b, 0x01, 0x32,
    0x16, 0x15, 0x11, 0x33, 0x11, 0x34, 0x36, 0x33, 0x03, 0x5a, 0x17, 0x13, 0x13, 0x17, 0xfd, 0x03,
    0x18, 0x13, 0x13, 0x18, 0x71, 0x18, 0x12, 0x80, 0x13, 0x18, 0x71, 0x18, 0x12, 0x80, 0x13, 0x17,
    0x02, 0xc6, 0x13, 0x17, 0xfd, 0x8e, 0x17, 0x13, 0x13, 0x17, 0x02, 0x72, 0x17, 0x13, 0x13, 0x17,
    0xfe, 0x13, 0x01, 0xed, 0x17, 0x13, 0x13, 0x17, 0xfe, 0x13, 0x01, 0xed, 0x17, 0x13, 0x00, 0x00,
    0x00, 0x01, 0x00, 0x32, 0xff, 0x66, 0x03, 0xd7, 0x02, 0xc6, 0x00, 0x2d, 0x00, 0x34, 0x40, 0x31,
    0x00, 0x01, 0x00, 0x01, 0x52, 0x07, 0x05, 0x02, 0x03, 0x03, 0x19, 0x4b, 0x06, 0x04, 0x08, 0x03,
    0x00, 0x00, 0x02, 0x5a, 0x00, 0x02, 0x02, 0x18, 0x02, 0x4c, 0x01, 0x00, 0x2a, 0x27, 0x24, 0x23,
    0x20, 0x1d, 0x1a, 0x19, 0x16, 0x13, 0x0e, 0x0c, 0x09, 0x06, 0x00, 0x2d, 0x01, 0x2d, 0x09, 0x07,
    0x14, 0x2b, 0x25, 0x32, 0x16, 0x1d, 0x01, 0x14, 0x06, 0x2b, 0x01, 0x22, 0x26, 0x3d, 0x01, 0x21,
    0x22, 0x26, 0x35, 0x11, 0x34, 0x36, 0x3b, 0x01, 0x32, 0x16, 0x15, 0x11, 0x33, 0x11, 0x34, 0x36,
    0x3b, 0x01, 0x32, 0x16, 0x15, 0x11, 0x33, 0x11, 0x34, 0x36, 0x3b, 0x01, 0x32, 0x16, 0x15, 0x11,
    0x03, 0xad, 0x18, 0x12, 0x12, 0x18, 0x67, 0x18, 0x13, 0xfd, 0x42, 0x18, 0x13, 0x13, 0x18, 0x71,
    0x18, 0x12, 0x80, 0x13, 0x18, 0x71, 0x18, 0x12, 0x80, 0x13, 0x17, 0x72, 0x17, 0x13, 0xaf, 0x12,
    0x17, 0xf6, 0x18, 0x12, 0x12, 0x18, 0x70, 0x13, 0x17, 0x02, 0x72, 0x17, 0x13, 0x13, 0x17, 0xfe,
    0x13, 0x01, 0xed, 0x17, 0x13, 0x13, 0x17, 0xfe, 0x13, 0x01, 0xed, 0x17, 0x13, 0x13, 0x17, 0xfe,
    0x13, 0x00, 0x00, 0x00, 0x00, 0x02, 0x00, 0x0c, 0x00, 0x00, 0x02, 0xf9, 0x02, 0xc6, 0x00, 0x18,
    0x00, 0x21, 0x00, 0x39, 0x40, 0x36, 0x06, 0x01, 0x00, 0x00, 0x05, 0x04, 0x00, 0x05, 0x61, 0x00,
    0x02, 0x02, 0x03, 0x59, 0x00, 0x03, 0x03, 0x19, 0x4b, 0x07, 0x01, 0x04, 0x04, 0x01, 0x59, 0x00,
    0x01, 0x01, 0x18, 0x01, 0x4c, 0x1a, 0x19, 0x01, 0x00, 0x20, 0x1e, 0x19, 0x21, 0x1a, 0x21, 0x15,
    0x12, 0x0d, 0x0b, 0x08, 0x05, 0x00, 0x18, 0x01, 0x18, 0x08, 0x07, 0x14, 0x2b, 0x01, 0x32, 0x16,
    0x15, 0x14, 0x06, 0x23, 0x21, 0x22, 0x26, 0x35, 0x11, 0x23, 0x22, 0x26, 0x3d, 0x01, 0x34, 0x36,
    0x33, 0x21, 0x32, 0x16, 0x1d, 0x01, 0x13, 0x32, 0x36, 0x35, 0x34, 0x26, 0x2b, 0x01, 0x15, 0x01,
    0xf9, 0x76, 0x8a, 0x8b, 0x76, 0xfe, 0xeb, 0x18, 0x12, 0x83, 0x17, 0x13, 0x13, 0x17, 0x01, 0x1e,
    0x18, 0x13, 0x62, 0x23, 0x28, 0x28, 0x23, 0x62, 0x01, 0xf1, 0x82, 0x75, 0x76, 0x84, 0x13, 0x17,
    0x01, 0xed, 0x12, 0x18, 0x5b, 0x17, 0x13, 0x13, 0x17, 0xab, 0xfe, 0xbe, 0x28, 0x22, 0x21, 0x28,
    0x93, 0x00, 0x00, 0x00, 0x00, 0x03, 0x00, 0x32, 0x00, 0x00, 0x03, 0x78, 0x02, 0xc6, 0x00, 0x13,
    0x00, 0x23, 0x00, 0x2b, 0x00, 0x38, 0x40, 0x35, 0x00, 0x02, 0x00, 0x06, 0x05, 0x02, 0x06, 0x61,
    0x03, 0x01, 0x01, 0x01, 0x19, 0x4b, 0x08, 0x01, 0x05, 0x05, 0x00, 0x5a, 0x04, 0x07, 0x02, 0x00,
    0x00, 0x18, 0x00, 0x4c, 0x25, 0x24, 0x01, 0x00, 0x2a, 0x28, 0x24, 0x2b, 0x25, 0x2b, 0x21, 0x1e,
    0x19, 0x16, 0x0e, 0x0c, 0x09, 0x06, 0x00, 0x13, 0x01, 0x12, 0x09, 0x07, 0x14, 0x2b, 0x33, 0x22,
    0x26, 0x35, 0x11, 0x34, 0x36, 0x3b, 0x01, 0x32, 0x16, 0x1d, 0x01, 0x33, 0x32, 0x16, 0x15, 0x14,
    0x06, 0x23, 0x01, 0x34, 0x36, 0x3b, 0x01, 0x32, 0x16, 0x15, 0x11, 0x14, 0x06, 0x2b, 0x01, 0x22,
    0x26, 0x35, 0x25, 0x32, 0x36, 0x34, 0x26, 0x2b, 0x01, 0x15, 0x5d, 0x18, 0x13, 0x13, 0x18, 0x71,
    0x18, 0x12, 0x7b, 0x76, 0x8a, 0x8c, 0x76, 0x01, 0x41, 0x12, 0x16, 0x76, 0x16, 0x12, 0x12, 0x16,
    0x76, 0x16, 0x12, 0xfe, 0xa9, 0x23, 0x28, 0x28, 0x23, 0x63, 0x13, 0x17, 0x02, 0x72, 0x17, 0x13,
    0x13, 0x17, 0xab, 0x82, 0x75, 0x76, 0x84, 0x02, 0x9e, 0x16, 0x12, 0x12, 0x16, 0xfd, 0x8a, 0x16,
    0x12, 0x12, 0x16, 0x87, 0x29, 0x42, 0x28, 0x93, 0x00, 0x02, 0x00, 0x32, 0x00, 0x00, 0x02, 0x73,
    0x02, 0xc6, 0x00, 0x13, 0x00, 0x1b, 0x00, 0x32, 0x40, 0x2f, 0x00, 0x02, 0x00, 0x04, 0x03, 0x02,
    0x04, 0x61, 0x00, 0x01, 0x01, 0x19, 0x4b, 0x06, 0x01, 0x03, 0x03, 0x00, 0x5a, 0x05, 0x01, 0x00,
    0x00, 0x18, 0x00, 0x4c, 0x15, 0x14, 0x01, 0x00, 0x1a, 0x18, 0x14, 0x1b, 0x15, 0x1b, 0x0e, 0x0c,
    0x09, 0x06, 0x00, 0x13, 0x01, 0x12, 0x07, 0x07, 0x14, 0x2b, 0x33, 0x22, 0x26, 0x35, 0x11, 0x34,
    0x36, 0x3b, 0x01, 0x32, 0x16, 0x1d, 0x01, 0x33, 0x32, 0x16, 0x15, 0x14, 0x06, 0x23, 0x27, 0x32,
    0x36, 0x34, 0x26, 0x2b, 0x01, 0x15, 0x5d, 0x18, 0x13, 0x13, 0x18, 0x71, 0x18, 0x12, 0x7b, 0x76,
    0x8a, 0x8c, 0x76, 0x16, 0x23, 0x28, 0x28, 0x23, 0x63, 0x13, 0x17, 0x02, 0x72, 0x17, 0x13, 0x13,
    0x17, 0xab, 0x82, 0x75, 0x76, 0x84, 0xaf, 0x29, 0x42, 0x28, 0x93, 0x00, 0x00, 0x01, 0x00, 0x14,
    0xff, 0xf1, 0x02, 0x6e, 0x02, 0xd5, 0x00, 0x2b, 0x00, 0x29, 0x40, 0x26, 0x00, 0x04, 0x00, 0x03,
    0x02, 0x04, 0x03, 0x61, 0x00, 0x05, 0x05, 0x00, 0x5b, 0x00, 0x00, 0x00, 0x1e, 0x4b, 0x00, 0x02,
    0x02, 0x01, 0x5b, 0x00, 0x01, 0x01, 0x1f, 0x01, 0x4c, 0x22, 0x25, 0x22, 0x29, 0x25, 0x21, 0x06,
    0x07, 0x1a, 0x2b, 0x13, 0x36, 0x33, 0x32, 0x16, 0x1d, 0x01, 0x14, 0x06, 0x23, 0x22, 0x27, 0x26,
    0x36, 0x3f, 0x01, 0x36, 0x16, 0x17, 0x16, 0x33, 0x32, 0x3d, 0x01, 0x23, 0x22, 0x26, 0x3d, 0x01,
    0x34, 0x36, 0x3b, 0x01, 0x35, 0x34, 0x23, 0x22, 0x07, 0x0e, 0x01, 0x2f, 0x01, 0x2e, 0x01, 0x16,
    0x42, 0xe2, 0x93, 0xa1, 0xa1, 0x93, 0xe2, 0x42, 0x08, 0x0d, 0x16, 0x62, 0x17, 0x17, 0x08, 0x1a,
    0x57, 0x6e, 0xa7, 0x18, 0x12, 0x12, 0x18, 0xa7, 0x6e, 0x57, 0x1a, 0x08, 0x17, 0x17, 0x62, 0x16,
    0x0d, 0x02, 0x26, 0xaf, 0x95, 0x83, 0xb4, 0x83, 0x95, 0xaf, 0x16, 0x19, 0x07, 0x23, 0x08, 0x0c,
    0x17, 0x41, 0x60, 0x15, 0x13, 0x18, 0x54, 0x18, 0x13, 0x11, 0x5c, 0x41, 0x17, 0x0c, 0x08, 0x23,
    0x07, 0x19, 0x00, 0x00, 0x00, 0x02, 0x00, 0x32, 0xff, 0xf1, 0x03, 0xa7, 0x02, 0xd5, 0x00, 0x21,
    0x00, 0x2d, 0x00, 0x5f, 0x4b, 0xb0, 0x10, 0x50, 0x58, 0x40, 0x1f, 0x00, 0x05, 0x00, 0x02, 0x07,
    0x05, 0x02, 0x61, 0x00, 0x06, 0x06, 0x00, 0x5b, 0x04, 0x01, 0x00, 0x00, 0x1e, 0x4b, 0x00, 0x07,
    0x07, 0x01, 0x5b, 0x03, 0x01, 0x01, 0x01, 0x1f, 0x01, 0x4c, 0x1b, 0x40, 0x27, 0x00, 0x05, 0x00,
    0x02, 0x07, 0x05, 0x02, 0x61, 0x00, 0x04, 0x04, 0x19, 0x4b, 0x00, 0x06, 0x06, 0x00, 0x5b, 0x00,
    0x00, 0x00, 0x1e, 0x4b, 0x00, 0x03, 0x03, 0x18, 0x4b, 0x00, 0x07, 0x07, 0x01, 0x5b, 0x00, 0x01,
    0x01, 0x1f, 0x01, 0x4c, 0x59, 0x40, 0x0b, 0x25, 0x22, 0x13, 0x35, 0x33, 0x13, 0x25, 0x22, 0x08,
    0x07, 0x1c, 0x2b, 0x01, 0x34, 0x36, 0x33, 0x32, 0x16, 0x1d, 0x01, 0x14, 0x06, 0x23, 0x22, 0x26,
    0x3d, 0x01, 0x23, 0x15, 0x14, 0x06, 0x2b, 0x01, 0x22, 0x26, 0x35, 0x11, 0x34, 0x36, 0x3b, 0x01,
    0x32, 0x16, 0x1d, 0x01, 0x33, 0x25, 0x34, 0x23, 0x22, 0x06, 0x1d, 0x01, 0x14, 0x16, 0x33, 0x32,
    0x35, 0x01, 0x52, 0x9e, 0x8b, 0x90, 0x9c, 0x9c, 0x90, 0x8b, 0x9f, 0x59, 0x12, 0x18, 0x71, 0x18,
    0x13, 0x13, 0x18, 0x71, 0x18, 0x12, 0x5a, 0x01, 0x8f, 0x66, 0x30, 0x34, 0x34, 0x30, 0x66, 0x01,
    0xd3, 0x79, 0x89, 0x95, 0x83, 0xb4, 0x83, 0x95, 0x8e, 0x7b, 0x16, 0xe6, 0x17, 0x13, 0x13, 0x17,
    0x02, 0x72, 0x17, 0x13, 0x13, 0x17, 0xdd, 0x08, 0x5f, 0x31, 0x2e, 0xc8, 0x2e, 0x31, 0x5f, 0x00,
    0x00, 0x02, 0x00, 0x1a, 0x00, 0x00, 0x02, 0x62, 0x02, 0xc6, 0x00, 0x1f, 0x00, 0x27, 0x00, 0x32,
    0x40, 0x2f, 0x1e, 0x01, 0x02, 0x05, 0x01, 0x4a, 0x00, 0x05, 0x00, 0x02, 0x01, 0x05, 0x02, 0x63,
    0x06, 0x01, 0x04, 0x04, 0x00, 0x59, 0x00, 0x00, 0x00, 0x19, 0x4b, 0x03, 0x01, 0x01, 0x01, 0x18,
    0x01, 0x4c, 0x21, 0x20, 0x26, 0x24, 0x20, 0x27, 0x21, 0x27, 0x35, 0x23, 0x35, 0x32, 0x07, 0x07,
    0x18, 0x2b, 0x13, 0x34, 0x36, 0x33, 0x21, 0x32, 0x16, 0x15, 0x11, 0x14, 0x06, 0x2b, 0x01, 0x22,
    0x26, 0x3d, 0x01, 0x23, 0x22, 0x06, 0x0f, 0x01, 0x0e, 0x01, 0x2b, 0x01, 0x22, 0x3f, 0x01, 0x36,
    0x37, 0x26, 0x25, 0x22, 0x06, 0x15, 0x14, 0x3b, 0x01, 0x35, 0x22, 0x85, 0x73, 0x01, 0x1e, 0x17,
    0x13, 0x13, 0x17, 0x72, 0x17, 0x13, 0x1b, 0x22, 0x1f, 0x0c, 0x3b, 0x0b, 0x24, 0x29, 0x6d, 0x31,
    0x17, 0x52, 0x0e, 0x0e, 0x66, 0x01, 0x0f, 0x20, 0x22, 0x42, 0x6b, 0x01, 0xd5, 0x73, 0x7e, 0x13,
    0x17, 0xfd, 0x8e, 0x17, 0x13, 0x13, 0x17, 0xc2, 0x16, 0x1d, 0x8f, 0x1a, 0x10, 0x31, 0xab, 0x1a,
    0x14, 0x3c, 0xd1, 0x23, 0x1e, 0x40, 0x81, 0x00, 0x00, 0x03, 0x00, 0x32, 0x00, 0x00, 0x02, 0x33,
    0x03, 0x8a, 0x00, 0x0f, 0x00, 0x1f, 0x00, 0x43, 0x00, 0x50, 0x40, 0x4d, 0x0b, 0x02, 0x0a, 0x03,
    0x00, 0x03, 0x01, 0x01, 0x04, 0x00, 0x01, 0x63, 0x00, 0x06, 0x00, 0x07, 0x08, 0x06, 0x07, 0x61,
    0x00, 0x05, 0x05, 0x04, 0x59, 0x0c, 0x01, 0x04, 0x04, 0x19, 0x4b, 0x00, 0x08, 0x08, 0x09, 0x59,
    0x00, 0x09, 0x09, 0x18, 0x09, 0x4c, 0x21, 0x20, 0x11, 0x10, 0x01, 0x00, 0x3d, 0x3a, 0x35, 0x33,
    0x32, 0x30, 0x2b, 0x29, 0x28, 0x26, 0x20, 0x43, 0x21, 0x42, 0x19, 0x16, 0x10, 0x1f, 0x11, 0x1e,
    0x09, 0x06, 0x00, 0x0f, 0x01, 0x0e, 0x0d, 0x07, 0x14, 0x2b, 0x13, 0x32, 0x16, 0x1d, 0x01, 0x14,
    0x06, 0x2b, 0x01, 0x22, 0x26, 0x3d, 0x01, 0x34, 0x36, 0x3b, 0x01, 0x32, 0x16, 0x1d, 0x01, 0x14,
    0x06, 0x2b, 0x01, 0x22, 0x26, 0x3d, 0x01, 0x34, 0x36, 0x33, 0x17, 0x32, 0x16, 0x1d, 0x01, 0x14,
    0x06, 0x23, 0x21, 0x15, 0x33, 0x32, 0x16, 0x1d, 0x01, 0x14, 0x06, 0x2b, 0x01, 0x15, 0x21, 0x32,
    0x16, 0x1d, 0x01, 0x14, 0x06, 0x23, 0x21, 0x22, 0x26, 0x35, 0x11, 0x34, 0x36, 0x33, 0xc3, 0x29,
    0x20, 0x20, 0x29, 0x08, 0x29, 0x1f, 0x1f, 0x29, 0xdf, 0x29, 0x1f, 0x1f, 0x29, 0x07, 0x2a, 0x20,
    0x20, 0x2a, 0x6d, 0x18, 0x13, 0x13, 0x18, 0xfe, 0xf8, 0xd3, 0x18, 0x13, 0x13, 0x18, 0xd3, 0x01,
    0x11, 0x17, 0x13, 0x13, 0x17, 0xfe, 0x54, 0x18, 0x13, 0x13, 0x18, 0x03, 0x8a, 0x1f, 0x28, 0x0d,
    0x28, 0x20, 0x20, 0x28, 0x0d, 0x29, 0x1e, 0x1e, 0x29, 0x0d, 0x28, 0x20, 0x20, 0x28, 0x0d, 0x28,
    0x1f, 0xc4, 0x13, 0x17, 0x5a, 0x18, 0x13, 0x59, 0x13, 0x17, 0x5a, 0x18, 0x13, 0x60, 0x12, 0x18,
    0x5b, 0x17, 0x13, 0x13, 0x17, 0x02, 0x72, 0x17, 0x13, 0x00, 0x00, 0x00, 0x00, 0x01, 0x00, 0x0e,
    0x00, 0x00, 0x02, 0x42, 0x02, 0xe4, 0x00, 0x2e, 0x00, 0x34, 0x40, 0x31, 0x08, 0x01, 0x00, 0x00,
    0x01, 0x02, 0x00, 0x01, 0x61, 0x07, 0x01, 0x02, 0x06, 0x01, 0x04, 0x03, 0x02, 0x04, 0x63, 0x05,
    0x01, 0x03, 0x03, 0x2a, 0x03, 0x4c, 0x01, 0x00, 0x2b, 0x29, 0x24, 0x22, 0x1f, 0x1c, 0x19, 0x18,
    0x15, 0x12, 0x0d, 0x0a, 0x09, 0x06, 0x00, 0x2e, 0x01, 0x2d, 0x09, 0x08, 0x14, 0x2b, 0x01, 0x32,
    0x16, 0x1d, 0x01, 0x14, 0x06, 0x2b, 0x01, 0x22, 0x1d, 0x01, 0x21, 0x32, 0x16, 0x15, 0x11, 0x14,
    0x06, 0x2b, 0x01, 0x22, 0x26, 0x35, 0x11, 0x23, 0x11, 0x14, 0x06, 0x2b, 0x01, 0x22, 0x26, 0x35,
    0x11, 0x23, 0x22, 0x26, 0x3d, 0x01, 0x34, 0x36, 0x3b, 0x01, 0x35, 0x34, 0x33, 0x02, 0x1b, 0x16,
    0x11, 0x11, 0x16, 0xc8, 0x44, 0x01, 0x0c, 0x16, 0x11, 0x11, 0x16, 0x6d, 0x16, 0x11, 0x78, 0x11,
    0x16, 0x6c, 0x16, 0x11, 0x20, 0x16, 0x11, 0x11, 0x16, 0x20, 0xf1, 0x02, 0xe4, 0x11, 0x16, 0x49,
    0x16, 0x12, 0x40, 0x04, 0x11, 0x15, 0xfe, 0x44, 0x15, 0x11, 0x11, 0x15, 0x01, 0x4a, 0xfe, 0xb6,
    0x15, 0x11, 0x11, 0x15, 0x01, 0x4a, 0x11, 0x16, 0x4b, 0x15, 0x11, 0x03, 0xd9, 0x00, 0x00, 0x00,
    0x00, 0x01, 0x00, 0x0e, 0x00, 0x00, 0x02, 0x3e, 0x02, 0xe4, 0x00, 0x2f, 0x00, 0x3a, 0x40, 0x37,
    0x0f, 0x01, 0x03, 0x02, 0x01, 0x4a, 0x08, 0x01, 0x00, 0x00, 0x02, 0x03, 0x00, 0x02, 0x63, 0x07,
    0x01, 0x03, 0x06, 0x01, 0x04, 0x01, 0x03, 0x04, 0x63, 0x05, 0x01, 0x01, 0x01, 0x2a, 0x01, 0x4c,
    0x01, 0x00, 0x2b, 0x29, 0x24, 0x22, 0x1f, 0x1c, 0x19, 0x17, 0x12, 0x11, 0x0e, 0x0c, 0x09, 0x06,
    0x00, 0x2f, 0x01, 0x2e, 0x09, 0x08, 0x14, 0x2b, 0x01, 0x32, 0x16, 0x15, 0x11, 0x14, 0x06, 0x2b,
    0x01, 0x22, 0x26, 0x35, 0x11, 0x23, 0x22, 0x1d, 0x01, 0x33, 0x32, 0x16, 0x1d, 0x01, 0x14, 0x06,
    0x2b, 0x01, 0x11, 0x14, 0x06, 0x2b, 0x01, 0x22, 0x26, 0x35, 0x11, 0x23, 0x22, 0x26, 0x3d, 0x01,
    0x34, 0x36, 0x3b, 0x01, 0x35, 0x34, 0x36, 0x33, 0x02, 0x17, 0x16, 0x11, 0x10, 0x16, 0x6e, 0x15,
    0x11, 0x31, 0x44, 0x28, 0x16, 0x10, 0x10, 0x16, 0x28, 0x11, 0x16, 0x6c, 0x16, 0x11, 0x20, 0x16,
    0x11, 0x11, 0x16, 0x20, 0x7d, 0x74, 0x02, 0xe4, 0x11, 0x16, 0xfd, 0x69, 0x15, 0x11, 0x11, 0x15,
    0x02, 0x26, 0x40, 0x04, 0x11, 0x15, 0x4b, 0x16, 0x11, 0xfe, 0xb6, 0x15, 0x11, 0x11, 0x15, 0x01,
    0x4a, 0x11, 0x16, 0x4b, 0x15, 0x11, 0x04, 0x6d, 0x6b, 0x00, 0x00, 0x00, 0x00, 0x00, 0x00, 0x1c,
    0x01, 0x56, 0x00, 0x01, 0x00, 0x00, 0x00, 0x00, 0x00, 0x00, 0x00, 0x3a, 0x00, 0x76, 0x00, 0x01,
    0x00, 0x00, 0x00, 0x00, 0x00, 0x01, 0x00, 0x11, 0x00, 0xd5, 0x00, 0x01, 0x00, 0x00, 0x00, 0x00,
    0x00, 0x02, 0x00, 0x07, 0x00, 0xf7, 0x00, 0x01, 0x00, 0x00, 0x00, 0x00, 0x00, 0x03, 0x00, 0x1b,
    0x01, 0x37, 0x00, 0x01, 0x00, 0x00, 0x00, 0x00, 0x00, 0x04, 0x00, 0x11, 0x01, 0x77, 0x00, 0x01,
    0x00, 0x00, 0x00, 0x00, 0x00, 0x05, 0x00, 0x52, 0x02, 0x2f, 0x00, 0x01, 0x00, 0x00, 0x00, 0x00,
    0x00, 0x06, 0x00, 0x10, 0x02, 0xa4, 0x00, 0x01, 0x00, 0x00, 0x00, 0x00, 0x00, 0x08, 0x00, 0x0e,
    0x02, 0xd3, 0x00, 0x01, 0x00, 0x00, 0x00, 0x00, 0x00, 0x09, 0x00, 0x0b, 0x02, 0xfa, 0x00, 0x01,
    0x00, 0x00, 0x00, 0x00, 0x00, 0x0a, 0x00, 0x23, 0x03, 0x4e, 0x00, 0x01, 0x00, 0x00, 0x00, 0x00,
    0x00, 0x0b, 0x00, 0x16, 0x03, 0xa0, 0x00, 0x01, 0x00, 0x00, 0x00, 0x00, 0x00, 0x0c, 0x00, 0x16,
    0x03, 0xe5, 0x00, 0x01, 0x00, 0x00, 0x00, 0x00, 0x00, 0x10, 0x00, 0x06, 0x04, 0x0a, 0x00, 0x01,
    0x00, 0x00, 0x00, 0x00, 0x00, 0x11, 0x00, 0x0a, 0x04, 0x27, 0x00, 0x03, 0x00, 0x01, 0x04, 0x09,
    0x00, 0x00, 0x00, 0x74, 0x00, 0x00, 0x00, 0x03, 0x00, 0x01, 0x04, 0x09, 0x00, 0x01, 0x00, 0x22,
    0x00, 0xb1, 0x00, 0x03, 0x00, 0x01, 0x04, 0x09, 0x00, 0x02, 0x00, 0x0e, 0x00, 0xe7, 0x00, 0x03,
    0x00, 0x01, 0x04, 0x09, 0x00, 0x03, 0x00, 0x36, 0x00, 0xff, 0x00, 0x03, 0x00, 0x01, 0x04, 0x09,
    0x00, 0x04, 0x00, 0x22, 0x01, 0x53, 0x00, 0x03, 0x00, 0x01, 0x04, 0x09, 0x00, 0x05, 0x00, 0xa4,
    0x01, 0x89, 0x00, 0x03, 0x00, 0x01, 0x04, 0x09, 0x00, 0x06, 0x00, 0x20, 0x02, 0x82, 0x00, 0x03,
    0x00, 0x01, 0x04, 0x09, 0x00, 0x08, 0x00, 0x1c, 0x02, 0xb5, 0x00, 0x03, 0x00, 0x01, 0x04, 0x09,
    0x00, 0x09, 0x00, 0x16, 0x02, 0xe2, 0x00, 0x03, 0x00, 0x01, 0x04, 0x09, 0x00, 0x0a, 0x00, 0x46,
    0x03, 0x06, 0x00, 0x03, 0x00, 0x01, 0x04, 0x09, 0x00, 0x0b, 0x00, 0x2c, 0x03, 0x72, 0x00, 0x03,
    0x00, 0x01, 0x04, 0x09, 0x00, 0x0c, 0x00, 0x2c, 0x03, 0xb7, 0x00, 0x03, 0x00, 0x01, 0x04, 0x09,
    0x00, 0x10, 0x00, 0x0c, 0x03, 0xfc, 0x00, 0x03, 0x00, 0x01, 0x04, 0x09, 0x00, 0x11, 0x00, 0x14,
    0x04, 0x11, 0x00, 0x43, 0x00, 0x6f, 0x00, 0x70, 0x00, 0x79, 0x00, 0x72, 0x00, 0x69, 0x00, 0x67,
    0x00, 0x68, 0x00, 0x74, 0x00, 0x20, 0x00, 0x28, 0x00, 0x63, 0x00, 0x29, 0x00, 0x20, 0x00, 0x32,
    0x00, 0x30, 0x00, 0x31, 0x00, 0x32, 0x00, 0x20, 0x00, 0x62, 0x00, 0x79, 0x00, 0x20, 0x00, 0x46,
    0x00, 0x6f, 0x00, 0x6e, 0x00, 0x74, 0x00, 0x66, 0x00, 0x61, 0x00, 0x62, 0x00, 0x72, 0x00, 0x69,
    0x00, 0x63, 0x00, 0x20, 0x00, 0x4c, 0x00, 0x4c, 0x00, 0x43, 0x00, 0x2e, 0x00, 0x20, 0x00, 0x41,
    0x00, 0x6c, 0x00, 0x6c, 0x00, 0x20, 0x00, 0x72, 0x00, 0x69, 0x00, 0x67, 0x00, 0x68, 0x00, 0x74,
    0x00, 0x73, 0x00, 0x20, 0x00, 0x72, 0x00, 0x65, 0x00, 0x73, 0x00, 0x65, 0x00, 0x72, 0x00, 0x76,
    0x00, 0x65, 0x00, 0x64, 0x00, 0x2e, 0x00, 0x00, 0x43, 0x6f, 0x70, 0x79, 0x72, 0x69, 0x67, 0x68,
    0x74, 0x20, 0x28, 0x63, 0x29, 0x20, 0x32, 0x30, 0x31, 0x32, 0x20, 0x62, 0x79, 0x20, 0x46, 0x6f,
    0x6e, 0x74, 0x66, 0x61, 0x62, 0x72, 0x69, 0x63, 0x20, 0x4c, 0x4c, 0x43, 0x2e, 0x20, 0x41, 0x6c,
    0x6c, 0x20, 0x72, 0x69, 0x67, 0x68, 0x74, 0x73, 0x20, 0x72, 0x65, 0x73, 0x65, 0x72, 0x76, 0x65,
    0x64, 0x2e, 0x00, 0x00, 0x50, 0x00, 0x61, 0x00, 0x6e, 0x00, 0x74, 0x00, 0x6f, 0x00, 0x6e, 0x00,
    0x20, 0x00, 0x42, 0x00, 0x6c, 0x00, 0x61, 0x00, 0x63, 0x00, 0x6b, 0x00, 0x20, 0x00, 0x43, 0x00,
    0x61, 0x00, 0x70, 0x00, 0x73, 0x00, 0x00, 0x50, 0x61, 0x6e, 0x74, 0x6f, 0x6e, 0x20, 0x42, 0x6c,
    0x61, 0x63, 0x6b, 0x20, 0x43, 0x61, 0x70, 0x73, 0x00, 0x00, 0x52, 0x00, 0x65, 0x00, 0x67, 0x00,
    0x75, 0x00, 0x6c, 0x00, 0x61, 0x00, 0x72, 0x00, 0x00, 0x52, 0x65, 0x67, 0x75, 0x6c, 0x61, 0x72,
    0x00, 0x00, 0x31, 0x00, 0x2e, 0x00, 0x30, 0x00, 0x30, 0x00, 0x30, 0x00, 0x3b, 0x00, 0x46, 0x00,
    0x42, 0x00, 0x52, 0x00, 0x43, 0x00, 0x3b, 0x00, 0x50, 0x00, 0x61, 0x00, 0x6e, 0x00, 0x74, 0x00,
    0x6f, 0x00, 0x6e, 0x00, 0x2d, 0x00, 0x42, 0x00, 0x6c, 0x00, 0x61, 0x00, 0x63, 0x00, 0x6b, 0x00,
    0x43, 0x00, 0x61, 0x00, 0x70, 0x00, 0x73, 0x00, 0x00, 0x31, 0x2e, 0x30, 0x30, 0x30, 0x3b, 0x46,
    0x42, 0x52, 0x43, 0x3b, 0x50, 0x61, 0x6e, 0x74, 0x6f, 0x6e, 0x2d, 0x42, 0x6c, 0x61, 0x63, 0x6b,
    0x43, 0x61, 0x70, 0x73, 0x00, 0x00, 0x50, 0x00, 0x61, 0x00, 0x6e, 0x00, 0x74, 0x00, 0x6f, 0x00,
    0x6e, 0x00, 0x20, 0x00, 0x42, 0x00, 0x6c, 0x00, 0x61, 0x00, 0x63, 0x00, 0x6b, 0x00, 0x20, 0x00,
    0x43, 0x00, 0x61, 0x00, 0x70, 0x00, 0x73, 0x00, 0x00, 0x50, 0x61, 0x6e, 0x74, 0x6f, 0x6e, 0x20,
    0x42, 0x6c, 0x61, 0x63, 0x6b, 0x20, 0x43, 0x61, 0x70, 0x73, 0x00, 0x00, 0x56, 0x00, 0x65, 0x00,
    0x72, 0x00, 0x73, 0x00, 0x69, 0x00, 0x6f, 0x00, 0x6e, 0x00, 0x20, 0x00, 0x31, 0x00, 0x2e, 0x00,
    0x30, 0x00, 0x30, 0x00, 0x30, 0x00, 0x3b, 0x00, 0x50, 0x00, 0x53, 0x00, 0x20, 0x00, 0x30, 0x00,
    0x30, 0x00, 0x31, 0x00, 0x2e, 0x00, 0x30, 0x00, 0x30, 0x00, 0x30, 0x00, 0x3b, 0x00, 0x68, 0x00,
    0x6f, 0x00, 0x74, 0x00, 0x63, 0x00, 0x6f, 0x00, 0x6e, 0x00, 0x76, 0x00, 0x20, 0x00, 0x31, 0x00,
    0x2e, 0x00, 0x30, 0x00, 0x2e, 0x00, 0x37, 0x00, 0x30, 0x00, 0x3b, 0x00, 0x6d, 0x00, 0x61, 0x00,
    0x6b, 0x00, 0x65, 0x00, 0x6f, 0x00, 0x74, 0x00, 0x66, 0x00, 0x2e, 0x00, 0x6c, 0x00, 0x69, 0x00,
    0x62, 0x00, 0x32, 0x00, 0x2e, 0x00, 0x35, 0x00, 0x2e, 0x00, 0x35, 0x00, 0x38, 0x00, 0x33, 0x00,
    0x32, 0x00, 0x39, 0x00, 0x3b, 0x00, 0x20, 0x00, 0x74, 0x00, 0x74, 0x00, 0x66, 0x00, 0x61, 0x00,
    0x75, 0x00, 0x74, 0x00, 0x6f, 0x00, 0x68, 0x00, 0x69, 0x00, 0x6e, 0x00, 0x74, 0x00, 0x20, 0x00,
    0x28, 0x00, 0x76, 0x00, 0x31, 0x00, 0x2e, 0x00, 0x34, 0x00, 0x2e, 0x00, 0x31, 0x00, 0x29, 0x00,
    0x00, 0x56, 0x65, 0x72, 0x73, 0x69, 0x6f, 0x6e, 0x20, 0x31, 0x2e, 0x30, 0x30, 0x30, 0x3b, 0x50,
    0x53, 0x20, 0x30, 0x30, 0x31, 0x2e, 0x30, 0x30, 0x30, 0x3b, 0x68, 0x6f, 0x74, 0x63, 0x6f, 0x6e,
    0x76, 0x20, 0x31, 0x2e, 0x30, 0x2e, 0x37, 0x30, 0x3b, 0x6d, 0x61, 0x6b, 0x65, 0x6f, 0x74, 0x66,
    0x2e, 0x6c, 0x69, 0x62, 0x32, 0x2e, 0x35, 0x2e, 0x35, 0x38, 0x33, 0x32, 0x39, 0x3b, 0x20, 0x74,
    0x74, 0x66, 0x61, 0x75, 0x74, 0x6f, 0x68, 0x69, 0x6e, 0x74, 0x20, 0x28, 0x76, 0x31, 0x2e, 0x34,
    0x2e, 0x31, 0x29, 0x00, 0x00, 0x50, 0x00, 0x61, 0x00, 0x6e, 0x00, 0x74, 0x00, 0x6f, 0x00, 0x6e,
    0x00, 0x2d, 0x00, 0x42, 0x00, 0x6c, 0x00, 0x61, 0x00, 0x63, 0x00, 0x6b, 0x00, 0x43, 0x00, 0x61,
    0x00, 0x70, 0x00, 0x73, 0x00, 0x00, 0x50, 0x61, 0x6e, 0x74, 0x6f, 0x6e, 0x2d, 0x42, 0x6c, 0x61,
    0x63, 0x6b, 0x43, 0x61, 0x70, 0x73, 0x00, 0x00, 0x46, 0x00, 0x6f, 0x00, 0x6e, 0x00, 0x74, 0x00,
    0x66, 0x00, 0x61, 0x00, 0x62, 0x00, 0x72, 0x00, 0x69, 0x00, 0x63, 0x00, 0x20, 0x00, 0x4c, 0x00,
    0x4c, 0x00, 0x43, 0x00, 0x00, 0x46, 0x6f, 0x6e, 0x74, 0x66, 0x61, 0x62, 0x72, 0x69, 0x63, 0x20,
    0x4c, 0x4c, 0x43, 0x00, 0x00, 0x49, 0x00, 0x76, 0x00, 0x61, 0x00, 0x6e, 0x00, 0x20, 0x00, 0x50,
    0x00, 0x65, 0x00, 0x74, 0x00, 0x72, 0x00, 0x6f, 0x00, 0x76, 0x00, 0x00, 0x49, 0x76, 0x61, 0x6e,
    0x20, 0x50, 0x65, 0x74, 0x72, 0x6f, 0x76, 0x00, 0x00, 0x4d, 0x00, 0x6f, 0x00, 0x64, 0x00, 0x65,
    0x00, 0x72, 0x00, 0x6e, 0x00, 0x20, 0x00, 0x61, 0x00, 0x6e, 0x00, 0x64, 0x00, 0x20, 0x00, 0x65,
    0x00, 0x6c, 0x00, 0x65, 0x00, 0x67, 0x00, 0x61, 0x00, 0x6e, 0x00, 0x74, 0x00, 0x20, 0x00, 0x73,
    0x00, 0x61, 0x00, 0x6e, 0x00, 0x73, 0x00, 0x20, 0x00, 0x73, 0x00, 0x65, 0x00, 0x72, 0x00, 0x69,
    0x00, 0x66, 0x00, 0x20, 0x00, 0x66, 0x00, 0x6f, 0x00, 0x6e, 0x00, 0x74, 0x00, 0x2e, 0x00, 0x00,
    0x4d, 0x6f, 0x64, 0x65, 0x72, 0x6e, 0x20, 0x61, 0x6e, 0x64, 0x20, 0x65, 0x6c, 0x65, 0x67, 0x61,
    0x6e, 0x74, 0x20, 0x73, 0x61, 0x6e, 0x73, 0x20, 0x73, 0x65, 0x72, 0x69, 0x66, 0x20, 0x66, 0x6f,
    0x6e, 0x74, 0x2e, 0x00, 0x00, 0x68, 0x00, 0x74, 0x00, 0x74, 0x00, 0x70, 0x00, 0x3a, 0x00, 0x2f,
    0x00, 0x2f, 0x00, 0x66, 0x00, 0x6f, 0x00, 0x6e, 0x00, 0x74, 0x00, 0x66, 0x00, 0x61, 0x00, 0x62,
    0x00, 0x72, 0x00, 0x69, 0x00, 0x63, 0x00, 0x2e, 0x00, 0x63, 0x00, 0x6f, 0x00, 0x6d, 0x00, 0x2f,
    0x00, 0x00, 0x68, 0x74, 0x74, 0x70, 0x3a, 0x2f, 0x2f, 0x66, 0x6f, 0x6e, 0x74, 0x66, 0x61, 0x62,
    0x72, 0x69, 0x63, 0x2e, 0x63, 0x6f, 0x6d, 0x2f, 0x00, 0x00, 0x68, 0x00, 0x74, 0x00, 0x74, 0x00,
    0x70, 0x00, 0x3a, 0x00, 0x2f, 0x00, 0x2f, 0x00, 0x66, 0x00, 0x6f, 0x00, 0x6e, 0x00, 0x74, 0x00,
    0x66, 0x00, 0x61, 0x00, 0x62, 0x00, 0x72, 0x00, 0x69, 0x00, 0x63, 0x00, 0x2e, 0x00, 0x63, 0x00,
    0x6f, 0x00, 0x6d, 0x00, 0x2f, 0x00, 0x00, 0x68, 0x74, 0x74, 0x70, 0x3a, 0x2f, 0x2f, 0x66, 0x6f,
    0x6e, 0x74, 0x66, 0x61, 0x62, 0x72, 0x69, 0x63, 0x2e, 0x63, 0x6f, 0x6d, 0x2f, 0x00, 0x00, 0x50,
    0x00, 0x61, 0x00, 0x6e, 0x00, 0x74, 0x00, 0x6f, 0x00, 0x6e, 0x00, 0x00, 0x50, 0x61, 0x6e, 0x74,
    0x6f, 0x6e, 0x00, 0x00, 0x42, 0x00, 0x6c, 0x00, 0x61, 0x00, 0x63, 0x00, 0x6b, 0x00, 0x20, 0x00,
    0x43, 0x00, 0x61, 0x00, 0x70, 0x00, 0x73, 0x00, 0x00, 0x42, 0x6c, 0x61, 0x63, 0x6b, 0x20, 0x43,
    0x61, 0x70, 0x73, 0x00, 0x00, 0x02, 0x00, 0x00, 0x00, 0x00, 0x00, 0x00, 0xff, 0xb5, 0x00, 0x32,
    0x00, 0x00, 0x00, 0x00, 0x00, 0x00, 0x00, 0x00, 0x00, 0x00, 0x00, 0x00, 0x00, 0x00, 0x00, 0x00,
    0x00, 0x00, 0x00, 0x00, 0x00, 0xa7, 0x00, 0x00, 0x00, 0x01, 0x00, 0x02, 0x01, 0x02, 0x00, 0x03,
    0x00, 0x04, 0x00, 0x05, 0x00, 0x06, 0x00, 0x07, 0x00, 0x08, 0x00, 0x09, 0x00, 0x0a, 0x00, 0x0b,
    0x00, 0x0c, 0x00, 0x0d, 0x00, 0x0e, 0x00, 0x0f, 0x00, 0x10, 0x00, 0x11, 0x00, 0x12, 0x00, 0x13,
    0x00, 0x14, 0x00, 0x15, 0x00, 0x16, 0x00, 0x17, 0x00, 0x18, 0x00, 0x19, 0x00, 0x1a, 0x00, 0x1b,
    0x00, 0x1c, 0x00, 0x1d, 0x00, 0x1e, 0x00, 0x1f, 0x00, 0x20, 0x00, 0x21, 0x00, 0x22, 0x00, 0x23,
    0x00, 0x24, 0x00, 0x25, 0x00, 0x26, 0x00, 0x27, 0x00, 0x28, 0x00, 0x29, 0x00, 0x2a, 0x00, 0x2b,
    0x00, 0x2c, 0x00, 0x2d, 0x00, 0x2e, 0x00, 0x2f, 0x00, 0x30, 0x00, 0x31, 0x00, 0x32, 0x00, 0x33,
    0x00, 0x34, 0x00, 0x35, 0x00, 0x36, 0x00, 0x37, 0x00, 0x38, 0x00, 0x39, 0x00, 0x3a, 0x00, 0x3b,
    0x00, 0x3c, 0x00, 0x3d, 0x00, 0x3e, 0x00, 0x3f, 0x00, 0x40, 0x00, 0x41, 0x00, 0x42, 0x00, 0x43,
    0x00, 0x44, 0x00, 0x45, 0x00, 0x46, 0x00, 0x47, 0x00, 0x48, 0x00, 0x49, 0x00, 0x4a, 0x00, 0x4b,
    0x00, 0x4c, 0x00, 0x4d, 0x00, 0x4e, 0x00, 0x4f, 0x00, 0x50, 0x00, 0x51, 0x00, 0x52, 0x00, 0x53,
    0x00, 0x54, 0x00, 0x55, 0x00, 0x56, 0x00, 0x57, 0x00, 0x58, 0x00, 0x59, 0x00, 0x5a, 0x00, 0x5b,
    0x00, 0x5c, 0x00, 0x5d, 0x00, 0x5e, 0x00, 0x5f, 0x00, 0x60, 0x00, 0x61, 0x01, 0x03, 0x01, 0x04,
    0x01, 0x05, 0x01, 0x06, 0x01, 0x07, 0x01, 0x08, 0x01, 0x09, 0x01, 0x0a, 0x01, 0x0b, 0x01, 0x0c,
    0x01, 0x0d, 0x01, 0x0e, 0x01, 0x0f, 0x01, 0x10, 0x01, 0x11, 0x01, 0x12, 0x01, 0x13, 0x01, 0x14,
    0x01, 0x15, 0x01, 0x16, 0x01, 0x17, 0x01, 0x18, 0x01, 0x19, 0x01, 0x1a, 0x01, 0x1b, 0x01, 0x1c,
    0x01, 0x1d, 0x01, 0x1e, 0x01, 0x1f, 0x01, 0x20, 0x01, 0x21, 0x01, 0x22, 0x01, 0x23, 0x01, 0x24,
    0x01, 0x25, 0x01, 0x26, 0x01, 0x27, 0x01, 0x28, 0x01, 0x29, 0x01, 0x2a, 0x01, 0x2b, 0x01, 0x2c,
    0x01, 0x2d, 0x01, 0x2e, 0x01, 0x2f, 0x01, 0x30, 0x01, 0x31, 0x01, 0x32, 0x01, 0x33, 0x01, 0x34,
    0x01, 0x35, 0x01, 0x36, 0x01, 0x37, 0x01, 0x38, 0x01, 0x39, 0x01, 0x3a, 0x01, 0x3b, 0x01, 0x3c,
    0x01, 0x3d, 0x01, 0x3e, 0x01, 0x3f, 0x01, 0x40, 0x01, 0x41, 0x01, 0x42, 0x01, 0x43, 0x01, 0x44,
    0x00, 0xc0, 0x00, 0xc1, 0x02, 0x43, 0x52, 0x07, 0x75, 0x6e, 0x69, 0x30, 0x34, 0x30, 0x31, 0x07,
    0x75, 0x6e, 0x69, 0x30, 0x34, 0x31, 0x30, 0x07, 0x75, 0x6e, 0x69, 0x30, 0x34, 0x31, 0x31, 0x07,
    0x75, 0x6e, 0x69, 0x30, 0x34, 0x31, 0x32, 0x07, 0x75, 0x6e, 0x69, 0x30, 0x34, 0x31, 0x33, 0x07,
    0x75, 0x6e, 0x69, 0x30, 0x34, 0x31, 0x34, 0x07, 0x75, 0x6e, 0x69, 0x30, 0x34, 0x31, 0x35, 0x07,
    0x75, 0x6e, 0x69, 0x30, 0x34, 0x31, 0x36, 0x07, 0x75, 0x6e, 0x69, 0x30, 0x34, 0x31, 0x37, 0x07,
    0x75, 0x6e, 0x69, 0x30, 0x34, 0x31, 0x38, 0x07, 0x75, 0x6e, 0x69, 0x30, 0x34, 0x31, 0x39, 0x07,
    0x75, 0x6e, 0x69, 0x30, 0x34, 0x31, 0x41, 0x07, 0x75, 0x6e, 0x69, 0x30, 0x34, 0x31, 0x42, 0x07,
    0x75, 0x6e, 0x69, 0x30, 0x34, 0x31, 0x43, 0x07, 0x75, 0x6e, 0x69, 0x30, 0x34, 0x31, 0x44, 0x07,
    0x75, 0x6e, 0x69, 0x30, 0x34, 0x31, 0x45, 0x07, 0x75, 0x6e, 0x69, 0x30, 0x34, 0x31, 0x46, 0x07,
    0x75, 0x6e, 0x69, 0x30, 0x34, 0x32, 0x30, 0x07, 0x75, 0x6e, 0x69, 0x30, 0x34, 0x32, 0x31, 0x07,
    0x75, 0x6e, 0x69, 0x30, 0x34, 0x32, 0x32, 0x07, 0x75, 0x6e, 0x69, 0x30, 0x34, 0x32, 0x33, 0x07,
    0x75, 0x6e, 0x69, 0x30, 0x34, 0x32, 0x34, 0x07, 0x75, 0x6e, 0x69, 0x30, 0x34, 0x32, 0x35, 0x07,
    0x75, 0x6e, 0x69, 0x30, 0x34, 0x32, 0x36, 0x07, 0x75, 0x6e, 0x69, 0x30, 0x34, 0x32, 0x37, 0x07,
    0x75, 0x6e, 0x69, 0x30, 0x34, 0x32, 0x38, 0x07, 0x75, 0x6e, 0x69, 0x30, 0x34, 0x32, 0x39, 0x07,
    0x75, 0x6e, 0x69, 0x30, 0x34, 0x32, 0x41, 0x07, 0x75, 0x6e, 0x69, 0x30, 0x34, 0x32, 0x42, 0x07,
    0x75, 0x6e, 0x69, 0x30, 0x34, 0x32, 0x43, 0x07, 0x75, 0x6e, 0x69, 0x30, 0x34, 0x32, 0x44, 0x07,
    0x75, 0x6e, 0x69, 0x30, 0x34, 0x32, 0x45, 0x07, 0x75, 0x6e, 0x69, 0x30, 0x34, 0x32, 0x46, 0x07,
    0x75, 0x6e, 0x69, 0x30, 0x34, 0x33, 0x30, 0x07, 0x75, 0x6e, 0x69, 0x30, 0x34, 0x33, 0x31, 0x07,
    0x75, 0x6e, 0x69, 0x30, 0x34, 0x33, 0x32, 0x07, 0x75, 0x6e, 0x69, 0x30, 0x34, 0x33, 0x33, 0x07,
    0x75, 0x6e, 0x69, 0x30, 0x34, 0x33, 0x34, 0x07, 0x75, 0x6e, 0x69, 0x30, 0x34, 0x33, 0x35, 0x07,
    0x75, 0x6e, 0x69, 0x30, 0x34, 0x33, 0x36, 0x07, 0x75, 0x6e, 0x69, 0x30, 0x34, 0x33, 0x37, 0x07,
    0x75, 0x6e, 0x69, 0x30, 0x34, 0x33, 0x38, 0x07, 0x75, 0x6e, 0x69, 0x30, 0x34, 0x33, 0x39, 0x07,
    0x75, 0x6e, 0x69, 0x30, 0x34, 0x33, 0x41, 0x07, 0x75, 0x6e, 0x69, 0x30, 0x34, 0x33, 0x42, 0x07,
    0x75, 0x6e, 0x69, 0x30, 0x34, 0x33, 0x43, 0x07, 0x75, 0x6e, 0x69, 0x30, 0x34, 0x33, 0x44, 0x07,
    0x75, 0x6e, 0x69, 0x30, 0x34, 0x33, 0x45, 0x07, 0x75, 0x6e, 0x69, 0x30, 0x34, 0x33, 0x46, 0x07,
    0x75, 0x6e, 0x69, 0x30, 0x34, 0x34, 0x30, 0x07, 0x75, 0x6e, 0x69, 0x30, 0x34, 0x34, 0x31, 0x07,
    0x75, 0x6e, 0x69, 0x30, 0x34, 0x34, 0x32, 0x07, 0x75, 0x6e, 0x69, 0x30, 0x34, 0x34, 0x33, 0x07,
    0x75, 0x6e, 0x69, 0x30, 0x34, 0x34, 0x34, 0x07, 0x75, 0x6e, 0x69, 0x30, 0x34, 0x34, 0x35, 0x07,
    0x75, 0x6e, 0x69, 0x30, 0x34, 0x34, 0x36, 0x07, 0x75, 0x6e, 0x69, 0x30, 0x34, 0x34, 0x37, 0x07,
    0x75, 0x6e, 0x69, 0x30, 0x34, 0x34, 0x38, 0x07, 0x75, 0x6e, 0x69, 0x30, 0x34, 0x34, 0x39, 0x07,
    0x75, 0x6e, 0x69, 0x30, 0x34, 0x34, 0x41, 0x07, 0x75, 0x6e, 0x69, 0x30, 0x34, 0x34, 0x42, 0x07,
    0x75, 0x6e, 0x69, 0x30, 0x34, 0x34, 0x43, 0x07, 0x75, 0x6e, 0x69, 0x30, 0x34, 0x34, 0x44, 0x07,
    0x75, 0x6e, 0x69, 0x30, 0x34, 0x34, 0x45, 0x07, 0x75, 0x6e, 0x69, 0x30, 0x34, 0x34, 0x46, 0x07,
    0x75, 0x6e, 0x69, 0x30, 0x34, 0x35, 0x31, 0x00, 0x00, 0x01, 0x00, 0x01, 0xff, 0xff, 0x00, 0x0f,
    0x00, 0x01, 0x00, 0x00, 0x00, 0x0e, 0x00, 0x00, 0x00, 0x66, 0x00, 0x00, 0x00, 0x00, 0x00, 0x02,
    0x00, 0x0e, 0x00, 0x01, 0x00, 0x12, 0x00, 0x01, 0x00, 0x13, 0x00, 0x13, 0x00, 0x04, 0x00, 0x14,
    0x00, 0x14, 0x00, 0x01, 0x00, 0x15, 0x00, 0x19, 0x00, 0x04, 0x00, 0x1a, 0x00, 0x1a, 0x00, 0x01,
    0x00, 0x1b, 0x00, 0x1c, 0x00, 0x04, 0x00, 0x1d, 0x00, 0x49, 0x00, 0x01, 0x00, 0x4a, 0x00, 0x4a,
    0x00, 0x04, 0x00, 0x4b, 0x00, 0x4c, 0x00, 0x01, 0x00, 0x4d, 0x00, 0x4d, 0x00, 0x04, 0x00, 0x4e,
    0x00, 0x4f, 0x00, 0x01, 0x00, 0x50, 0x00, 0x50, 0x00, 0x04, 0x00, 0x51, 0x00, 0xa4, 0x00, 0x01,
    0x00, 0xa5, 0x00, 0xa6, 0x00, 0x02, 0x00, 0x04, 0x00, 0x00, 0x00, 0x02, 0x00, 0x00, 0x00, 0x00,
    0x00, 0x01, 0x00, 0x00, 0x00, 0x0a, 0x00, 0x54, 0x00, 0x62, 0x00, 0x04, 0x44, 0x46, 0x4c, 0x54,
    0x00, 0x1a, 0x63, 0x79, 0x72, 0x6c, 0x00, 0x26, 0x67, 0x72, 0x65, 0x6b, 0x00, 0x32, 0x6c, 0x61,
    0x74, 0x6e, 0x00, 0x3e, 0x00, 0x04, 0x00, 0x00, 0x00, 0x00, 0xff, 0xff, 0x00, 0x01, 0x00, 0x00,
    0x00, 0x04, 0x00, 0x00, 0x00, 0x00, 0xff, 0xff, 0x00, 0x01, 0x00, 0x00, 0x00, 0x04, 0x00, 0x00,
    0x00, 0x00, 0xff, 0xff, 0x00, 0x01, 0x00, 0x00, 0x00, 0x04, 0x00, 0x00, 0x00, 0x00, 0xff, 0xff,
    0x00, 0x01, 0x00, 0x00, 0x00, 0x01, 0x6c, 0x69, 0x67, 0x61, 0x00, 0x08, 0x00, 0x00, 0x00, 0x01,
    0x00, 0x00, 0x00, 0x01, 0x00, 0x04, 0x00, 0x04, 0x00, 0x00, 0x00, 0x01, 0x00, 0x08, 0x00, 0x01,
    0x00, 0x1a, 0x00, 0x01, 0x00, 0x08, 0x00, 0x02, 0x00, 0x06, 0x00, 0x0c, 0x00, 0xa6, 0x00, 0x02,
    0x00, 0x50, 0x00, 0xa5, 0x00, 0x02, 0x00, 0x4d, 0x00, 0x01, 0x00, 0x01, 0x00, 0x4a, 0x00, 0x00,
    0x00, 0x01, 0x00, 0x00, 0x00, 0x0a, 0x00, 0x54, 0x00, 0x62, 0x00, 0x04, 0x44, 0x46, 0x4c, 0x54,
    0x00, 0x1a, 0x63, 0x79, 0x72, 0x6c, 0x00, 0x26, 0x67, 0x72, 0x65, 0x6b, 0x00, 0x32, 0x6c, 0x61,
    0x74, 0x6e, 0x00, 0x3e, 0x00, 0x04, 0x00, 0x00, 0x00, 0x00, 0xff, 0xff, 0x00, 0x01, 0x00, 0x00,
    0x00, 0x04, 0x00, 0x00, 0x00, 0x00, 0xff, 0xff, 0x00, 0x01, 0x00, 0x00, 0x00, 0x04, 0x00, 0x00,
    0x00, 0x00, 0xff, 0xff, 0x00, 0x01, 0x00, 0x00, 0x00, 0x04, 0x00, 0x00, 0x00, 0x00, 0xff, 0xff,
    0x00, 0x01, 0x00, 0x00, 0x00, 0x01, 0x6b, 0x65, 0x72, 0x6e, 0x00, 0x08, 0x00, 0x00, 0x00, 0x01,
    0x00, 0x00, 0x00, 0x01, 0x00, 0x04, 0x00, 0x02, 0x00, 0x00, 0x00, 0x04, 0x00, 0x0e, 0x0c, 0x44,
    0x11, 0x4e, 0x1b, 0x04, 0x00, 0x01, 0x0b, 0xb6, 0x00, 0x04, 0x00, 0x00, 0x00, 0x3e, 0x00, 0x86,
    0x00, 0x90, 0x00, 0x96, 0x00, 0xa8, 0x01, 0x2e, 0x01, 0x6c, 0x01, 0x7e, 0x01, 0x88, 0x01, 0xf2,
    0x02, 0x0c, 0x02, 0x12, 0x02, 0x24, 0x02, 0x42, 0x02, 0x4c, 0x02, 0x62, 0x02, 0x80, 0x02, 0x96,
    0x02, 0xb0, 0x02, 0xb6, 0x02, 0xc0, 0x02, 0xe2, 0x03, 0x14, 0x03, 0x3a, 0x03, 0x50, 0x03, 0xa2,
    0x03, 0xc8, 0x04, 0x4e, 0x04, 0xa8, 0x04, 0xce, 0x04, 0xd4, 0x04, 0xda, 0x04, 0xe0, 0x05, 0x0a,
    0x05, 0x20, 0x05, 0xae, 0x05, 0xb4, 0x05, 0xbe, 0x06, 0x18, 0x06, 0x5e, 0x06, 0xac, 0x07, 0x0a,
    0x07, 0x40, 0x07, 0x82, 0x07, 0xd8, 0x08, 0x1e, 0x08, 0x5c, 0x08, 0x86, 0x08, 0xe4, 0x09, 0x56,
    0x09, 0x9c, 0x09, 0xee, 0x0a, 0x18, 0x0a, 0x4a, 0x0a, 0x7c, 0x0a, 0xa2, 0x0a, 0xc4, 0x0a, 0xe6,
    0x0b, 0x0c, 0x0b, 0x2e, 0x0b, 0x54, 0x0b, 0x7e, 0x0b, 0x84, 0x00, 0x02, 0x00, 0x3a, 0xff, 0xe5,
    0x00, 0x5a, 0xff, 0xe9, 0x00, 0x01, 0x00, 0x18, 0xff, 0xf7, 0x00, 0x04, 0x00, 0x3a, 0xff, 0xc1,
    0x00, 0x3c, 0x00, 0x1d, 0x00, 0x5a, 0xff, 0xdb, 0x00, 0x5c, 0x00, 0x16, 0x00, 0x21, 0x00, 0x14,
    0xff, 0xf1, 0x00, 0x15, 0xff, 0xf3, 0x00, 0x17, 0xff, 0xf9, 0x00, 0x18, 0xff, 0xee, 0x00, 0x19,
    0xff, 0xfa, 0x00, 0x1a, 0xff, 0xf1, 0x00, 0x1c, 0xff, 0xf2, 0x00, 0x1d, 0xff, 0xf2, 0x00, 0x3a,
    0x00, 0x00, 0x00, 0x3c, 0x00, 0x08, 0x00, 0x4e, 0x00, 0x23, 0x00, 0x5a, 0xff, 0xe8, 0x00, 0x5c,
    0x00, 0x04, 0x00, 0x64, 0x00, 0x01, 0x00, 0x6a, 0x00, 0x04, 0x00, 0x6b, 0xff, 0xf3, 0x00, 0x6f,
    0xff, 0xf4, 0x00, 0x77, 0x00, 0x0a, 0x00, 0x78, 0xff, 0xef, 0x00, 0x79, 0x00, 0x08, 0x00, 0x7b,
    0xff, 0xfa, 0x00, 0x81, 0xff, 0xf3, 0x00, 0x84, 0xff, 0xf2, 0x00, 0x85, 0xff, 0xef, 0x00, 0x8b,
    0xff, 0xee, 0x00, 0x8f, 0xff, 0xf4, 0x00, 0x96, 0xff, 0xea, 0x00, 0x97, 0xff, 0xf8, 0x00, 0x99,
    0x00, 0x04, 0x00, 0x9b, 0xff, 0xe9, 0x00, 0x9e, 0xff, 0xea, 0x00, 0xa1, 0xff, 0xee, 0x00, 0xa3,
    0xff, 0xfa, 0x00, 0x0f, 0x00, 0x64, 0xff, 0xc0, 0x00, 0x68, 0xff, 0xc8, 0x00, 0x6a, 0xff, 0xfd,
    0x00, 0x6b, 0x00, 0x08, 0x00, 0x6f, 0xff, 0xd6, 0x00, 0x76, 0x00, 0x0a, 0x00, 0x7e, 0x00, 0x0a,
    0x00, 0x81, 0x00, 0x08, 0x00, 0x84, 0xff, 0xf1, 0x00, 0x88, 0xff, 0xde, 0x00, 0x8b, 0xff, 0xf0,
    0x00, 0x8f, 0xff, 0xe7, 0x00, 0x94, 0xff, 0xf5, 0x00, 0xa1, 0xff, 0xf2, 0x00, 0xa3, 0xff, 0xef,
    0x00, 0x04, 0x00, 0x15, 0xff, 0xf7, 0x00, 0x16, 0xff, 0xfb, 0x00, 0x17, 0xff, 0xfc, 0x00, 0x1b,
    0xff, 0xde, 0x00, 0x02, 0x00, 0x2e, 0x00, 0x04, 0x00, 0x6f, 0x00, 0x04, 0x00, 0x1a, 0x00, 0x13,
    0xff, 0x49, 0x00, 0x18, 0xff, 0xd7, 0x00, 0x1c, 0xff, 0xfa, 0x00, 0x3a, 0x00, 0x07, 0x00, 0x5a,
    0xff, 0xf6, 0x00, 0x5c, 0xff, 0xf2, 0x00, 0x64, 0xff, 0xc1, 0x00, 0x68, 0xff, 0xd2, 0x00, 0x6f,
    0xff, 0xe0, 0x00, 0x77, 0x00, 0x0d, 0x00, 0x78, 0xff, 0xf8, 0x00, 0x83, 0xff, 0xfa, 0x00, 0x84,
    0xff, 0xde, 0x00, 0x85, 0xff, 0xf8, 0x00, 0x88, 0xff, 0xc7, 0x00, 0x8a, 0xff, 0xef, 0x00, 0x8b,
    0xff, 0xdf, 0x00, 0x8f, 0xff, 0xd3, 0x00, 0x94, 0xff, 0xe4, 0x00, 0x96, 0xff, 0xf6, 0x00, 0x97,
    0xff, 0xeb, 0x00, 0x99, 0xff, 0xf2, 0x00, 0x9b, 0xff, 0xef, 0x00, 0x9e, 0xff, 0xf6, 0x00, 0xa1,
    0xff, 0xe2, 0x00, 0xa3, 0xff, 0xdc, 0x00, 0x06, 0x00, 0x0d, 0xff, 0xf1, 0x00, 0x13, 0xff, 0xf0,
    0x00, 0x3a, 0xff, 0xf1, 0x00, 0x3c, 0xff, 0xf9, 0x00, 0x41, 0xff, 0xe6, 0x00, 0x61, 0xff, 0xe6,
    0x00, 0x01, 0x00, 0x3a, 0xff, 0xf2, 0x00, 0x04, 0x00, 0x0d, 0xff, 0xf8, 0x00, 0x3a, 0xff, 0xf0,
    0x00, 0x41, 0xff, 0xe9, 0x00, 0x61, 0xff, 0xeb, 0x00, 0x07, 0x00, 0x0d, 0xff, 0xf4, 0x00, 0x15,
    0xff, 0xf0, 0x00, 0x1b, 0xff, 0xef, 0x00, 0x3a, 0xff, 0xe6, 0x00, 0x40, 0xff, 0xef, 0x00, 0x41,
    0xff, 0xeb, 0x00, 0x61, 0xff, 0xeb, 0x00, 0x02, 0x00, 0x13, 0xff, 0xf9, 0x00, 0x41, 0xff, 0xfa,
    0x00, 0x05, 0x00, 0x0d, 0xff, 0xf3, 0x00, 0x13, 0xff, 0xf8, 0x00, 0x3a, 0xff, 0xf2, 0x00, 0x41,
    0xff, 0xe9, 0x00, 0x61, 0xff, 0xea, 0x00, 0x07, 0x00, 0x07, 0xff, 0xe0, 0x00, 0x0f, 0xff, 0xeb,
    0x00, 0x13, 0xff, 0xc2, 0x00, 0x18, 0xff, 0xdb, 0x00, 0x21, 0xff, 0xfc, 0x00, 0x3a, 0x00, 0x0a,
    0x00, 0x3c, 0x00, 0x05, 0x00, 0x05, 0x00, 0x0d, 0xff, 0xf2, 0x00, 0x13, 0xff, 0xf9, 0x00, 0x3a,
    0xff, 0xf0, 0x00, 0x41, 0xff, 0xe8, 0x00, 0x61, 0xff, 0xea, 0x00, 0x06, 0x00, 0x0d, 0xff, 0xf1,
    0x00, 0x13, 0xff, 0xf0, 0x00, 0x3a, 0xff, 0xf1, 0x00, 0x3c, 0xff, 0xfa, 0x00, 0x41, 0xff, 0xe6,
    0x00, 0x61, 0xff, 0xe7, 0x00, 0x01, 0x00, 0x1b, 0xff, 0xf8, 0x00, 0x02, 0x00, 0x3a, 0xff, 0xe6,
    0x00, 0x3c, 0xff, 0xf1, 0x00, 0x08, 0x00, 0x0d, 0xff, 0xf1, 0x00, 0x3a, 0xff, 0xe8, 0x00, 0x3c,
    0xff, 0xe5, 0x00, 0x40, 0xff, 0xfa, 0x00, 0x41, 0xff, 0xe8, 0x00, 0x5a, 0xff, 0xf9, 0x00, 0x5c,
    0xff, 0xf0, 0x00, 0x61, 0xff, 0xe9, 0x00, 0x0c, 0x00, 0x04, 0xff, 0xed, 0x00, 0x0a, 0xff, 0xf3,
    0x00, 0x0d, 0xff, 0xfb, 0x00, 0x0e, 0x00, 0x05, 0x00, 0x13, 0xff, 0xc8, 0x00, 0x18, 0xff, 0xf1,
    0x00, 0x24, 0xff, 0xf6, 0x00, 0x41, 0xff, 0xfc, 0x00, 0x46, 0xff, 0xfe, 0x00, 0x5a, 0xff, 0xf5,
    0x00, 0x5c, 0xff, 0xea, 0x00, 0x61, 0xff, 0xfb, 0x00, 0x09, 0x00, 0x04, 0xff, 0xeb, 0x00, 0x0a,
    0xff, 0xf4, 0x00, 0x0d, 0xff, 0xea, 0x00, 0x13, 0xff, 0xcc, 0x00, 0x18, 0xff, 0xfb, 0x00, 0x3a,
    0xff, 0xf1, 0x00, 0x3c, 0xff, 0xd2, 0x00, 0x41, 0xff, 0xde, 0x00, 0x61, 0xff, 0xde, 0x00, 0x05,
    0x00, 0x3a, 0xff, 0xe5, 0x00, 0x3c, 0xff, 0xfe, 0x00, 0x40, 0xff, 0xf6, 0x00, 0x46, 0xff, 0xfe,
    0x00, 0x5a, 0xff, 0xfb, 0x00, 0x14, 0x00, 0x04, 0xff, 0xe5, 0x00, 0x0a, 0xff, 0xe1, 0x00, 0x0d,
    0x00, 0x01, 0x00, 0x13, 0xff, 0xb9, 0x00, 0x14, 0xff, 0xf1, 0x00, 0x15, 0xff, 0xfa, 0x00, 0x16,
    0xff, 0xf2, 0x00, 0x17, 0xff, 0xf2, 0x00, 0x18, 0xff, 0xd3, 0x00, 0x19, 0xff, 0xf1, 0x00, 0x1a,
    0xff, 0xf1, 0x00, 0x1b, 0x00, 0x07, 0x00, 0x1c, 0xff, 0xef, 0x00, 0x1d, 0xff, 0xf2, 0x00, 0x24,
    0xff, 0xe7, 0x00, 0x40, 0x00, 0x07, 0x00, 0x41, 0xff, 0xfe, 0x00, 0x5a, 0xff, 0xed, 0x00, 0x5c,
    0xff, 0xe5, 0x00, 0x61, 0x00, 0x00, 0x00, 0x09, 0x00, 0x05, 0x00, 0x04, 0x00, 0x0d, 0x00, 0x09,
    0x00, 0x10, 0x00, 0x04, 0x00, 0x14, 0xff, 0xfa, 0x00, 0x16, 0x00, 0x03, 0x00, 0x18, 0xff, 0xf6,
    0x00, 0x41, 0x00, 0x07, 0x00, 0x5a, 0xff, 0xc7, 0x00, 0x61, 0x00, 0x08, 0x00, 0x21, 0x00, 0x14,
    0xff, 0xe6, 0x00, 0x15, 0xff, 0xe6, 0x00, 0x17, 0xff, 0xe8, 0x00, 0x18, 0xff, 0xe1, 0x00, 0x19,
    0xff, 0xee, 0x00, 0x1a, 0xff, 0xe6, 0x00, 0x1c, 0xff, 0xe8, 0x00, 0x1d, 0xff, 0xe9, 0x00, 0x3a,
    0xff, 0xfd, 0x00, 0x3c, 0x00, 0x07, 0x00, 0x4e, 0x00, 0x47, 0x00, 0x5a, 0xff, 0xdb, 0x00, 0x5c,
    0x00, 0x03, 0x00, 0x5f, 0xff, 0xf5, 0x00, 0x64, 0xff, 0xff, 0x00, 0x6b, 0xff, 0xea, 0x00, 0x6f,
    0xff, 0xed, 0x00, 0x77, 0x00, 0x08, 0x00, 0x78, 0xff, 0xe4, 0x00, 0x79, 0x00, 0x07, 0x00, 0x7b,
    0xff, 0xf4, 0x00, 0x81, 0xff, 0xeb, 0x00, 0x83, 0xff, 0xfc, 0x00, 0x84, 0xff, 0xe8, 0x00, 0x85,
    0xff, 0xe5, 0x00, 0x8b, 0xff, 0xe4, 0x00, 0x8f, 0xff, 0xee, 0x00, 0x96, 0xff, 0xdc, 0x00, 0x99,
    0x00, 0x03, 0x00, 0x9b, 0xff, 0xdb, 0x00, 0x9e, 0xff, 0xdd, 0x00, 0xa1, 0xff, 0xe4, 0x00, 0xa3,
    0xff, 0xf9, 0x00, 0x16, 0x00, 0x14, 0xff, 0xf0, 0x00, 0x15, 0xff, 0xcb, 0x00, 0x17, 0xff, 0xf9,
    0x00, 0x1a, 0xff, 0xef, 0x00, 0x1b, 0xff, 0xee, 0x00, 0x1d, 0xff, 0xf6, 0x00, 0x3a, 0xff, 0xb9,
    0x00, 0x40, 0xff, 0x49, 0x00, 0x4e, 0x00, 0x1f, 0x00, 0x5a, 0xff, 0xd3, 0x00, 0x6b, 0xff, 0xf9,
    0x00, 0x76, 0xff, 0xbe, 0x00, 0x77, 0xff, 0xd7, 0x00, 0x78, 0xff, 0xea, 0x00, 0x7b, 0xff, 0xc6,
    0x00, 0x7e, 0xff, 0xc3, 0x00, 0x81, 0xff, 0xfa, 0x00, 0x85, 0xff, 0xef, 0x00, 0x96, 0xff, 0xd5,
    0x00, 0x97, 0xff, 0xf0, 0x00, 0x9b, 0xff, 0xde, 0x00, 0x9e, 0xff, 0xd8, 0x00, 0x09, 0x00, 0x04,
    0xff, 0xec, 0x00, 0x0a, 0xff, 0xfc, 0x00, 0x0d, 0x00, 0x04, 0x00, 0x13, 0xff, 0xde, 0x00, 0x3a,
    0x00, 0x0c, 0x00, 0x3c, 0x00, 0x04, 0x00, 0x40, 0x00, 0x08, 0x00, 0x41, 0x00, 0x04, 0x00, 0x61,
    0x00, 0x04, 0x00, 0x01, 0x00, 0x4e, 0x00, 0x0b, 0x00, 0x01, 0x00, 0x4e, 0x00, 0x0a, 0x00, 0x01,
    0x00, 0x4e, 0x00, 0x19, 0x00, 0x0a, 0x00, 0x04, 0xff, 0xe9, 0x00, 0x0a, 0xff, 0xfa, 0x00, 0x0d,
    0xff, 0xe9, 0x00, 0x13, 0xff, 0xd3, 0x00, 0x23, 0x00, 0x05, 0x00, 0x3a, 0xff, 0xf1, 0x00, 0x3c,
    0xff, 0xca, 0x00, 0x40, 0xff, 0xf6, 0x00, 0x41, 0xff, 0xdc, 0x00, 0x61, 0xff, 0xd9, 0x00, 0x05,
    0x00, 0x0d, 0x00, 0x05, 0x00, 0x3a, 0xff, 0xe5, 0x00, 0x40, 0xff, 0xf2, 0x00, 0x41, 0x00, 0x03,
    0x00, 0x61, 0x00, 0x04, 0x00, 0x23, 0x00, 0x14, 0xff, 0xe6, 0x00, 0x15, 0xff, 0xe7, 0x00, 0x17,
    0xff, 0xea, 0x00, 0x18, 0xff, 0xe1, 0x00, 0x19, 0xff, 0xef, 0x00, 0x1a, 0xff, 0xe7, 0x00, 0x1c,
    0xff, 0xea, 0x00, 0x1d, 0xff, 0xe9, 0x00, 0x3a, 0xff, 0xff, 0x00, 0x3c, 0x00, 0x08, 0x00, 0x4e,
    0x00, 0x45, 0x00, 0x5a, 0xff, 0xd9, 0x00, 0x5c, 0x00, 0x00, 0x00, 0x5f, 0xff, 0xf3, 0x00, 0x64,
    0x00, 0x00, 0x00, 0x6a, 0x00, 0x03, 0x00, 0x6b, 0xff, 0xec, 0x00, 0x6f, 0xff, 0xef, 0x00, 0x77,
    0x00, 0x0a, 0x00, 0x78, 0xff, 0xe1, 0x00, 0x79, 0x00, 0x08, 0x00, 0x7b, 0xff, 0xfb, 0x00, 0x81,
    0xff, 0xec, 0x00, 0x83, 0xff, 0xfc, 0x00, 0x84, 0xff, 0xeb, 0x00, 0x85, 0xff, 0xe6, 0x00, 0x8a,
    0xff, 0xfc, 0x00, 0x8b, 0xff, 0xe5, 0x00, 0x8f, 0xff, 0xf0, 0x00, 0x96, 0xff, 0xd9, 0x00, 0x99,
    0x00, 0x00, 0x00, 0x9b, 0xff, 0xd7, 0x00, 0x9e, 0xff, 0xda, 0x00, 0xa1, 0xff, 0xe4, 0x00, 0xa3,
    0xff, 0xf8, 0x00, 0x01, 0x00, 0x4e, 0x00, 0x26, 0x00, 0x02, 0x00, 0x41, 0xff, 0xf5, 0x00, 0x61,
    0xff, 0xf3, 0x00, 0x16, 0x00, 0x0d, 0x00, 0x01, 0x00, 0x0e, 0xff, 0xc0, 0x00, 0x23, 0xff, 0xd2,
    0x00, 0x40, 0xff, 0xc1, 0x00, 0x41, 0xff, 0xfe, 0x00, 0x61, 0x00, 0x00, 0x00, 0x6b, 0xff, 0xf1,
    0x00, 0x6f, 0xff, 0xfb, 0x00, 0x76, 0xff, 0xaf, 0x00, 0x77, 0xff, 0xbc, 0x00, 0x78, 0xff, 0xe7,
    0x00, 0x7b, 0xff, 0xb4, 0x00, 0x7e, 0xff, 0xb4, 0x00, 0x81, 0xff, 0xf1, 0x00, 0x84, 0xff, 0xfb,
    0x00, 0x85, 0xff, 0xf6, 0x00, 0x8b, 0xff, 0xfe, 0x00, 0x96, 0xff, 0xcc, 0x00, 0x97, 0xff, 0xf1,
    0x00, 0x9b, 0xff, 0xd8, 0x00, 0x9e, 0xff, 0xce, 0x00, 0xa1, 0xff, 0xfe, 0x00, 0x11, 0x00, 0x0d,
    0xff, 0xfc, 0x00, 0x0e, 0xff, 0xfc, 0x00, 0x41, 0xff, 0xf2, 0x00, 0x61, 0xff, 0xf3, 0x00, 0x64,
    0xff, 0xf1, 0x00, 0x6a, 0xff, 0xf4, 0x00, 0x76, 0xff, 0xf5, 0x00, 0x77, 0xff, 0xfc, 0x00, 0x79,
    0xff, 0xf1, 0x00, 0x7b, 0xff, 0xf9, 0x00, 0x7e, 0xff, 0xf5, 0x00, 0x83, 0xff, 0xf9, 0x00, 0x88,
    0xff, 0xfe, 0x00, 0x8a, 0xff, 0xf3, 0x00, 0x96, 0xff, 0xef, 0x00, 0x99, 0xff, 0xea, 0x00, 0x9e,
    0xff, 0xee, 0x00, 0x13, 0x00, 0x0d, 0xff, 0xf1, 0x00, 0x40, 0xff, 0xfa, 0x00, 0x41, 0xff, 0xe8,
    0x00, 0x61, 0xff, 0xe9, 0x00, 0x64, 0xff, 0xf0, 0x00, 0x6a, 0xff, 0xf1, 0x00, 0x76, 0xff, 0xf4,
    0x00, 0x77, 0xff, 0xf0, 0x00, 0x79, 0xff, 0xe5, 0x00, 0x7b, 0xff, 0xf8, 0x00, 0x7e, 0xff, 0xf4,
    0x00, 0x83, 0xff, 0xfc, 0x00, 0x88, 0xff, 0xfd, 0x00, 0x8a, 0xff, 0xf8, 0x00, 0x96, 0xff, 0xf6,
    0x00, 0x99, 0xff, 0xf0, 0x00, 0x9b, 0xff, 0xfe, 0x00, 0x9e, 0xff, 0xf6, 0x00, 0xa3, 0xff, 0xf9,
    0x00, 0x17, 0x00, 0x0e, 0x00, 0x0a, 0x00, 0x13, 0xff, 0xb6, 0x00, 0x23, 0x00, 0x05, 0x00, 0x64,
    0xff, 0xa4, 0x00, 0x68, 0xff, 0xaa, 0x00, 0x6f, 0xff, 0xb3, 0x00, 0x78, 0xff, 0xf0, 0x00, 0x83,
    0xff, 0xf6, 0x00, 0x84, 0xff, 0x99, 0x00, 0x85, 0xff, 0xed, 0x00, 0x88, 0xff, 0x80, 0x00, 0x8a,
    0xff, 0xd3, 0x00, 0x8b, 0xff, 0x97, 0x00, 0x8f, 0xff, 0x99, 0x00, 0x94, 0xff, 0xa7, 0x00, 0x96,
    0xff, 0xd8, 0x00, 0x97, 0xff, 0xc9, 0x00, 0x99, 0xff, 0xda, 0x00, 0x9b, 0xff, 0xd1, 0x00, 0x9e,
    0xff, 0xd9, 0x00, 0xa1, 0xff, 0x97, 0x00, 0xa3, 0xff, 0x97, 0x00, 0xa4, 0xff, 0xad, 0x00, 0x0d,
    0x00, 0x0e, 0xff, 0xe4, 0x00, 0x23, 0xff, 0xf2, 0x00, 0x40, 0xff, 0xec, 0x00, 0x76, 0xff, 0xda,
    0x00, 0x77, 0xff, 0xe3, 0x00, 0x78, 0xff, 0xf6, 0x00, 0x7b, 0xff, 0xdd, 0x00, 0x7e, 0xff, 0xdc,
    0x00, 0x85, 0xff, 0xfa, 0x00, 0x96, 0xff, 0xd6, 0x00, 0x97, 0xff, 0xf8, 0x00, 0x9b, 0xff, 0xe1,
    0x00, 0x9e, 0xff, 0xd9, 0x00, 0x10, 0x00, 0x0d, 0x00, 0x05, 0x00, 0x61, 0x00, 0x03, 0x00, 0x6b,
    0xff, 0xf4, 0x00, 0x6f, 0xff, 0xfd, 0x00, 0x78, 0xff, 0xe3, 0x00, 0x81, 0xff, 0xf5, 0x00, 0x83,
    0xff, 0xfb, 0x00, 0x84, 0xff, 0xf8, 0x00, 0x85, 0xff, 0xec, 0x00, 0x8b, 0xff, 0xf6, 0x00, 0x94,
    0xff, 0xfe, 0x00, 0x96, 0xff, 0xc8, 0x00, 0x97, 0xff, 0xe0, 0x00, 0x9b, 0xff, 0xcb, 0x00, 0x9e,
    0xff, 0xcd, 0x00, 0xa1, 0xff, 0xf5, 0x00, 0x15, 0x00, 0x0d, 0xff, 0xf9, 0x00, 0x41, 0xff, 0xea,
    0x00, 0x61, 0xff, 0xec, 0x00, 0x64, 0xff, 0xf0, 0x00, 0x6a, 0xff, 0xf2, 0x00, 0x76, 0xff, 0xf7,
    0x00, 0x77, 0xff, 0xf2, 0x00, 0x79, 0xff, 0xe7, 0x00, 0x7b, 0xff, 0xfb, 0x00, 0x7e, 0xff, 0xf7,
    0x00, 0x83, 0xff, 0xfc, 0x00, 0x88, 0xff, 0xfd, 0x00, 0x8a, 0xff, 0xf9, 0x00, 0x8b, 0xff, 0xfe,
    0x00, 0x94, 0xff, 0xfe, 0x00, 0x96, 0xff, 0xf7, 0x00, 0x99, 0xff, 0xf0, 0x00, 0x9b, 0xff, 0xfe,
    0x00, 0x9e, 0xff, 0xf7, 0x00, 0xa1, 0xff, 0xfe, 0x00, 0xa3, 0xff, 0xf9, 0x00, 0x11, 0x00, 0x0d,
    0x00, 0x06, 0x00, 0x0e, 0xff, 0xfc, 0x00, 0x61, 0x00, 0x04, 0x00, 0x6b, 0xff, 0xf0, 0x00, 0x6f,
    0xff, 0xfd, 0x00, 0x78, 0xff, 0xdc, 0x00, 0x81, 0xff, 0xf0, 0x00, 0x83, 0xff, 0xfe, 0x00, 0x84,
    0xff, 0xf7, 0x00, 0x85, 0xff, 0xeb, 0x00, 0x8b, 0xff, 0xf5, 0x00, 0x94, 0xff, 0xfe, 0x00, 0x96,
    0xff, 0xc6, 0x00, 0x97, 0xff, 0xdf, 0x00, 0x9b, 0xff, 0xc5, 0x00, 0x9e, 0xff, 0xc8, 0x00, 0xa1,
    0xff, 0xf4, 0x00, 0x0f, 0x00, 0x0d, 0xff, 0xea, 0x00, 0x13, 0xff, 0xcc, 0x00, 0x41, 0xff, 0xde,
    0x00, 0x61, 0xff, 0xde, 0x00, 0x64, 0xff, 0xc1, 0x00, 0x68, 0xff, 0xba, 0x00, 0x6a, 0xff, 0xdf,
    0x00, 0x6f, 0xff, 0xcf, 0x00, 0x77, 0xff, 0xfb, 0x00, 0x79, 0xff, 0xd2, 0x00, 0x84, 0xff, 0xf7,
    0x00, 0x88, 0xff, 0xbe, 0x00, 0x8f, 0xff, 0xd4, 0x00, 0x94, 0xff, 0xfd, 0x00, 0xa3, 0xff, 0xf6,
    0x00, 0x0a, 0x00, 0x0d, 0xff, 0xf9, 0x00, 0x0e, 0x00, 0x0a, 0x00, 0x23, 0x00, 0x07, 0x00, 0x41,
    0xff, 0xeb, 0x00, 0x61, 0xff, 0xec, 0x00, 0x64, 0xff, 0xf5, 0x00, 0x6a, 0xff, 0xfa, 0x00, 0x6f,
    0x00, 0x05, 0x00, 0x79, 0xff, 0xee, 0x00, 0xa3, 0xff, 0xf6, 0x00, 0x17, 0x00, 0x0e, 0x00, 0x0a,
    0x00, 0x13, 0xff, 0xbe, 0x00, 0x23, 0x00, 0x05, 0x00, 0x64, 0xff, 0xaf, 0x00, 0x68, 0xff, 0xb5,
    0x00, 0x6f, 0xff, 0xc8, 0x00, 0x78, 0xff, 0xef, 0x00, 0x83, 0xff, 0xf7, 0x00, 0x84, 0xff, 0xa9,
    0x00, 0x85, 0xff, 0xed, 0x00, 0x88, 0xff, 0x9f, 0x00, 0x8a, 0xff, 0xd3, 0x00, 0x8b, 0xff, 0xa8,
    0x00, 0x8f, 0xff, 0xb0, 0x00, 0x94, 0xff, 0xae, 0x00, 0x96, 0xff, 0xd9, 0x00, 0x97, 0xff, 0xd2,
    0x00, 0x99, 0xff, 0xda, 0x00, 0x9b, 0xff, 0xd1, 0x00, 0x9e, 0xff, 0xd9, 0x00, 0xa1, 0xff, 0xa9,
    0x00, 0xa3, 0xff, 0xa9, 0x00, 0xa4, 0xff, 0xaf, 0x00, 0x1c, 0x00, 0x0d, 0xff, 0xff, 0x00, 0x13,
    0xff, 0xad, 0x00, 0x23, 0xff, 0xf8, 0x00, 0x40, 0x00, 0x07, 0x00, 0x41, 0xff, 0xfd, 0x00, 0x61,
    0xff, 0xff, 0x00, 0x64, 0xff, 0xa1, 0x00, 0x68, 0xff, 0xb1, 0x00, 0x6b, 0xff, 0xea, 0x00, 0x6f,
    0xff, 0xbc, 0x00, 0x78, 0xff, 0xdf, 0x00, 0x81, 0xff, 0xeb, 0x00, 0x83, 0xff, 0xe2, 0x00, 0x84,
    0xff, 0xae, 0x00, 0x85, 0xff, 0xde, 0x00, 0x88, 0xff, 0x9a, 0x00, 0x8a, 0xff, 0xd1, 0x00, 0x8b,
    0xff, 0xb2, 0x00, 0x8f, 0xff, 0xb8, 0x00, 0x94, 0xff, 0xb8, 0x00, 0x96, 0xff, 0xdd, 0x00, 0x97,
    0xff, 0xca, 0x00, 0x99, 0xff, 0xd9, 0x00, 0x9b, 0xff, 0xd4, 0x00, 0x9e, 0xff, 0xdd, 0x00, 0xa1,
    0xff, 0xb7, 0x00, 0xa3, 0xff, 0xac, 0x00, 0xa4, 0xff, 0xbb, 0x00, 0x11, 0x00, 0x0d, 0xff, 0xef,
    0x00, 0x13, 0xff, 0xeb, 0x00, 0x40, 0xff, 0xf9, 0x00, 0x41, 0xff, 0xe4, 0x00, 0x61, 0xff, 0xe0,
    0x00, 0x64, 0xff, 0xe6, 0x00, 0x68, 0xff, 0xf0, 0x00, 0x6a, 0xff, 0xe2, 0x00, 0x6f, 0xff, 0xf7,
    0x00, 0x76, 0xff, 0xef, 0x00, 0x77, 0xff, 0xe8, 0x00, 0x79, 0xff, 0xd1, 0x00, 0x7e, 0xff, 0xf0,
    0x00, 0x88, 0xff, 0xe7, 0x00, 0x8a, 0xff, 0xfe, 0x00, 0x8f, 0xff, 0xf4, 0x00, 0x99, 0xff, 0xf6,
    0x00, 0x14, 0x00, 0x05, 0x00, 0x04, 0x00, 0x0d, 0x00, 0x09, 0x00, 0x10, 0x00, 0x04, 0x00, 0x41,
    0x00, 0x07, 0x00, 0x61, 0x00, 0x08, 0x00, 0x6b, 0xff, 0xe8, 0x00, 0x6f, 0xff, 0xfc, 0x00, 0x78,
    0xff, 0xd0, 0x00, 0x81, 0xff, 0xe8, 0x00, 0x83, 0xff, 0xfe, 0x00, 0x84, 0xff, 0xf3, 0x00, 0x85,
    0xff, 0xe7, 0x00, 0x8b, 0xff, 0xef, 0x00, 0x8f, 0xff, 0xfc, 0x00, 0x94, 0xff, 0xfe, 0x00, 0x96,
    0xff, 0xc3, 0x00, 0x97, 0xff, 0xd7, 0x00, 0x9b, 0xff, 0xc1, 0x00, 0x9e, 0xff, 0xc8, 0x00, 0xa1,
    0xff, 0xef, 0x00, 0x0a, 0x00, 0x0d, 0xff, 0xf8, 0x00, 0x0e, 0xff, 0xee, 0x00, 0x23, 0xff, 0xe5,
    0x00, 0x40, 0xff, 0xdc, 0x00, 0x41, 0xff, 0xec, 0x00, 0x61, 0xff, 0xed, 0x00, 0x8a, 0xff, 0xfd,
    0x00, 0x96, 0xff, 0xfc, 0x00, 0x99, 0xff, 0xf7, 0x00, 0x9e, 0xff, 0xfb, 0x00, 0x0c, 0x00, 0x0d,
    0xff, 0xfb, 0x00, 0x0e, 0xff, 0xfa, 0x00, 0x13, 0xff, 0xf6, 0x00, 0x23, 0xff, 0xfa, 0x00, 0x41,
    0xff, 0xf1, 0x00, 0x61, 0xff, 0xf2, 0x00, 0x88, 0xff, 0xfa, 0x00, 0x8a, 0xff, 0xf3, 0x00, 0x96,
    0xff, 0xf9, 0x00, 0x99, 0xff, 0xe7, 0x00, 0x9e, 0xff, 0xf8, 0x00, 0xa3, 0xff, 0xfd, 0x00, 0x0c,
    0x00, 0x0d, 0xff, 0xee, 0x00, 0x0e, 0xff, 0xee, 0x00, 0x23, 0xff, 0xe6, 0x00, 0x40, 0xff, 0xdb,
    0x00, 0x41, 0xff, 0xe5, 0x00, 0x61, 0xff, 0xe7, 0x00, 0x8a, 0xff, 0xf9, 0x00, 0x96, 0xff, 0xfa,
    0x00, 0x99, 0xff, 0xee, 0x00, 0x9b, 0xff, 0xfe, 0x00, 0x9e, 0xff, 0xfa, 0x00, 0xa3, 0xff, 0xfd,
    0x00, 0x09, 0x00, 0x0d, 0xff, 0xe9, 0x00, 0x13, 0xff, 0xce, 0x00, 0x40, 0xff, 0xf6, 0x00, 0x41,
    0xff, 0xdb, 0x00, 0x61, 0xff, 0xd7, 0x00, 0x84, 0xff, 0xfd, 0x00, 0x88, 0xff, 0xcc, 0x00, 0x8f,
    0xff, 0xde, 0x00, 0xa3, 0xff, 0xfb, 0x00, 0x08, 0x00, 0x0e, 0xff, 0xe9, 0x00, 0x23, 0xff, 0xe6,
    0x00, 0x40, 0xff, 0xd5, 0x00, 0x85, 0xff, 0xfa, 0x00, 0x96, 0xff, 0xe7, 0x00, 0x97, 0xff, 0xf8,
    0x00, 0x9b, 0xff, 0xeb, 0x00, 0x9e, 0xff, 0xe8, 0x00, 0x08, 0x00, 0x40, 0xff, 0xee, 0x00, 0x61,
    0xff, 0xfc, 0x00, 0x84, 0xff, 0xfd, 0x00, 0x85, 0xff, 0xfc, 0x00, 0x8f, 0xff, 0xfd, 0x00, 0x97,
    0xff, 0xfb, 0x00, 0x9b, 0xff, 0xfd, 0x00, 0xa1, 0xff, 0xfe, 0x00, 0x09, 0x00, 0x0d, 0xff, 0xf0,
    0x00, 0x0e, 0xff, 0xf1, 0x00, 0x23, 0xff, 0xe9, 0x00, 0x40, 0xff, 0xde, 0x00, 0x41, 0xff, 0xe6,
    0x00, 0x61, 0xff, 0xe8, 0x00, 0x8a, 0xff, 0xfb, 0x00, 0x99, 0xff, 0xf0, 0x00, 0xa3, 0xff, 0xfe,
    0x00, 0x08, 0x00, 0x40, 0xff, 0xf2, 0x00, 0x84, 0xff, 0xfa, 0x00, 0x85, 0xff, 0xfc, 0x00, 0x8b,
    0xff, 0xfc, 0x00, 0x8f, 0xff, 0xfc, 0x00, 0x97, 0xff, 0xfc, 0x00, 0x9b, 0xff, 0xfc, 0x00, 0xa1,
    0xff, 0xfc, 0x00, 0x09, 0x00, 0x0d, 0xff, 0xee, 0x00, 0x0e, 0xff, 0xf1, 0x00, 0x23, 0xff, 0xe9,
    0x00, 0x40, 0xff, 0xe0, 0x00, 0x41, 0xff, 0xe4, 0x00, 0x61, 0xff, 0xe4, 0x00, 0x8a, 0xff, 0xfe,
    0x00, 0x8f, 0x00, 0x05, 0x00, 0x99, 0xff, 0xf0, 0x00, 0x0a, 0x00, 0x0d, 0xff, 0xea, 0x00, 0x13,
    0xff, 0xd5, 0x00, 0x40, 0xff, 0xf6, 0x00, 0x41, 0xff, 0xdc, 0x00, 0x61, 0xff, 0xd9, 0x00, 0x64,
    0xff, 0xfd, 0x00, 0x84, 0xff, 0xfd, 0x00, 0x88, 0xff, 0xd4, 0x00, 0x8f, 0xff, 0xe3, 0x00, 0xa3,
    0xff, 0xfc, 0x00, 0x01, 0x00, 0x40, 0xff, 0xe8, 0x00, 0x0c, 0x00, 0x0d, 0x00, 0x05, 0x00, 0x40,
    0xff, 0xf2, 0x00, 0x41, 0x00, 0x03, 0x00, 0x61, 0x00, 0x04, 0x00, 0x84, 0xff, 0xf3, 0x00, 0x85,
    0xff, 0xfc, 0x00, 0x8b, 0xff, 0xf2, 0x00, 0x8f, 0xff, 0xfc, 0x00, 0x97, 0xff, 0xfb, 0x00, 0x9b,
    0xff, 0xfd, 0x00, 0xa1, 0xff, 0xf2, 0x00, 0xa3, 0xff, 0xfe, 0x00, 0x01, 0x00, 0x3e, 0x00, 0x04,
    0x00, 0x07, 0x00, 0x0a, 0x00, 0x0c, 0x00, 0x0e, 0x00, 0x0f, 0x00, 0x10, 0x00, 0x13, 0x00, 0x14,
    0x00, 0x16, 0x00, 0x17, 0x00, 0x18, 0x00, 0x19, 0x00, 0x1a, 0x00, 0x1b, 0x00, 0x1c, 0x00, 0x1d,
    0x00, 0x21, 0x00, 0x24, 0x00, 0x26, 0x00, 0x2a, 0x00, 0x34, 0x00, 0x35, 0x00, 0x3a, 0x00, 0x3c,
    0x00, 0x3f, 0x00, 0x40, 0x00, 0x4a, 0x00, 0x4b, 0x00, 0x4e, 0x00, 0x55, 0x00, 0x5a, 0x00, 0x5c,
    0x00, 0x5f, 0x00, 0x60, 0x00, 0x61, 0x00, 0x64, 0x00, 0x65, 0x00, 0x66, 0x00, 0x67, 0x00, 0x68,
    0x00, 0x6a, 0x00, 0x6b, 0x00, 0x6e, 0x00, 0x74, 0x00, 0x75, 0x00, 0x76, 0x00, 0x77, 0x00, 0x78,
    0x00, 0x79, 0x00, 0x84, 0x00, 0x85, 0x00, 0x86, 0x00, 0x87, 0x00, 0x88, 0x00, 0x8a, 0x00, 0x8b,
    0x00, 0x8e, 0x00, 0x95, 0x00, 0x96, 0x00, 0x97, 0x00, 0x99, 0x00, 0x02, 0x04, 0xb8, 0x00, 0x04,
    0x00, 0x00, 0x03, 0x40, 0x03, 0xca, 0x00, 0x11, 0x00, 0x18, 0x00, 0x00, 0xff, 0xf1, 0x00, 0x00,
    0x00, 0x00, 0x00, 0x00, 0x00, 0x00, 0x00, 0x00, 0x00, 0x00, 0x00, 0x00, 0x00, 0x00, 0x00, 0x00,
    0x00, 0x00, 0x00, 0x00, 0x00, 0x00, 0x00, 0x00, 0x00, 0x00, 0x00, 0x00, 0x00, 0x00, 0x00, 0x00,
    0x00, 0x00, 0x00, 0x00, 0x00, 0x00, 0x00, 0x00, 0x00, 0x00, 0x00, 0x00, 0xff, 0xb1, 0xff, 0xf6,
    0xff, 0xe7, 0xff, 0xb6, 0x00, 0x00, 0x00, 0x00, 0x00, 0x00, 0x00, 0x00, 0x00, 0x00, 0x00, 0x00,
    0x00, 0x00, 0x00, 0x00, 0x00, 0x00, 0x00, 0x00, 0x00, 0x00, 0x00, 0x00, 0x00, 0x00, 0x00, 0x00,
    0x00, 0x00, 0x00, 0x00, 0x00, 0x00, 0x00, 0x00, 0x00, 0x00, 0x00, 0x00, 0xff, 0xfb, 0x00, 0x00,
    0x00, 0x00, 0x00, 0x00, 0xff, 0xef, 0xff, 0xe9, 0xff, 0xfd, 0xff, 0xe5, 0xff, 0xe5, 0xff, 0xf7,
    0xff, 0xea, 0xff, 0xf7, 0xff, 0xf0, 0xff, 0xe0, 0xff, 0xf6, 0xff, 0xf0, 0x00, 0x00, 0x00, 0x00,
    0x00, 0x00, 0x00, 0x00, 0x00, 0x00, 0x00, 0x00, 0x00, 0x00, 0x00, 0x00, 0x00, 0x00, 0xff, 0xea,
    0x00, 0x00, 0xff, 0xea, 0x00, 0x00, 0x00, 0x00, 0x00, 0x00, 0x00, 0x00, 0x00, 0x00, 0x00, 0x00,
    0x00, 0x00, 0x00, 0x00, 0x00, 0x00, 0x00, 0x00, 0x00, 0x00, 0x00, 0x00, 0x00, 0x00, 0x00, 0x00,
    0x00, 0x00, 0x00, 0x00, 0x00, 0x00, 0x00, 0x00, 0x00, 0x00, 0x00, 0x00, 0x00, 0x00, 0x00, 0x00,
    0x00, 0x00, 0x00, 0x00, 0x00, 0x00, 0x00, 0x00, 0x00, 0x00, 0x00, 0x00, 0x00, 0x00, 0x00, 0x00,
    0x00, 0x00, 0x00, 0x00, 0x00, 0x00, 0x00, 0x00, 0x00, 0x00, 0x00, 0x00, 0xff, 0xf7, 0x00, 0x00,
    0x00, 0x00, 0x00, 0x00, 0x00, 0x00, 0x00, 0x00, 0x00, 0x00, 0x00, 0x00, 0xff, 0xc6, 0xff, 0xf7,
    0xff, 0xe8, 0xff, 0xc5, 0x00, 0x00, 0xff, 0xfd, 0x00, 0x00, 0x00, 0x00, 0x00, 0x00, 0x00, 0x00,
    0x00, 0x00, 0x00, 0x00, 0x00, 0x00, 0x00, 0x00, 0x00, 0x00, 0x00, 0x00, 0x00, 0x00, 0x00, 0x00,
    0x00, 0x00, 0x00, 0x00, 0x00, 0x00, 0x00, 0x00, 0x00, 0x00, 0x00, 0x00, 0x00, 0x00, 0xff, 0xe0,
    0x00, 0x00, 0xff, 0xe2, 0x00, 0x00, 0x00, 0x00, 0x00, 0x00, 0x00, 0x00, 0x00, 0x00, 0x00, 0x00,
    0x00, 0x00, 0x00, 0x00, 0x00, 0x00, 0x00, 0x00, 0x00, 0x00, 0x00, 0x00, 0x00, 0x00, 0x00, 0x00,
    0x00, 0x00, 0x00, 0x00, 0x00, 0x00, 0x00, 0x00, 0x00, 0x00, 0x00, 0x00, 0xff, 0xc7, 0x00, 0x00,
    0x00, 0x00, 0xff, 0xf2, 0x00, 0x00, 0x00, 0x00, 0x00, 0x00, 0x00, 0x00, 0x00, 0x00, 0x00, 0x00,
    0x00, 0x00, 0x00, 0x00, 0x00, 0x00, 0x00, 0x00, 0x00, 0x00, 0x00, 0x00, 0x00, 0x00, 0x00, 0x00,
    0x00, 0x00, 0x00, 0x00, 0x00, 0x00, 0x00, 0x00, 0x00, 0x00, 0x00, 0x00, 0x00, 0x00, 0xff, 0xf9,
    0x00, 0x00, 0xff, 0xf8, 0x00, 0x00, 0x00, 0x00, 0x00, 0x00, 0x00, 0x00, 0x00, 0x00, 0x00, 0x00,
    0x00, 0x00, 0x00, 0x00, 0x00, 0x00, 0x00, 0x00, 0x00, 0x00, 0x00, 0x00, 0xff, 0xe2, 0x00, 0x00,
    0x00, 0x00, 0x00, 0x00, 0x00, 0x00, 0x00, 0x00, 0x00, 0x00, 0x00, 0x00, 0x00, 0x00, 0xff, 0xe6,
    0x00, 0x00, 0xff, 0xe9, 0x00, 0x00, 0x00, 0x00, 0x00, 0x00, 0x00, 0x00, 0x00, 0x00, 0x00, 0x00,
    0x00, 0x00, 0x00, 0x00, 0x00, 0x00, 0x00, 0x00, 0x00, 0x00, 0x00, 0x00, 0x00, 0x00, 0x00, 0x00,
    0x00, 0x00, 0x00, 0x00, 0x00, 0x00, 0x00, 0x00, 0x00, 0x00, 0x00, 0x00, 0xff, 0xb7, 0xff, 0xe2,
    0xff, 0xe3, 0xff, 0xca, 0x00, 0x00, 0x00, 0x00, 0x00, 0x00, 0x00, 0x00, 0x00, 0x00, 0x00, 0x00,
    0x00, 0x00, 0x00, 0x00, 0x00, 0x00, 0x00, 0x00, 0x00, 0x00, 0x00, 0x00, 0x00, 0x00, 0x00, 0x00,
    0x00, 0x00, 0x00, 0x00, 0x00, 0x00, 0x00, 0x00, 0x00, 0x00, 0x00, 0x00, 0x00, 0x00, 0x00, 0x00,
    0x00, 0x00, 0x00, 0x00, 0x00, 0x00, 0x00, 0x00, 0x00, 0x00, 0xff, 0xf2, 0xff, 0xf0, 0x00, 0x00,
    0x00, 0x00, 0x00, 0x00, 0xff, 0xf9, 0x00, 0x00, 0x00, 0x00, 0x00, 0x00, 0x00, 0x00, 0xff, 0xe9,
    0x00, 0x00, 0x00, 0x00, 0x00, 0x00, 0x00, 0x00, 0x00, 0x00, 0x00, 0x00, 0x00, 0x00, 0xff, 0xf9,
    0x00, 0x00, 0xff, 0xf9, 0x00, 0x00, 0x00, 0x00, 0x00, 0x00, 0x00, 0x00, 0x00, 0x00, 0xff, 0xe2,
    0x00, 0x00, 0xff, 0xe1, 0x00, 0x00, 0x00, 0x00, 0x00, 0x00, 0xff, 0xe8, 0xff, 0xe8, 0xff, 0xf4,
    0xff, 0xe9, 0xff, 0xf5, 0xff, 0xf6, 0xff, 0xe2, 0x00, 0x00, 0x00, 0x00, 0x00, 0x00, 0xff, 0xfa,
    0x00, 0x00, 0xff, 0xf9, 0x00, 0x00, 0x00, 0x00, 0x00, 0x00, 0x00, 0x00, 0x00, 0x00, 0x00, 0x00,
    0x00, 0x00, 0x00, 0x00, 0x00, 0x00, 0x00, 0x00, 0x00, 0x00, 0x00, 0x00, 0x00, 0x00, 0x00, 0x00,
    0x00, 0x00, 0x00, 0x00, 0xff, 0xf8, 0x00, 0x00, 0x00, 0x00, 0x00, 0x00, 0x00, 0x00, 0xff, 0xe9,
    0x00, 0x00, 0xff, 0xf0, 0x00, 0x00, 0x00, 0x00, 0x00, 0x00, 0x00, 0x00, 0x00, 0x00, 0x00, 0x00,
    0x00, 0x00, 0xff, 0xfc, 0x00, 0x00, 0x00, 0x00, 0x00, 0x00, 0x00, 0x00, 0xff, 0xbe, 0x00, 0x00,
    0x00, 0x00, 0x00, 0x00, 0x00, 0x00, 0x00, 0x00, 0x00, 0x00, 0x00, 0x00, 0x00, 0x00, 0x00, 0x00,
    0x00, 0x00, 0xff, 0xfc, 0x00, 0x00, 0x00, 0x00, 0x00, 0x00, 0x00, 0x00, 0x00, 0x00, 0x00, 0x00,
    0x00, 0x00, 0x00, 0x00, 0x00, 0x00, 0x00, 0x00, 0x00, 0x00, 0x00, 0x00, 0x00, 0x00, 0x00, 0x00,
    0x00, 0x00, 0x00, 0x00, 0x00, 0x00, 0x00, 0x00, 0x00, 0x00, 0x00, 0x00, 0x00, 0x00, 0x00, 0x00,
    0x00, 0x00, 0x00, 0x00, 0xff, 0xf6, 0xff, 0xf1, 0x00, 0x00, 0xff, 0xde, 0xff, 0xde, 0xff, 0xaa,
    0xff, 0xe5, 0xff, 0xa3, 0xff, 0xea, 0xff, 0xd9, 0x00, 0x00, 0xff, 0xb5, 0xff, 0xd7, 0xff, 0xd8,
    0xff, 0xde, 0xff, 0xdc, 0x00, 0x00, 0xff, 0xec, 0xff, 0xf7, 0x00, 0x01, 0x00, 0x63, 0x00, 0x42,
    0x00, 0x0d, 0x00, 0x0e, 0x00, 0x04, 0x00, 0x0b, 0x00, 0x01, 0x00, 0x08, 0x00, 0x0d, 0x00, 0x03,
    0x00, 0x00, 0x00, 0x00, 0x00, 0x00, 0x00, 0x09, 0x00, 0x00, 0x00, 0x00, 0x00, 0x00, 0x00, 0x02,
    0x00, 0x00, 0x00, 0x07, 0x00, 0x0f, 0x00, 0x05, 0x00, 0x0a, 0x00, 0x00, 0x00, 0x06, 0x00, 0x0c,
    0x00, 0x00, 0x00, 0x00, 0x00, 0x0c, 0x00, 0x10, 0x00, 0x00, 0x00, 0x10, 0x00, 0x02, 0x00, 0x02,
    0x00, 0x00, 0x00, 0x0e, 0x00, 0x04, 0x00, 0x0b, 0x00, 0x01, 0x00, 0x08, 0x00, 0x0d, 0x00, 0x03,
    0x00, 0x00, 0x00, 0x00, 0x00, 0x00, 0x00, 0x09, 0x00, 0x00, 0x00, 0x00, 0x00, 0x00, 0x00, 0x02,
    0x00, 0x00, 0x00, 0x07, 0x00, 0x0f, 0x00, 0x05, 0x00, 0x0a, 0x00, 0x00, 0x00, 0x06, 0x00, 0x0c,
    0x00, 0x00, 0x00, 0x00, 0x00, 0x0c, 0x00, 0x10, 0x00, 0x00, 0x00, 0x10, 0x00, 0x02, 0x00, 0x02,
    0x00, 0x00, 0x00, 0x0d, 0x00, 0x02, 0x00, 0x27, 0x00, 0x06, 0x00, 0x06, 0x00, 0x11, 0x00, 0x0b,
    0x00, 0x0b, 0x00, 0x11, 0x00, 0x0d, 0x00, 0x0d, 0x00, 0x0d, 0x00, 0x0e, 0x00, 0x0e, 0x00, 0x13,
    0x00, 0x10, 0x00, 0x10, 0x00, 0x01, 0x00, 0x11, 0x00, 0x11, 0x00, 0x04, 0x00, 0x12, 0x00, 0x12,
    0x00, 0x01, 0x00, 0x13, 0x00, 0x13, 0x00, 0x05, 0x00, 0x1e, 0x00, 0x1f, 0x00, 0x03, 0x00, 0x23,
    0x00, 0x23, 0x00, 0x14, 0x00, 0x40, 0x00, 0x40, 0x00, 0x12, 0x00, 0x41, 0x00, 0x41, 0x00, 0x09,
    0x00, 0x61, 0x00, 0x61, 0x00, 0x08, 0x00, 0x64, 0x00, 0x64, 0x00, 0x06, 0x00, 0x68, 0x00, 0x68,
    0x00, 0x0f, 0x00, 0x6a, 0x00, 0x6a, 0x00, 0x0b, 0x00, 0x6f, 0x00, 0x6f, 0x00, 0x07, 0x00, 0x72,
    0x00, 0x72, 0x00, 0x02, 0x00, 0x75, 0x00, 0x75, 0x00, 0x02, 0x00, 0x76, 0x00, 0x76, 0x00, 0x0c,
    0x00, 0x77, 0x00, 0x77, 0x00, 0x10, 0x00, 0x78, 0x00, 0x78, 0x00, 0x15, 0x00, 0x79, 0x00, 0x79,
    0x00, 0x0e, 0x00, 0x7b, 0x00, 0x7b, 0x00, 0x16, 0x00, 0x7e, 0x00, 0x7e, 0x00, 0x0a, 0x00, 0x83,
    0x00, 0x83, 0x00, 0x17, 0x00, 0x84, 0x00, 0x84, 0x00, 0x06, 0x00, 0x88, 0x00, 0x88, 0x00, 0x0f,
    0x00, 0x8a, 0x00, 0x8a, 0x00, 0x0b, 0x00, 0x8f, 0x00, 0x8f, 0x00, 0x07, 0x00, 0x92, 0x00, 0x92,
    0x00, 0x02, 0x00, 0x95, 0x00, 0x95, 0x00, 0x02, 0x00, 0x96, 0x00, 0x96, 0x00, 0x0c, 0x00, 0x97,
    0x00, 0x97, 0x00, 0x10, 0x00, 0x98, 0x00, 0x98, 0x00, 0x15, 0x00, 0x99, 0x00, 0x99, 0x00, 0x0e,
    0x00, 0x9b, 0x00, 0x9b, 0x00, 0x16, 0x00, 0x9e, 0x00, 0x9e, 0x00, 0x0a, 0x00, 0xa3, 0x00, 0xa3,
    0x00, 0x17, 0x00, 0x02, 0x00, 0x0d, 0x00, 0x63, 0x00, 0x6a, 0x00, 0x00, 0x00, 0x6e, 0x00, 0x6e,
    0x00, 0x08, 0x00, 0x72, 0x00, 0x72, 0x00, 0x09, 0x00, 0x74, 0x00, 0x7a, 0x00, 0x0a, 0x00, 0x7d,
    0x00, 0x7e, 0x00, 0x11, 0x00, 0x80, 0x00, 0x82, 0x00, 0x13, 0x00, 0x84, 0x00, 0x8a, 0x00, 0x16,
    0x00, 0x8e, 0x00, 0x8e, 0x00, 0x1d, 0x00, 0x92, 0x00, 0x92, 0x00, 0x1e, 0x00, 0x94, 0x00, 0x9a,
    0x00, 0x1f, 0x00, 0x9d, 0x00, 0x9e, 0x00, 0x26, 0x00, 0xa0, 0x00, 0xa2, 0x00, 0x28, 0x00, 0xa4,
    0x00, 0xa4, 0x00, 0x2b, 0x00, 0x02, 0x09, 0xa0, 0x00, 0x04, 0x00, 0x00, 0x07, 0x4a, 0x08, 0x54,
    0x00, 0x19, 0x00, 0x25, 0x00, 0x00, 0xff, 0x91, 0xff, 0xba, 0xff, 0xf3, 0xff, 0xeb, 0xff, 0xfe,
    0xff, 0xf9, 0xff, 0xf0, 0xff, 0xcf, 0x00, 0x00, 0x00, 0x00, 0x00, 0x00, 0x00, 0x00, 0x00, 0x00,
    0x00, 0x00, 0x00, 0x00, 0x00, 0x00, 0x00, 0x00, 0x00, 0x00, 0x00, 0x00, 0x00, 0x00, 0x00, 0x00,
    0x00, 0x00, 0x00, 0x00, 0x00, 0x00, 0x00, 0x00, 0x00, 0x00, 0x00, 0x00, 0x00, 0x00, 0x00, 0x00,
    0x00, 0x00, 0x00, 0x00, 0x00, 0x00, 0x00, 0x00, 0x00, 0x00, 0x00, 0x00, 0x00, 0x00, 0x00, 0x00,
    0xff, 0x86, 0xff, 0x98, 0xff, 0xda, 0xff, 0xbb, 0xff, 0xe6, 0xff, 0xdb, 0xff, 0xca, 0xff, 0xb5,
    0xff, 0xe8, 0xff, 0xb3, 0xff, 0xff, 0xff, 0xab, 0xff, 0xe2, 0x00, 0x07, 0xff, 0xeb, 0xff, 0xed,
    0xff, 0xe7, 0x00, 0x08, 0xff, 0xd5, 0xff, 0xf6, 0xff, 0xee, 0xff, 0xed, 0xff, 0xd6, 0x00, 0x01,
    0xff, 0xe7, 0x00, 0x00, 0x00, 0x00, 0x00, 0x00, 0x00, 0x00, 0x00, 0x00, 0x00, 0x00, 0x00, 0x00,
    0x00, 0x00, 0x00, 0x00, 0x00, 0x00, 0x00, 0x00, 0x00, 0x00, 0x00, 0x00, 0xff, 0xf5, 0x00, 0x00,
    0xff, 0xfc, 0x00, 0x00, 0x00, 0x00, 0x00, 0x00, 0x00, 0x00, 0x00, 0x00, 0x00, 0x04, 0xff, 0xeb,
    0x00, 0x00, 0x00, 0x00, 0x00, 0x00, 0x00, 0x00, 0x00, 0x00, 0x00, 0x00, 0x00, 0x00, 0x00, 0x00,
    0x00, 0x04, 0x00, 0x00, 0x00, 0x00, 0x00, 0x04, 0xff, 0xec, 0x00, 0x00, 0x00, 0x0a, 0xff, 0xf5,
    0xff, 0xfb, 0x00, 0x07, 0xff, 0xee, 0xff, 0xee, 0xff, 0xf9, 0x00, 0x00, 0x00, 0x00, 0x00, 0x00,
    0x00, 0x00, 0x00, 0x00, 0xff, 0xf1, 0x00, 0x00, 0x00, 0x00, 0xff, 0xf2, 0x00, 0x00, 0x00, 0x00,
    0x00, 0x00, 0x00, 0x00, 0x00, 0x00, 0x00, 0x00, 0x00, 0x00, 0x00, 0x00, 0x00, 0x00, 0x00, 0x00,
    0x00, 0x00, 0x00, 0x00, 0x00, 0x00, 0x00, 0x00, 0x00, 0x00, 0x00, 0x00, 0x00, 0x00, 0x00, 0x00,
    0x00, 0x00, 0xff, 0xfc, 0x00, 0x00, 0x00, 0x00, 0xff, 0xea, 0xff, 0xf1, 0x00, 0x00, 0xff, 0xfe,
    0xff, 0xdc, 0x00, 0x00, 0xff, 0xf6, 0x00, 0x00, 0x00, 0x00, 0x00, 0x00, 0x00, 0x00, 0x00, 0x00,
    0x00, 0x00, 0x00, 0x00, 0x00, 0x00, 0x00, 0x00, 0x00, 0x00, 0x00, 0x00, 0x00, 0x00, 0x00, 0x00,
    0x00, 0x00, 0x00, 0x00, 0x00, 0x00, 0x00, 0x00, 0x00, 0x00, 0x00, 0x00, 0x00, 0x00, 0x00, 0x00,
    0x00, 0x00, 0x00, 0x00, 0x00, 0x00, 0x00, 0x00, 0x00, 0x00, 0x00, 0x00, 0x00, 0x00, 0x00, 0x00,
    0x00, 0x00, 0x00, 0x00, 0x00, 0x00, 0x00, 0x00, 0x00, 0x00, 0x00, 0x00, 0x00, 0x00, 0x00, 0x00,
    0xff, 0xfe, 0xff, 0xfe, 0x00, 0x00, 0x00, 0x00, 0x00, 0x00, 0xff, 0xec, 0x00, 0x00, 0x00, 0x00,
    0x00, 0x00, 0x00, 0x00, 0x00, 0x00, 0xff, 0xfd, 0x00, 0x00, 0x00, 0x00, 0xff, 0xe7, 0xff, 0xf5,
    0x00, 0x00, 0x00, 0x00, 0x00, 0x00, 0x00, 0x00, 0x00, 0x00, 0x00, 0x00, 0x00, 0x00, 0x00, 0x00,
    0x00, 0x00, 0x00, 0x00, 0x00, 0x00, 0xff, 0xe7, 0x00, 0x00, 0x00, 0x00, 0xff, 0xea, 0xff, 0xf1,
    0x00, 0x00, 0xff, 0xe1, 0xff, 0xdc, 0xff, 0xf2, 0xff, 0xf8, 0x00, 0x00, 0xff, 0xfd, 0x00, 0x00,
    0x00, 0x00, 0xff, 0x9e, 0xff, 0xb3, 0xff, 0xea, 0xff, 0xd6, 0xff, 0xef, 0xff, 0xea, 0xff, 0xe9,
    0xff, 0xc3, 0x00, 0x00, 0x00, 0x00, 0x00, 0x00, 0x00, 0x00, 0x00, 0x00, 0x00, 0x00, 0x00, 0x00,
    0x00, 0x00, 0x00, 0x00, 0x00, 0x00, 0x00, 0x00, 0x00, 0x00, 0x00, 0x00, 0x00, 0x00, 0x00, 0x00,
    0x00, 0x00, 0x00, 0x00, 0x00, 0x00, 0x00, 0x00, 0x00, 0x00, 0x00, 0x00, 0x00, 0x00, 0x00, 0x00,
    0x00, 0x00, 0x00, 0x00, 0x00, 0x00, 0x00, 0x00, 0x00, 0x00, 0x00, 0x00, 0xff, 0xf8, 0x00, 0x00,
    0x00, 0x00, 0xff, 0xe8, 0xff, 0xf0, 0xff, 0xe6, 0xff, 0xde, 0x00, 0x00, 0x00, 0x00, 0x00, 0x00,
    0x00, 0x00, 0x00, 0x00, 0x00, 0x00, 0x00, 0x00, 0x00, 0x00, 0x00, 0x00, 0x00, 0x00, 0x00, 0x00,
    0x00, 0x00, 0x00, 0x00, 0x00, 0x00, 0x00, 0x00, 0x00, 0x00, 0x00, 0x04, 0x00, 0x00, 0xff, 0xfc,
    0x00, 0x00, 0x00, 0x00, 0x00, 0x00, 0x00, 0x00, 0x00, 0x00, 0x00, 0x06, 0x00, 0x00, 0xff, 0xfc,
    0x00, 0x00, 0x00, 0x00, 0x00, 0x00, 0x00, 0x00, 0x00, 0x00, 0x00, 0x00, 0xff, 0xf9, 0x00, 0x00,
    0xff, 0xfa, 0xff, 0xf5, 0x00, 0x00, 0x00, 0x00, 0x00, 0x00, 0x00, 0x00, 0x00, 0x00, 0x00, 0x00,
    0x00, 0x00, 0x00, 0x00, 0x00, 0x00, 0x00, 0x00, 0x00, 0x00, 0x00, 0x00, 0x00, 0x00, 0x00, 0x00,
    0x00, 0x00, 0x00, 0x00, 0x00, 0x00, 0x00, 0x00, 0x00, 0x00, 0x00, 0x00, 0x00, 0x00, 0x00, 0x00,
    0x00, 0x00, 0x00, 0x00, 0x00, 0x00, 0x00, 0x00, 0x00, 0x00, 0x00, 0x00, 0x00, 0x00, 0x00, 0x00,
    0x00, 0x00, 0x00, 0x00, 0x00, 0x00, 0xff, 0xf6, 0x00, 0x00, 0xff, 0xfa, 0xff, 0xea, 0x00, 0x00,
    0x00, 0x00, 0x00, 0x00, 0x00, 0x00, 0x00, 0x00, 0x00, 0x00, 0x00, 0x00, 0x00, 0x00, 0x00, 0x00,
    0x00, 0x00, 0x00, 0x00, 0x00, 0x00, 0x00, 0x00, 0x00, 0x00, 0x00, 0x00, 0x00, 0x00, 0x00, 0x00,
    0x00, 0x00, 0x00, 0x00, 0x00, 0x00, 0x00, 0x00, 0x00, 0x00, 0x00, 0x00, 0x00, 0x00, 0x00, 0x00,
    0x00, 0x00, 0x00, 0x00, 0x00, 0x00, 0x00, 0x00, 0x00, 0x00, 0x00, 0x00, 0xff, 0xe8, 0x00, 0x00,
    0x00, 0x00, 0x00, 0x00, 0x00, 0x00, 0x00, 0x00, 0xff, 0xfb, 0x00, 0x00, 0x00, 0x00, 0xff, 0xe5,
    0xff, 0xef, 0x00, 0x00, 0x00, 0x00, 0x00, 0x00, 0x00, 0x00, 0x00, 0x00, 0x00, 0x00, 0x00, 0x00,
    0x00, 0x00, 0x00, 0x00, 0x00, 0x00, 0x00, 0x00, 0xff, 0xe5, 0x00, 0x00, 0x00, 0x00, 0xff, 0xea,
    0xff, 0xf1, 0x00, 0x00, 0xff, 0xe0, 0xff, 0xdb, 0xff, 0xf0, 0xff, 0xf7, 0x00, 0x00, 0xff, 0xfa,
    0x00, 0x00, 0x00, 0x00, 0x00, 0x00, 0x00, 0x00, 0x00, 0x00, 0x00, 0x00, 0x00, 0x00, 0x00, 0x00,
    0x00, 0x00, 0x00, 0x00, 0x00, 0x00, 0x00, 0x00, 0x00, 0x00, 0x00, 0x00, 0x00, 0x00, 0x00, 0x00,
    0x00, 0x00, 0x00, 0x00, 0x00, 0x00, 0x00, 0x00, 0x00, 0x00, 0x00, 0x00, 0x00, 0x00, 0x00, 0x00,
    0x00, 0x00, 0x00, 0x00, 0x00, 0x00, 0x00, 0x00, 0x00, 0x00, 0x00, 0x00, 0x00, 0x00, 0x00, 0x00,
    0x00, 0x00, 0x00, 0x00, 0x00, 0x00, 0x00, 0x00, 0xff, 0xfe, 0x00, 0x00, 0x00, 0x00, 0x00, 0x00,
    0xff, 0xe7, 0x00, 0x00, 0x00, 0x00, 0x00, 0x00, 0x00, 0x00, 0x00, 0x00, 0xff, 0xf5, 0x00, 0x00,
    0x00, 0x00, 0xff, 0xe4, 0xff, 0xec, 0x00, 0x00, 0xff, 0xf9, 0x00, 0x00, 0x00, 0x00, 0x00, 0x00,
    0x00, 0x00, 0x00, 0x00, 0x00, 0x00, 0x00, 0x00, 0x00, 0x00, 0x00, 0x00, 0xff, 0xe2, 0x00, 0x00,
    0x00, 0x00, 0xff, 0xe8, 0xff, 0xf1, 0x00, 0x00, 0xff, 0xdc, 0xff, 0xd6, 0xff, 0xee, 0xff, 0xf4,
    0x00, 0x00, 0xff, 0xf9, 0x00, 0x00, 0x00, 0x00, 0x00, 0x00, 0xff, 0xf0, 0x00, 0x00, 0x00, 0x00,
    0x00, 0x00, 0x00, 0x00, 0xff, 0xf5, 0x00, 0x00, 0x00, 0x00, 0x00, 0x00, 0xff, 0xeb, 0x00, 0x00,
    0x00, 0x00, 0x00, 0x00, 0x00, 0x00, 0x00, 0x00, 0x00, 0x00, 0x00, 0x00, 0x00, 0x00, 0x00, 0x00,
    0x00, 0x00, 0x00, 0x00, 0x00, 0x00, 0xff, 0xec, 0x00, 0x00, 0x00, 0x00, 0xff, 0xed, 0xff, 0xf2,
    0x00, 0x00, 0xff, 0xe7, 0xff, 0xe5, 0xff, 0xfa, 0x00, 0x00, 0x00, 0x00, 0x00, 0x00, 0x00, 0x00,
    0x00, 0x00, 0x00, 0x00, 0x00, 0x00, 0x00, 0x00, 0x00, 0x00, 0x00, 0x00, 0x00, 0x00, 0xff, 0xfd,
    0x00, 0x00, 0x00, 0x00, 0x00, 0x00, 0x00, 0x00, 0x00, 0x00, 0x00, 0x00, 0x00, 0x00, 0x00, 0x00,
    0x00, 0x00, 0x00, 0x00, 0x00, 0x00, 0x00, 0x00, 0x00, 0x00, 0x00, 0x00, 0x00, 0x00, 0x00, 0x00,
    0x00, 0x00, 0x00, 0x00, 0x00, 0x00, 0x00, 0x00, 0x00, 0x00, 0x00, 0x00, 0x00, 0x00, 0x00, 0x00,
    0x00, 0x00, 0x00, 0x00, 0x00, 0x00, 0x00, 0x00, 0x00, 0x00, 0x00, 0x00, 0xff, 0xb2, 0xff, 0xc4,
    0xff, 0xf4, 0xff, 0xe5, 0xff, 0xf5, 0xff, 0xf1, 0xff, 0xf5, 0xff, 0xd5, 0xff, 0xf8, 0xff, 0xe5,
    0x00, 0x00, 0xff, 0xcb, 0xff, 0xe9, 0x00, 0x00, 0xff, 0xf9, 0xff, 0xf9, 0xff, 0xf7, 0x00, 0x00,
    0xff, 0xf1, 0x00, 0x00, 0xff, 0xf9, 0xff, 0xf8, 0xff, 0xeb, 0x00, 0x00, 0xff, 0xf8, 0x00, 0x00,
    0x00, 0x00, 0x00, 0x00, 0x00, 0x00, 0x00, 0x00, 0x00, 0x00, 0xff, 0xfc, 0x00, 0x00, 0x00, 0x00,
    0x00, 0x00, 0x00, 0x00, 0x00, 0x00, 0x00, 0x00, 0x00, 0x00, 0x00, 0x00, 0xff, 0xee, 0x00, 0x00,
    0xff, 0xf5, 0xff, 0xe1, 0x00, 0x00, 0x00, 0x00, 0x00, 0x00, 0x00, 0x00, 0x00, 0x00, 0xff, 0xeb,
    0xff, 0xbe, 0x00, 0x00, 0x00, 0x00, 0x00, 0x00, 0xff, 0xeb, 0x00, 0x00, 0xff, 0xc5, 0x00, 0x00,
    0x00, 0x00, 0x00, 0x00, 0x00, 0x00, 0x00, 0x00, 0xff, 0x97, 0xff, 0xa2, 0xff, 0xab, 0xff, 0xd2,
    0x00, 0x00, 0xff, 0x8f, 0xff, 0xfc, 0xff, 0x96, 0xff, 0xf2, 0x00, 0x00, 0xff, 0x97, 0x00, 0x00,
    0xff, 0xfb, 0x00, 0x00, 0x00, 0x00, 0xff, 0xf0, 0xff, 0xf0, 0xff, 0xe8, 0xff, 0xe8, 0x00, 0x00,
    0xff, 0xf1, 0xff, 0xf4, 0xff, 0xfe, 0x00, 0x00, 0xff, 0xe8, 0xff, 0xc1, 0x00, 0x00, 0xff, 0xf2,
    0xff, 0xf3, 0xff, 0xec, 0xff, 0xf2, 0xff, 0xcd, 0xff, 0xf2, 0xff, 0xf8, 0xff, 0xf5, 0x00, 0x00,
    0xff, 0xf1, 0xff, 0xc0, 0xff, 0xb3, 0xff, 0xc4, 0xff, 0xd2, 0x00, 0x00, 0xff, 0x98, 0x00, 0x01,
    0xff, 0xaf, 0xff, 0xe9, 0x00, 0x00, 0xff, 0xbe, 0x00, 0x00, 0xff, 0x91, 0xff, 0xc1, 0x00, 0x00,
    0xff, 0xf2, 0x00, 0x00, 0x00, 0x00, 0x00, 0x00, 0xff, 0xc7, 0x00, 0x00, 0x00, 0x00, 0x00, 0x00,
    0x00, 0x00, 0x00, 0x00, 0x00, 0x00, 0x00, 0x00, 0x00, 0x00, 0x00, 0x00, 0x00, 0x00, 0x00, 0x00,
    0x00, 0x00, 0x00, 0x00, 0x00, 0x00, 0x00, 0x00, 0x00, 0x00, 0x00, 0x00, 0x00, 0x00, 0x00, 0x00,
    0xff, 0xf9, 0x00, 0x00, 0x00, 0x00, 0xff, 0xe9, 0x00, 0x00, 0x00, 0x00, 0x00, 0x00, 0xff, 0xf9,
    0x00, 0x00, 0x00, 0x00, 0xff, 0x93, 0xff, 0xaf, 0xff, 0xe8, 0xff, 0xc6, 0x00, 0x00, 0xff, 0xf7,
    0xff, 0xe2, 0xff, 0xc6, 0x00, 0x00, 0xff, 0xc4, 0x00, 0x00, 0xff, 0xbe, 0xff, 0xe9, 0x00, 0x00,
    0x00, 0x00, 0x00, 0x00, 0x00, 0x00, 0x00, 0x00, 0xff, 0xf0, 0x00, 0x03, 0x00, 0x00, 0x00, 0x00,
    0xff, 0xea, 0x00, 0x00, 0x00, 0x00, 0x00, 0x0a, 0x00, 0x00, 0x00, 0x00, 0x00, 0x05, 0x00, 0x00,
    0x00, 0x00, 0x00, 0x00, 0x00, 0x00, 0x00, 0x00, 0x00, 0x00, 0x00, 0x00, 0x00, 0x00, 0xff, 0xf0,
    0x00, 0x00, 0x00, 0x00, 0xff, 0xe2, 0xff, 0xe7, 0xff, 0xe0, 0xff, 0xde, 0x00, 0x00, 0x00, 0x00,
    0x00, 0x00, 0x00, 0x00, 0x00, 0x00, 0x00, 0x00, 0x00, 0x00, 0x00, 0x00, 0x00, 0x00, 0x00, 0x00,
    0x00, 0x00, 0x00, 0x00, 0x00, 0x00, 0x00, 0x00, 0x00, 0x00, 0x00, 0x00, 0x00, 0x00, 0x00, 0x00,
    0x00, 0x00, 0x00, 0x00, 0x00, 0x00, 0x00, 0x00, 0x00, 0x00, 0x00, 0x00, 0x00, 0x00, 0x00, 0x00,
    0xff, 0xfc, 0x00, 0x00, 0x00, 0x00, 0x00, 0x00, 0x00, 0x00, 0xff, 0xf0, 0x00, 0x00, 0x00, 0x00,
    0x00, 0x00, 0x00, 0x00, 0xff, 0xf9, 0x00, 0x00, 0x00, 0x00, 0x00, 0x00, 0x00, 0x00, 0x00, 0x00,
    0x00, 0x00, 0x00, 0x00, 0x00, 0x00, 0x00, 0x00, 0x00, 0x00, 0x00, 0x00, 0x00, 0x00, 0x00, 0x00,
    0x00, 0x00, 0x00, 0x00, 0x00, 0x00, 0x00, 0x00, 0x00, 0x00, 0x00, 0x00, 0x00, 0x00, 0xff, 0xef,
    0x00, 0x00, 0x00, 0x00, 0xff, 0xdb, 0x00, 0x00, 0xff, 0xf4, 0x00, 0x00, 0x00, 0x00, 0x00, 0x00,
    0x00, 0x00, 0xff, 0xfd, 0x00, 0x00, 0x00, 0x00, 0x00, 0x00, 0x00, 0x00, 0x00, 0x00, 0x00, 0x00,
    0x00, 0x00, 0x00, 0x00, 0x00, 0x00, 0x00, 0x00, 0x00, 0x00, 0x00, 0x00, 0x00, 0x00, 0x00, 0x00,
    0x00, 0x00, 0x00, 0x00, 0x00, 0x00, 0x00, 0x00, 0x00, 0x00, 0x00, 0x00, 0x00, 0x00, 0x00, 0x00,
    0x00, 0x00, 0x00, 0x00, 0x00, 0x00, 0x00, 0x00, 0xff, 0xf0, 0x00, 0x00, 0x00, 0x00, 0xff, 0xd2,
    0x00, 0x00, 0xff, 0xef, 0x00, 0x00, 0x00, 0x00, 0x00, 0x00, 0x00, 0x00, 0x00, 0x00, 0xff, 0xed,
    0x00, 0x00, 0x00, 0x00, 0x00, 0x00, 0x00, 0x00, 0x00, 0x00, 0xff, 0xf5, 0x00, 0x00, 0x00, 0x00,
    0xff, 0xfa, 0xff, 0xed, 0x00, 0x00, 0x00, 0x00, 0x00, 0x00, 0x00, 0x00, 0x00, 0x00, 0x00, 0x00,
    0x00, 0x00, 0x00, 0x00, 0x00, 0x00, 0x00, 0x00, 0x00, 0x00, 0xff, 0xfa, 0x00, 0x00, 0x00, 0x00,
    0x00, 0x00, 0x00, 0x00, 0x00, 0x00, 0xff, 0xfc, 0x00, 0x00, 0xff, 0xfb, 0x00, 0x00, 0x00, 0x00,
    0x00, 0x00, 0x00, 0x00, 0x00, 0x00, 0xff, 0xfd, 0xff, 0xea, 0x00, 0x00, 0x00, 0x00, 0x00, 0x00,
    0x00, 0x00, 0x00, 0x00, 0xff, 0xf4, 0x00, 0x00, 0x00, 0x00, 0xff, 0xf4, 0xff, 0xeb, 0x00, 0x00,
    0x00, 0x00, 0x00, 0x00, 0x00, 0x00, 0x00, 0x00, 0x00, 0x00, 0x00, 0x00, 0x00, 0x00, 0x00, 0x00,
    0x00, 0x00, 0x00, 0x00, 0xff, 0xfa, 0x00, 0x00, 0x00, 0x00, 0x00, 0x00, 0x00, 0x00, 0x00, 0x00,
    0xff, 0xfc, 0x00, 0x00, 0xff, 0xfb, 0x00, 0x00, 0x00, 0x00, 0x00, 0x00, 0x00, 0x00, 0x00, 0x01,
    0x00, 0x25, 0x00, 0x82, 0x00, 0x11, 0x00, 0x15, 0x00, 0x02, 0x00, 0x0c, 0x00, 0x08, 0x00, 0x00,
    0x00, 0x05, 0x00, 0x0e, 0x00, 0x0e, 0x00, 0x17, 0x00, 0x07, 0x00, 0x10, 0x00, 0x0e, 0x00, 0x0e,
    0x00, 0x0a, 0x00, 0x12, 0x00, 0x16, 0x00, 0x03, 0x00, 0x0d, 0x00, 0x13, 0x00, 0x18, 0x00, 0x06,
    0x00, 0x0f, 0x00, 0x14, 0x00, 0x01, 0x00, 0x09, 0x00, 0x00, 0x00, 0x00, 0x00, 0x00, 0x00, 0x00,
    0x00, 0x00, 0x00, 0x00, 0x00, 0x11, 0x00, 0x15, 0x00, 0x02, 0x00, 0x0c, 0x00, 0x08, 0x00, 0x00,
    0x00, 0x05, 0x00, 0x0e, 0x00, 0x0e, 0x00, 0x17, 0x00, 0x07, 0x00, 0x10, 0x00, 0x0e, 0x00, 0x0e,
    0x00, 0x0a, 0x00, 0x12, 0x00, 0x16, 0x00, 0x03, 0x00, 0x0d, 0x00, 0x13, 0x00, 0x18, 0x00, 0x06,
    0x00, 0x0f, 0x00, 0x14, 0x00, 0x01, 0x00, 0x09, 0x00, 0x00, 0x00, 0x00, 0x00, 0x00, 0x00, 0x00,
    0x00, 0x00, 0x00, 0x00, 0x00, 0x00, 0x00, 0x00, 0x00, 0x00, 0x00, 0x00, 0x00, 0x00, 0x00, 0x00,
    0x00, 0x00, 0x00, 0x00, 0x00, 0x00, 0x00, 0x00, 0x00, 0x00, 0x00, 0x00, 0x00, 0x00, 0x00, 0x00,
    0x00, 0x00, 0x00, 0x00, 0x00, 0x00, 0x00, 0x00, 0x00, 0x00, 0x00, 0x00, 0x00, 0x00, 0x00, 0x00,
    0x00, 0x00, 0x00, 0x00, 0x00, 0x00, 0x00, 0x00, 0x00, 0x00, 0x00, 0x00, 0x00, 0x00, 0x00, 0x00,
    0x00, 0x00, 0x00, 0x00, 0x00, 0x00, 0x00, 0x00, 0x00, 0x00, 0x00, 0x00, 0x00, 0x00, 0x00, 0x00,
    0x00, 0x00, 0x00, 0x00, 0x00, 0x00, 0x00, 0x00, 0x00, 0x00, 0x00, 0x00, 0x00, 0x00, 0x00, 0x00,
    0x00, 0x00, 0x00, 0x00, 0x00, 0x00, 0x00, 0x00, 0x00, 0x00, 0x00, 0x00, 0x00, 0x00, 0x00, 0x00,
    0x00, 0x00, 0x00, 0x00, 0x00, 0x00, 0x00, 0x00, 0x00, 0x00, 0x00, 0x00, 0x00, 0x00, 0x00, 0x00,
    0x00, 0x00, 0x00, 0x00, 0x00, 0x0b, 0x00, 0x04, 0x00, 0x01, 0x00, 0x04, 0x00, 0xa3, 0x00, 0x0d,
    0x00, 0x00, 0x00, 0x24, 0x00, 0x00, 0x00, 0x00, 0x00, 0x00, 0x00, 0x17, 0x00, 0x24, 0x00, 0x00,
    0x00, 0x20, 0x00, 0x1a, 0x00, 0x00, 0x00, 0x08, 0x00, 0x04, 0x00, 0x08, 0x00, 0x0c, 0x00, 0x19,
    0x00, 0x14, 0x00, 0x0f, 0x00, 0x15, 0x00, 0x0a, 0x00, 0x16, 0x00, 0x09, 0x00, 0x12, 0x00, 0x11,
    0x00, 0x10, 0x00, 0x03, 0x00, 0x03, 0x00, 0x00, 0x00, 0x00, 0x00, 0x00, 0x00, 0x1d, 0x00, 0x13,
    0x00, 0x02, 0x00, 0x00, 0x00, 0x06, 0x00, 0x00, 0x00, 0x00, 0x00, 0x00, 0x00, 0x06, 0x00, 0x00,
    0x00, 0x00, 0x00, 0x01, 0x00, 0x00, 0x00, 0x00, 0x00, 0x00, 0x00, 0x00, 0x00, 0x06, 0x00, 0x00,
    0x00, 0x06, 0x00, 0x00, 0x00, 0x05, 0x00, 0x21, 0x00, 0x22, 0x00, 0x1b, 0x00, 0x1c, 0x00, 0x1e,
    0x00, 0x1f, 0x00, 0x23, 0x00, 0x00, 0x00, 0x0e, 0x00, 0x0b, 0x00, 0x00, 0x00, 0x00, 0x00, 0x00,
    0x00, 0x02, 0x00, 0x00, 0x00, 0x06, 0x00, 0x00, 0x00, 0x00, 0x00, 0x00, 0x00, 0x06, 0x00, 0x00,
    0x00, 0x00, 0x00, 0x01, 0x00, 0x00, 0x00, 0x00, 0x00, 0x00, 0x00, 0x00, 0x00, 0x06, 0x00, 0x00,
    0x00, 0x06, 0x00, 0x00, 0x00, 0x05, 0x00, 0x21, 0x00, 0x22, 0x00, 0x1b, 0x00, 0x1c, 0x00, 0x1e,
    0x00, 0x1f, 0x00, 0x23, 0x00, 0x00, 0x00, 0x00, 0x00, 0x18, 0x00, 0x00, 0x00, 0x00, 0x00, 0x00,
    0x00, 0x00, 0x00, 0x00, 0x00, 0x00, 0x00, 0x00, 0x00, 0x00, 0x00, 0x00, 0x00, 0x00, 0x00, 0x00,
    0x00, 0x00, 0x00, 0x00, 0x00, 0x00, 0x00, 0x00, 0x00, 0x00, 0x00, 0x00, 0x00, 0x00, 0x00, 0x00,
    0x00, 0x00, 0x00, 0x00, 0x00, 0x00, 0x00, 0x00, 0x00, 0x00, 0x00, 0x00, 0x00, 0x00, 0x00, 0x00,
    0x00, 0x00, 0x00, 0x00, 0x00, 0x00, 0x00, 0x00, 0x00, 0x00, 0x00, 0x00, 0x00, 0x00, 0x00, 0x00,
    0x00, 0x00, 0x00, 0x00, 0x00, 0x00, 0x00, 0x00, 0x00, 0x00, 0x00, 0x00, 0x00, 0x00, 0x00, 0x00,
    0x00, 0x00, 0x00, 0x00, 0x00, 0x00, 0x00, 0x00, 0x00, 0x00, 0x00, 0x00, 0x00, 0x00, 0x00, 0x00,
    0x00, 0x00, 0x00, 0x00, 0x00, 0x00, 0x00, 0x00, 0x00, 0x00, 0x00, 0x00, 0x00, 0x00, 0x00, 0x00,
    0x00, 0x00, 0x00, 0x00, 0x00, 0x00, 0x00, 0x00, 0x00, 0x00, 0x00, 0x00, 0x00, 0x00, 0x00, 0x00,
    0x00, 0x07, 0x00, 0x07, 0x00, 0x02, 0x00, 0x03, 0x00, 0x25, 0x00, 0x3e, 0x00, 0x00, 0x00, 0x45,
    0x00, 0x5e, 0x00, 0x1a, 0x00, 0xa5, 0x00, 0xa6, 0x00, 0x34, 0x00, 0x02, 0x09, 0x78, 0x00, 0x04,
    0x00, 0x00, 0x07, 0x9c, 0x08, 0x30, 0x00, 0x17, 0x00, 0x2a, 0x00, 0x00, 0xff, 0xd8, 0x00, 0x00,
    0x00, 0x00, 0x00, 0x00, 0x00, 0x00, 0x00, 0x00, 0x00, 0x00, 0x00, 0x00, 0x00, 0x00, 0x00, 0x00,
    0x00, 0x00, 0x00, 0x00, 0x00, 0x00, 0x00, 0x00, 0x00, 0x00, 0x00, 0x00, 0x00, 0x00, 0x00, 0x00,
    0x00, 0x00, 0x00, 0x00, 0x00, 0x00, 0x00, 0x00, 0x00, 0x00, 0x00, 0x00, 0x00, 0x00, 0x00, 0x00,
    0x00, 0x00, 0x00, 0x00, 0x00, 0x00, 0x00, 0x00, 0x00, 0x00, 0x00, 0x00, 0x00, 0x00, 0x00, 0x00,
    0x00, 0x00, 0x00, 0x00, 0x00, 0x00, 0x00, 0x00, 0x00, 0x00, 0x00, 0x00, 0x00, 0x00, 0x00, 0x00,
    0x00, 0x00, 0x00, 0x00, 0xff, 0xfb, 0x00, 0x00, 0x00, 0x00, 0x00, 0x00, 0x00, 0x00, 0xff, 0xf8,
    0x00, 0x00, 0x00, 0x00, 0xff, 0xf0, 0x00, 0x00, 0x00, 0x00, 0x00, 0x00, 0x00, 0x00, 0x00, 0x00,
    0x00, 0x00, 0x00, 0x00, 0xff, 0xe7, 0x00, 0x00, 0x00, 0x00, 0x00, 0x00, 0x00, 0x00, 0x00, 0x00,
    0x00, 0x00, 0x00, 0x00, 0x00, 0x00, 0x00, 0x00, 0x00, 0x00, 0x00, 0x00, 0x00, 0x00, 0x00, 0x00,
    0x00, 0x00, 0x00, 0x00, 0x00, 0x00, 0x00, 0x00, 0x00, 0x00, 0x00, 0x00, 0x00, 0x00, 0x00, 0x00,
    0x00, 0x00, 0x00, 0x00, 0xff, 0xc7, 0x00, 0x00, 0x00, 0x00, 0xff, 0xd6, 0xff, 0xe2, 0xff, 0xee,
    0xff, 0xc5, 0xff, 0xe5, 0xff, 0xeb, 0xff, 0xf6, 0xff, 0xf0, 0xff, 0xfa, 0xff, 0xef, 0xff, 0xc6,
    0xff, 0xe2, 0xff, 0xca, 0xff, 0xea, 0xff, 0xd1, 0xff, 0xbb, 0xff, 0xf3, 0xff, 0xf0, 0x00, 0x00,
    0x00, 0x00, 0x00, 0x00, 0x00, 0x00, 0x00, 0x00, 0xff, 0xd2, 0xff, 0xfd, 0xff, 0xfc, 0xff, 0xd9,
    0xff, 0xfc, 0xff, 0xfc, 0x00, 0x00, 0x00, 0x00, 0x00, 0x00, 0x00, 0x00, 0x00, 0x00, 0x00, 0x00,
    0x00, 0x00, 0x00, 0x00, 0x00, 0x00, 0x00, 0x00, 0x00, 0x00, 0x00, 0x00, 0x00, 0x00, 0xff, 0xea,
    0x00, 0x00, 0x00, 0x00, 0xff, 0xe8, 0xff, 0xf4, 0x00, 0x00, 0x00, 0x00, 0x00, 0x00, 0x00, 0x00,
    0x00, 0x00, 0xff, 0xe8, 0x00, 0x00, 0xff, 0xec, 0x00, 0x00, 0xff, 0xee, 0xff, 0xda, 0x00, 0x00,
    0x00, 0x00, 0x00, 0x00, 0x00, 0x00, 0x00, 0x00, 0x00, 0x00, 0x00, 0x00, 0x00, 0x00, 0x00, 0x00,
    0x00, 0x00, 0x00, 0x00, 0x00, 0x00, 0x00, 0x00, 0x00, 0x00, 0x00, 0x00, 0x00, 0x00, 0x00, 0x00,
    0x00, 0x00, 0x00, 0x00, 0x00, 0x00, 0x00, 0x00, 0x00, 0x00, 0x00, 0x00, 0x00, 0x00, 0x00, 0x00,
    0x00, 0x00, 0x00, 0x00, 0x00, 0x00, 0x00, 0x00, 0x00, 0x00, 0xff, 0xe9, 0x00, 0x00, 0x00, 0x00,
    0xff, 0xe8, 0xff, 0xfb, 0x00, 0x00, 0xff, 0xe9, 0x00, 0x00, 0x00, 0x00, 0x00, 0x00, 0x00, 0x00,
    0xff, 0xe1, 0x00, 0x00, 0x00, 0x00, 0x00, 0x00, 0x00, 0x00, 0x00, 0x00, 0x00, 0x00, 0xff, 0xea,
    0x00, 0x00, 0x00, 0x00, 0x00, 0x00, 0x00, 0x00, 0x00, 0x00, 0x00, 0x00, 0x00, 0x00, 0x00, 0x00,
    0x00, 0x00, 0x00, 0x00, 0x00, 0x00, 0x00, 0x00, 0x00, 0x00, 0x00, 0x00, 0x00, 0x00, 0x00, 0x00,
    0x00, 0x00, 0x00, 0x00, 0x00, 0x00, 0x00, 0x00, 0x00, 0x00, 0x00, 0x00, 0x00, 0x00, 0xff, 0xfc,
    0x00, 0x00, 0x00, 0x00, 0x00, 0x01, 0xff, 0xef, 0x00, 0x00, 0x00, 0x00, 0x00, 0x00, 0x00, 0x00,
    0x00, 0x00, 0x00, 0x00, 0xff, 0xff, 0x00, 0x00, 0x00, 0x00, 0xff, 0xfb, 0xff, 0xef, 0x00, 0x00,
    0xff, 0xf9, 0xff, 0xeb, 0x00, 0x00, 0x00, 0x00, 0x00, 0x00, 0x00, 0x00, 0x00, 0x00, 0x00, 0x00,
    0xff, 0xef, 0x00, 0x00, 0x00, 0x00, 0x00, 0x00, 0x00, 0x00, 0x00, 0x00, 0x00, 0x00, 0x00, 0x00,
    0x00, 0x00, 0x00, 0x00, 0x00, 0x00, 0x00, 0x00, 0x00, 0x00, 0x00, 0x00, 0x00, 0x00, 0x00, 0x00,
    0x00, 0x00, 0xff, 0xfc, 0x00, 0x00, 0x00, 0x00, 0x00, 0x00, 0xff, 0xe7, 0x00, 0x00, 0x00, 0x00,
    0x00, 0x00, 0x00, 0x00, 0x00, 0x00, 0x00, 0x00, 0xff, 0xff, 0x00, 0x00, 0x00, 0x00, 0xff, 0xfa,
    0xff, 0xe5, 0x00, 0x00, 0xff, 0xed, 0xff, 0xe4, 0x00, 0x00, 0x00, 0x00, 0x00, 0x00, 0x00, 0x00,
    0x00, 0x00, 0x00, 0x00, 0xff, 0xe5, 0x00, 0x00, 0x00, 0x00, 0x00, 0x00, 0x00, 0x00, 0x00, 0x00,
    0x00, 0x00, 0x00, 0x00, 0x00, 0x00, 0x00, 0x00, 0x00, 0x00, 0xff, 0xde, 0xff, 0xc6, 0x00, 0x00,
    0x00, 0x00, 0x00, 0x00, 0x00, 0x00, 0x00, 0x04, 0x00, 0x00, 0x00, 0x00, 0xff, 0xc3, 0x00, 0x00,
    0x00, 0x00, 0x00, 0x00, 0x00, 0x00, 0x00, 0x00, 0x00, 0x00, 0x00, 0x00, 0x00, 0x0a, 0x00, 0x00,
    0x00, 0x00, 0x00, 0x00, 0x00, 0x00, 0x00, 0x00, 0x00, 0x00, 0xff, 0xc2, 0x00, 0x00, 0x00, 0x00,
    0x00, 0x00, 0x00, 0x00, 0x00, 0x00, 0x00, 0x00, 0x00, 0x00, 0x00, 0x00, 0x00, 0x00, 0x00, 0x00,
    0x00, 0x00, 0x00, 0x00, 0x00, 0x00, 0x00, 0x00, 0x00, 0x00, 0x00, 0x00, 0x00, 0x00, 0x00, 0x00,
    0x00, 0x00, 0x00, 0x00, 0x00, 0x00, 0x00, 0x00, 0x00, 0x00, 0xff, 0xf9, 0x00, 0x00, 0x00, 0x00,
    0xff, 0xf2, 0x00, 0x00, 0x00, 0x00, 0x00, 0x00, 0x00, 0x00, 0x00, 0x00, 0x00, 0x00, 0x00, 0x00,
    0xff, 0xec, 0x00, 0x00, 0x00, 0x00, 0x00, 0x00, 0x00, 0x00, 0x00, 0x00, 0x00, 0x00, 0x00, 0x00,
    0x00, 0x00, 0x00, 0x00, 0x00, 0x00, 0x00, 0x00, 0x00, 0x00, 0x00, 0x00, 0x00, 0x00, 0x00, 0x00,
    0x00, 0x00, 0x00, 0x00, 0x00, 0x00, 0x00, 0x00, 0x00, 0x00, 0x00, 0x00, 0x00, 0x00, 0x00, 0x00,
    0x00, 0x00, 0x00, 0x00, 0x00, 0x00, 0x00, 0x00, 0x00, 0x00, 0x00, 0x00, 0x00, 0x00, 0xff, 0xfc,
    0x00, 0x00, 0x00, 0x00, 0xff, 0xff, 0xff, 0xe6, 0x00, 0x00, 0x00, 0x00, 0x00, 0x00, 0x00, 0x00,
    0x00, 0x00, 0x00, 0x00, 0xff, 0xfe, 0x00, 0x00, 0x00, 0x00, 0xff, 0xf3, 0xff, 0xe5, 0x00, 0x00,
    0xff, 0xec, 0xff, 0xe1, 0x00, 0x00, 0x00, 0x00, 0x00, 0x00, 0x00, 0x00, 0x00, 0x00, 0x00, 0x00,
    0xff, 0xe5, 0x00, 0x00, 0x00, 0x00, 0x00, 0x00, 0x00, 0x00, 0x00, 0x00, 0x00, 0x00, 0x00, 0x00,
    0x00, 0x00, 0x00, 0x00, 0xff, 0xcc, 0x00, 0x00, 0x00, 0x00, 0x00, 0x00, 0x00, 0x00, 0x00, 0x00,
    0x00, 0x00, 0xff, 0xcb, 0x00, 0x00, 0x00, 0x00, 0x00, 0x00, 0xff, 0xea, 0x00, 0x00, 0xff, 0xbe,
    0x00, 0x00, 0x00, 0x00, 0x00, 0x00, 0x00, 0x00, 0xff, 0xab, 0x00, 0x00, 0x00, 0x00, 0xff, 0xeb,
    0xff, 0xed, 0x00, 0x00, 0x00, 0x00, 0x00, 0x00, 0x00, 0x00, 0x00, 0x00, 0x00, 0x00, 0x00, 0x00,
    0x00, 0x00, 0x00, 0x00, 0xff, 0xed, 0x00, 0x00, 0x00, 0x00, 0x00, 0x00, 0x00, 0x00, 0x00, 0x00,
    0x00, 0x00, 0x00, 0x00, 0x00, 0x00, 0x00, 0x00, 0x00, 0x00, 0xff, 0xf9, 0x00, 0x00, 0x00, 0x00,
    0x00, 0x00, 0x00, 0x00, 0x00, 0x00, 0xff, 0xf9, 0x00, 0x00, 0x00, 0x00, 0x00, 0x00, 0x00, 0x00,
    0x00, 0x00, 0x00, 0x00, 0x00, 0x00, 0x00, 0x00, 0x00, 0x00, 0x00, 0x00, 0xff, 0xed, 0x00, 0x00,
    0x00, 0x00, 0x00, 0x00, 0x00, 0x00, 0x00, 0x00, 0x00, 0x00, 0x00, 0x00, 0x00, 0x00, 0x00, 0x00,
    0x00, 0x00, 0x00, 0x00, 0x00, 0x00, 0x00, 0x00, 0x00, 0x00, 0x00, 0x00, 0x00, 0x00, 0x00, 0x00,
    0x00, 0x00, 0x00, 0x00, 0x00, 0x00, 0x00, 0x00, 0x00, 0x00, 0x00, 0x00, 0x00, 0x00, 0x00, 0x00,
    0x00, 0x00, 0x00, 0x00, 0x00, 0x00, 0x00, 0x00, 0x00, 0x00, 0xff, 0xf8, 0x00, 0x00, 0x00, 0x00,
    0xff, 0xf3, 0x00, 0x00, 0x00, 0x00, 0x00, 0x00, 0x00, 0x00, 0x00, 0x00, 0x00, 0x00, 0x00, 0x00,
    0xff, 0xe8, 0x00, 0x00, 0x00, 0x00, 0x00, 0x00, 0x00, 0x00, 0x00, 0x00, 0x00, 0x00, 0x00, 0x00,
    0x00, 0x00, 0x00, 0x00, 0x00, 0x00, 0x00, 0x00, 0x00, 0x00, 0x00, 0x00, 0x00, 0x00, 0x00, 0x00,
    0x00, 0x00, 0x00, 0x00, 0x00, 0x00, 0x00, 0x00, 0x00, 0x00, 0x00, 0x00, 0x00, 0x00, 0x00, 0x00,
    0x00, 0x00, 0x00, 0x00, 0x00, 0x00, 0x00, 0x00, 0x00, 0x00, 0x00, 0x00, 0x00, 0x00, 0x00, 0x00,
    0x00, 0x00, 0x00, 0x00, 0xff, 0xc1, 0xff, 0xf6, 0x00, 0x00, 0x00, 0x00, 0x00, 0x00, 0x00, 0x00,
    0x00, 0x00, 0x00, 0x00, 0x00, 0x07, 0x00, 0x00, 0x00, 0x00, 0x00, 0x00, 0xff, 0xfa, 0x00, 0x00,
    0x00, 0x00, 0xff, 0xc4, 0x00, 0x00, 0x00, 0x00, 0x00, 0x00, 0x00, 0x00, 0x00, 0x00, 0x00, 0x00,
    0xff, 0xfa, 0x00, 0x00, 0x00, 0x00, 0x00, 0x00, 0x00, 0x00, 0x00, 0x00, 0x00, 0x00, 0x00, 0x00,
    0x00, 0x00, 0x00, 0x00, 0x00, 0x00, 0x00, 0x00, 0x00, 0x00, 0x00, 0x00, 0x00, 0x00, 0x00, 0x00,
    0x00, 0x00, 0x00, 0x00, 0x00, 0x00, 0x00, 0x00, 0xff, 0xf2, 0x00, 0x00, 0x00, 0x00, 0x00, 0x00,
    0x00, 0x00, 0x00, 0x00, 0x00, 0x00, 0x00, 0x00, 0x00, 0x00, 0x00, 0x00, 0x00, 0x00, 0x00, 0x00,
    0x00, 0x00, 0x00, 0x00, 0x00, 0x00, 0x00, 0x00, 0x00, 0x00, 0x00, 0x00, 0x00, 0x00, 0x00, 0x00,
    0x00, 0x00, 0x00, 0x00, 0x00, 0x00, 0x00, 0x00, 0x00, 0x00, 0x00, 0x00, 0x00, 0x00, 0x00, 0x00,
    0x00, 0x00, 0x00, 0x00, 0x00, 0x00, 0x00, 0x00, 0x00, 0x00, 0xff, 0xc3, 0xff, 0x9a, 0x00, 0x05,
    0x00, 0x00, 0x00, 0x00, 0x00, 0x00, 0x00, 0x00, 0x00, 0x00, 0xff, 0xd4, 0xff, 0xbb, 0x00, 0x00,
    0xff, 0xc7, 0x00, 0x00, 0x00, 0x00, 0x00, 0x00, 0x00, 0x00, 0x00, 0x09, 0x00, 0x05, 0x00, 0x00,
    0xff, 0xbb, 0x00, 0x00, 0x00, 0x00, 0x00, 0x00, 0x00, 0x00, 0xff, 0x94, 0x00, 0x00, 0x00, 0x00,
    0x00, 0x00, 0x00, 0x00, 0x00, 0x00, 0x00, 0x00, 0x00, 0x00, 0xff, 0xca, 0xff, 0xd5, 0xff, 0xee,
    0x00, 0x00, 0x00, 0x00, 0x00, 0x00, 0x00, 0x00, 0x00, 0x00, 0x00, 0x00, 0xff, 0xcd, 0x00, 0x00,
    0x00, 0x00, 0x00, 0x00, 0x00, 0x00, 0x00, 0x06, 0x00, 0x00, 0xff, 0xd4, 0x00, 0x00, 0x00, 0x00,
    0x00, 0x1d, 0xff, 0xee, 0x00, 0x00, 0xff, 0xc7, 0x00, 0x00, 0x00, 0x00, 0x00, 0x00, 0x00, 0x00,
    0xff, 0xb3, 0x00, 0x00, 0x00, 0x00, 0xff, 0xf5, 0xff, 0xf7, 0x00, 0x00, 0x00, 0x00, 0x00, 0x00,
    0x00, 0x00, 0x00, 0x00, 0x00, 0x00, 0x00, 0x00, 0x00, 0x00, 0x00, 0x00, 0x00, 0x00, 0x00, 0x00,
    0x00, 0x00, 0x00, 0x00, 0x00, 0x00, 0x00, 0x00, 0x00, 0x00, 0x00, 0x00, 0x00, 0x00, 0x00, 0x00,
    0x00, 0x00, 0x00, 0x00, 0x00, 0x00, 0x00, 0x00, 0x00, 0x00, 0x00, 0x00, 0x00, 0x00, 0xff, 0xf0,
    0x00, 0x00, 0x00, 0x00, 0xff, 0xf0, 0x00, 0x00, 0x00, 0x00, 0xff, 0xee, 0x00, 0x00, 0x00, 0x00,
    0x00, 0x00, 0x00, 0x00, 0xff, 0xd4, 0x00, 0x00, 0x00, 0x00, 0x00, 0x00, 0x00, 0x00, 0x00, 0x00,
    0x00, 0x00, 0x00, 0x00, 0x00, 0x00, 0x00, 0x00, 0x00, 0x00, 0x00, 0x00, 0x00, 0x00, 0x00, 0x00,
    0x00, 0x00, 0x00, 0x00, 0x00, 0x00, 0x00, 0x00, 0x00, 0x00, 0x00, 0x00, 0x00, 0x00, 0x00, 0x00,
    0x00, 0x00, 0x00, 0x00, 0x00, 0x00, 0x00, 0x00, 0x00, 0x00, 0x00, 0x00, 0x00, 0x00, 0x00, 0x00,
    0x00, 0x00, 0xff, 0xf8, 0x00, 0x00, 0x00, 0x00, 0xff, 0xf2, 0x00, 0x00, 0x00, 0x00, 0x00, 0x00,
    0x00, 0x00, 0x00, 0x00, 0x00, 0x00, 0x00, 0x00, 0xff, 0xe7, 0x00, 0x00, 0x00, 0x00, 0x00, 0x00,
    0x00, 0x00, 0x00, 0x00, 0x00, 0x00, 0x00, 0x00, 0x00, 0x00, 0x00, 0x00, 0x00, 0x00, 0x00, 0x00,
    0x00, 0x00, 0x00, 0x00, 0x00, 0x00, 0x00, 0x00, 0x00, 0x00, 0x00, 0x00, 0x00, 0x00, 0x00, 0x00,
    0x00, 0x00, 0x00, 0x00, 0x00, 0x00, 0x00, 0x00, 0x00, 0x00, 0x00, 0x00, 0x00, 0x00, 0x00, 0x00,
    0x00, 0x00, 0x00, 0x00, 0x00, 0x00, 0x00, 0x00, 0x00, 0x00, 0x00, 0x00, 0xff, 0xc0, 0x00, 0x00,
    0x00, 0x00, 0x00, 0x0a, 0x00, 0x00, 0x00, 0x00, 0x00, 0x00, 0x00, 0x00, 0x00, 0x00, 0x00, 0x00,
    0x00, 0x00, 0x00, 0x00, 0x00, 0x00, 0x00, 0x00, 0x00, 0x00, 0xff, 0x8f, 0x00, 0x00, 0x00, 0x00,
    0x00, 0x00, 0x00, 0x00, 0x00, 0x00, 0x00, 0x00, 0x00, 0x00, 0x00, 0x00, 0x00, 0x00, 0x00, 0x00,
    0x00, 0x00, 0x00, 0x00, 0x00, 0x00, 0x00, 0x00, 0x00, 0x00, 0x00, 0x00, 0xff, 0x9d, 0x00, 0x00,
    0x00, 0x00, 0xff, 0xc4, 0x00, 0x00, 0x00, 0x00, 0xff, 0xc6, 0xff, 0xd6, 0xff, 0xc2, 0x00, 0x00,
    0x00, 0x00, 0xff, 0xf1, 0x00, 0x00, 0xff, 0xc6, 0x00, 0x00, 0xff, 0xca, 0x00, 0x00, 0xff, 0xd7,
    0xff, 0xb5, 0x00, 0x00, 0x00, 0x00, 0xff, 0xf4, 0xff, 0xfb, 0x00, 0x00, 0x00, 0x00, 0x00, 0x00,
    0xff, 0xe9, 0x00, 0x00, 0x00, 0x00, 0xff, 0xcc, 0x00, 0x00, 0x00, 0x00, 0xff, 0xfb, 0x00, 0x00,
    0x00, 0x00, 0x00, 0x00, 0xff, 0xf1, 0xff, 0xfb, 0xff, 0xfc, 0x00, 0x00, 0x00, 0x00, 0x00, 0x00,
    0xff, 0xee, 0x00, 0x00, 0x00, 0x00, 0x00, 0x00, 0x00, 0x00, 0x00, 0x00, 0x00, 0x00, 0xff, 0xed,
    0x00, 0x00, 0x00, 0x00, 0xff, 0xf4, 0x00, 0x00, 0x00, 0x00, 0xff, 0xea, 0x00, 0x00, 0x00, 0x00,
    0x00, 0x00, 0x00, 0x00, 0xff, 0xdf, 0x00, 0x00, 0x00, 0x00, 0x00, 0x00, 0x00, 0x00, 0x00, 0x00,
    0x00, 0x00, 0x00, 0x0a, 0x00, 0x00, 0x00, 0x00, 0x00, 0x00, 0x00, 0x00, 0x00, 0x00, 0x00, 0x00,
    0x00, 0x00, 0x00, 0x00, 0x00, 0x00, 0x00, 0x00, 0x00, 0x00, 0x00, 0x00, 0x00, 0x00, 0x00, 0x00,
    0x00, 0x00, 0x00, 0x00, 0x00, 0x00, 0x00, 0x00, 0xff, 0xfc, 0x00, 0x00, 0x00, 0x00, 0x00, 0x00,
    0x00, 0x00, 0xff, 0xf8, 0x00, 0x00, 0x00, 0x00, 0xff, 0xf0, 0x00, 0x00, 0x00, 0x00, 0x00, 0x00,
    0x00, 0x00, 0x00, 0x00, 0x00, 0x00, 0x00, 0x00, 0xff, 0xe7, 0x00, 0x00, 0x00, 0x00, 0x00, 0x00,
    0x00, 0x00, 0x00, 0x00, 0x00, 0x00, 0x00, 0x00, 0x00, 0x00, 0x00, 0x00, 0x00, 0x00, 0x00, 0x00,
    0x00, 0x00, 0x00, 0x00, 0x00, 0x00, 0x00, 0x00, 0x00, 0x00, 0x00, 0x00, 0x00, 0x00, 0x00, 0x00,
    0x00, 0x00, 0x00, 0x00, 0x00, 0x00, 0x00, 0x02, 0x00, 0x18, 0x00, 0x04, 0x00, 0x04, 0x00, 0x04,
    0x00, 0x06, 0x00, 0x06, 0x00, 0x0f, 0x00, 0x0a, 0x00, 0x0a, 0x00, 0x10, 0x00, 0x0b, 0x00, 0x0b,
    0x00, 0x0f, 0x00, 0x0c, 0x00, 0x0c, 0x00, 0x05, 0x00, 0x0e, 0x00, 0x0e, 0x00, 0x13, 0x00, 0x10,
    0x00, 0x10, 0x00, 0x14, 0x00, 0x11, 0x00, 0x11, 0x00, 0x02, 0x00, 0x12, 0x00, 0x12, 0x00, 0x14,
    0x00, 0x13, 0x00, 0x13, 0x00, 0x0d, 0x00, 0x14, 0x00, 0x14, 0x00, 0x16, 0x00, 0x16, 0x00, 0x16,
    0x00, 0x0b, 0x00, 0x17, 0x00, 0x17, 0x00, 0x0c, 0x00, 0x18, 0x00, 0x18, 0x00, 0x15, 0x00, 0x19,
    0x00, 0x19, 0x00, 0x0e, 0x00, 0x1a, 0x00, 0x1a, 0x00, 0x08, 0x00, 0x1b, 0x00, 0x1b, 0x00, 0x07,
    0x00, 0x1c, 0x00, 0x1c, 0x00, 0x12, 0x00, 0x1d, 0x00, 0x1d, 0x00, 0x01, 0x00, 0x1e, 0x00, 0x1f,
    0x00, 0x03, 0x00, 0x24, 0x00, 0x24, 0x00, 0x11, 0x00, 0x3f, 0x00, 0x3f, 0x00, 0x09, 0x00, 0x40,
    0x00, 0x40, 0x00, 0x0a, 0x00, 0x5f, 0x00, 0x5f, 0x00, 0x06, 0x00, 0x01, 0x00, 0x06, 0x00, 0xa1,
    0x00, 0x01, 0x00, 0x00, 0x00, 0x00, 0x00, 0x00, 0x00, 0x24, 0x00, 0x01, 0x00, 0x00, 0x00, 0x00,
    0x00, 0x00, 0x00, 0x00, 0x00, 0x03, 0x00, 0x02, 0x00, 0x03, 0x00, 0x22, 0x00, 0x27, 0x00, 0x1e,
    0x00, 0x1d, 0x00, 0x00, 0x00, 0x23, 0x00, 0x00, 0x00, 0x26, 0x00, 0x1b, 0x00, 0x00, 0x00, 0x1f,
    0x00, 0x29, 0x00, 0x29, 0x00, 0x00, 0x00, 0x00, 0x00, 0x00, 0x00, 0x00, 0x00, 0x28, 0x00, 0x0b,
    0x00, 0x18, 0x00, 0x17, 0x00, 0x18, 0x00, 0x18, 0x00, 0x18, 0x00, 0x17, 0x00, 0x18, 0x00, 0x18,
    0x00, 0x1a, 0x00, 0x18, 0x00, 0x18, 0x00, 0x18, 0x00, 0x18, 0x00, 0x17, 0x00, 0x18, 0x00, 0x17,
    0x00, 0x18, 0x00, 0x19, 0x00, 0x0e, 0x00, 0x16, 0x00, 0x04, 0x00, 0x08, 0x00, 0x0f, 0x00, 0x13,
    0x00, 0x06, 0x00, 0x00, 0x00, 0x00, 0x00, 0x00, 0x00, 0x00, 0x00, 0x00, 0x00, 0x00, 0x00, 0x0b,
    0x00, 0x18, 0x00, 0x17, 0x00, 0x18, 0x00, 0x18, 0x00, 0x18, 0x00, 0x17, 0x00, 0x18, 0x00, 0x18,
    0x00, 0x1a, 0x00, 0x18, 0x00, 0x18, 0x00, 0x18, 0x00, 0x18, 0x00, 0x17, 0x00, 0x18, 0x00, 0x17,
    0x00, 0x18, 0x00, 0x19, 0x00, 0x0e, 0x00, 0x16, 0x00, 0x04, 0x00, 0x08, 0x00, 0x0f, 0x00, 0x13,
    0x00, 0x06, 0x00, 0x00, 0x00, 0x00, 0x00, 0x00, 0x00, 0x00, 0x00, 0x00, 0x00, 0x15, 0x00, 0x00,
    0x00, 0x00, 0x00, 0x00, 0x00, 0x0d, 0x00, 0x00, 0x00, 0x11, 0x00, 0x1c, 0x00, 0x00, 0x00, 0x00,
    0x00, 0x00, 0x00, 0x0a, 0x00, 0x00, 0x00, 0x00, 0x00, 0x21, 0x00, 0x00, 0x00, 0x00, 0x00, 0x21,
    0x00, 0x07, 0x00, 0x12, 0x00, 0x25, 0x00, 0x05, 0x00, 0x00, 0x00, 0x09, 0x00, 0x00, 0x00, 0x00,
    0x00, 0x10, 0x00, 0x00, 0x00, 0x00, 0x00, 0x20, 0x00, 0x00, 0x00, 0x14, 0x00, 0x15, 0x00, 0x00,
    0x00, 0x00, 0x00, 0x00, 0x00, 0x0d, 0x00, 0x00, 0x00, 0x11, 0x00, 0x1c, 0x00, 0x00, 0x00, 0x00,
    0x00, 0x00, 0x00, 0x0a, 0x00, 0x00, 0x00, 0x00, 0x00, 0x21, 0x00, 0x00, 0x00, 0x00, 0x00, 0x21,
    0x00, 0x07, 0x00, 0x12, 0x00, 0x25, 0x00, 0x05, 0x00, 0x00, 0x00, 0x09, 0x00, 0x00, 0x00, 0x00,
    0x00, 0x10, 0x00, 0x00, 0x00, 0x00, 0x00, 0x20, 0x00, 0x00, 0x00, 0x14, 0x00, 0x00, 0x00, 0x0c,
    0x00, 0x0c, 0x00, 0x01, 0x00, 0x19, 0x00, 0x04, 0x00, 0x06, 0x00, 0x0a, 0x00, 0x0b, 0x00, 0x0c,
    0x00, 0x0e, 0x00, 0x10, 0x00, 0x11, 0x00, 0x12, 0x00, 0x13, 0x00, 0x14, 0x00, 0x16, 0x00, 0x17,
    0x00, 0x18, 0x00, 0x19, 0x00, 0x1a, 0x00, 0x1b, 0x00, 0x1c, 0x00, 0x1d, 0x00, 0x1e, 0x00, 0x1f,
    0x00, 0x24, 0x00, 0x3f, 0x00, 0x40, 0x00, 0x5f, 0x00, 0x00, 0x00, 0x01, 0x00, 0x00, 0x00, 0x00,
    0xcc, 0x3d, 0xa2, 0xcf, 0x00, 0x00, 0x00, 0x00, 0xd2, 0x6f, 0x20, 0x52, 0x00, 0x00, 0x00, 0x00,
    0xd2, 0x6f, 0x20, 0x53
};

inline constexpr std::size_t panton_black_caps_len = 43220;

#endif // PANTON_BLACK_CAPS_HPP_INCLUDED
